timestamp,request_count,bytes
1995-07-01 00:00:00-04:00,810,16430564
1995-07-01 00:15:00-04:00,945,18046060
1995-07-01 00:30:00-04:00,1006,22420824
1995-07-01 00:45:00-04:00,804,24088038
1995-07-01 01:00:00-04:00,750,17178646
1995-07-01 01:15:00-04:00,679,18621759
1995-07-01 01:30:00-04:00,833,25377107
1995-07-01 01:45:00-04:00,742,20395343
1995-07-01 02:00:00-04:00,697,14072828
1995-07-01 02:15:00-04:00,538,16074744
1995-07-01 02:30:00-04:00,534,13827603
1995-07-01 02:45:00-04:00,499,13185446
1995-07-01 03:00:00-04:00,501,9363978
1995-07-01 03:15:00-04:00,420,10795153
1995-07-01 03:30:00-04:00,398,8999235
1995-07-01 03:45:00-04:00,415,8134852
1995-07-01 04:00:00-04:00,409,8214982
1995-07-01 04:15:00-04:00,317,6252166
1995-07-01 04:30:00-04:00,405,7979117
1995-07-01 04:45:00-04:00,351,6873505
1995-07-01 05:00:00-04:00,284,8306767
1995-07-01 05:15:00-04:00,331,5903240
1995-07-01 05:30:00-04:00,336,6025407
1995-07-01 05:45:00-04:00,392,12857746
1995-07-01 06:00:00-04:00,373,10408483
1995-07-01 06:15:00-04:00,396,10583814
1995-07-01 06:30:00-04:00,417,8852321
1995-07-01 06:45:00-04:00,342,7743586
1995-07-01 07:00:00-04:00,301,5552823
1995-07-01 07:15:00-04:00,325,10495757
1995-07-01 07:30:00-04:00,436,8519726
1995-07-01 07:45:00-04:00,495,11383813
1995-07-01 08:00:00-04:00,428,12260679
1995-07-01 08:15:00-04:00,602,11852205
1995-07-01 08:30:00-04:00,457,11820446
1995-07-01 08:45:00-04:00,440,17322959
1995-07-01 09:00:00-04:00,354,9257613
1995-07-01 09:15:00-04:00,556,16215008
1995-07-01 09:30:00-04:00,570,19095804
1995-07-01 09:45:00-04:00,616,16579906
1995-07-01 10:00:00-04:00,722,15311553
1995-07-01 10:15:00-04:00,656,11871283
1995-07-01 10:30:00-04:00,786,18753854
1995-07-01 10:45:00-04:00,882,19831536
1995-07-01 11:00:00-04:00,983,20469853
1995-07-01 11:15:00-04:00,938,20569658
1995-07-01 11:30:00-04:00,718,21133021
1995-07-01 11:45:00-04:00,789,24078725
1995-07-01 12:00:00-04:00,793,23695128
1995-07-01 12:15:00-04:00,974,23973701
1995-07-01 12:30:00-04:00,209,6114242
1995-07-01 12:45:00-04:00,793,14171915
1995-07-01 13:00:00-04:00,786,17945328
1995-07-01 13:15:00-04:00,829,19067956
1995-07-01 13:30:00-04:00,566,14604788
1995-07-01 13:45:00-04:00,905,20714285
1995-07-01 14:00:00-04:00,744,20773189
1995-07-01 14:15:00-04:00,705,14889603
1995-07-01 14:30:00-04:00,779,16806326
1995-07-01 14:45:00-04:00,905,20776713
1995-07-01 15:00:00-04:00,704,22186581
1995-07-01 15:15:00-04:00,795,23969924
1995-07-01 15:30:00-04:00,813,30730242
1995-07-01 15:45:00-04:00,960,25572201
1995-07-01 16:00:00-04:00,683,20583103
1995-07-01 16:15:00-04:00,686,14905103
1995-07-01 16:30:00-04:00,869,25638502
1995-07-01 16:45:00-04:00,953,22258847
1995-07-01 17:00:00-04:00,937,23929210
1995-07-01 17:15:00-04:00,974,17913808
1995-07-01 17:30:00-04:00,1030,25978310
1995-07-01 17:45:00-04:00,730,24575401
1995-07-01 18:00:00-04:00,876,18101500
1995-07-01 18:15:00-04:00,860,21867818
1995-07-01 18:30:00-04:00,865,21858392
1995-07-01 18:45:00-04:00,591,18553283
1995-07-01 19:00:00-04:00,655,12812697
1995-07-01 19:15:00-04:00,861,20604623
1995-07-01 19:30:00-04:00,634,19866509
1995-07-01 19:45:00-04:00,681,18988754
1995-07-01 20:00:00-04:00,690,13217940
1995-07-01 20:15:00-04:00,769,18891085
1995-07-01 20:30:00-04:00,704,23026319
1995-07-01 20:45:00-04:00,795,20667216
1995-07-01 21:00:00-04:00,919,19417604
1995-07-01 21:15:00-04:00,939,21224341
1995-07-01 21:30:00-04:00,840,28926621
1995-07-01 21:45:00-04:00,804,24910960
1995-07-01 22:00:00-04:00,879,20835237
1995-07-01 22:15:00-04:00,827,22092352
1995-07-01 22:30:00-04:00,758,16717578
1995-07-01 22:45:00-04:00,814,19931118
1995-07-01 23:00:00-04:00,684,16975201
1995-07-01 23:15:00-04:00,901,20537492
1995-07-01 23:30:00-04:00,785,15726402
1995-07-01 23:45:00-04:00,483,10713055
1995-07-02 00:00:00-04:00,618,13750637
1995-07-02 00:15:00-04:00,749,14766642
1995-07-02 00:30:00-04:00,799,20431741
1995-07-02 00:45:00-04:00,692,15961953
1995-07-02 01:00:00-04:00,538,12599561
1995-07-02 01:15:00-04:00,701,16641818
1995-07-02 01:30:00-04:00,627,20236770
1995-07-02 01:45:00-04:00,704,15795478
1995-07-02 02:00:00-04:00,646,12839821
1995-07-02 02:15:00-04:00,585,11327005
1995-07-02 02:30:00-04:00,438,11435276
1995-07-02 02:45:00-04:00,387,11779886
1995-07-02 03:00:00-04:00,374,7140318
1995-07-02 03:15:00-04:00,302,8118153
1995-07-02 03:30:00-04:00,445,11139094
1995-07-02 03:45:00-04:00,384,10873055
1995-07-02 04:00:00-04:00,324,7194009
1995-07-02 04:15:00-04:00,317,6590805
1995-07-02 04:30:00-04:00,365,6272869
1995-07-02 04:45:00-04:00,280,6671294
1995-07-02 05:00:00-04:00,297,6400868
1995-07-02 05:15:00-04:00,379,5803665
1995-07-02 05:30:00-04:00,299,9211521
1995-07-02 05:45:00-04:00,316,11004755
1995-07-02 06:00:00-04:00,374,13529652
1995-07-02 06:15:00-04:00,342,9732560
1995-07-02 06:30:00-04:00,324,11720513
1995-07-02 06:45:00-04:00,253,9498898
1995-07-02 07:00:00-04:00,368,9305768
1995-07-02 07:15:00-04:00,299,6084189
1995-07-02 07:30:00-04:00,228,8263652
1995-07-02 07:45:00-04:00,334,6784519
1995-07-02 08:00:00-04:00,267,8551514
1995-07-02 08:15:00-04:00,408,8662853
1995-07-02 08:30:00-04:00,352,9762141
1995-07-02 08:45:00-04:00,405,12856901
1995-07-02 09:00:00-04:00,418,16575106
1995-07-02 09:15:00-04:00,391,14463375
1995-07-02 09:30:00-04:00,556,12503875
1995-07-02 09:45:00-04:00,530,18632787
1995-07-02 10:00:00-04:00,450,14356723
1995-07-02 10:15:00-04:00,561,15883599
1995-07-02 10:30:00-04:00,514,13317681
1995-07-02 10:45:00-04:00,599,12405581
1995-07-02 11:00:00-04:00,525,11822348
1995-07-02 11:15:00-04:00,557,14386351
1995-07-02 11:30:00-04:00,591,16131874
1995-07-02 11:45:00-04:00,777,18673533
1995-07-02 12:00:00-04:00,891,21031770
1995-07-02 12:15:00-04:00,605,23652482
1995-07-02 12:30:00-04:00,823,18180843
1995-07-02 12:45:00-04:00,787,25487363
1995-07-02 13:00:00-04:00,565,16642466
1995-07-02 13:15:00-04:00,806,20028220
1995-07-02 13:30:00-04:00,711,16300500
1995-07-02 13:45:00-04:00,833,18804617
1995-07-02 14:00:00-04:00,821,19783821
1995-07-02 14:15:00-04:00,701,21641369
1995-07-02 14:30:00-04:00,842,21917765
1995-07-02 14:45:00-04:00,699,18752916
1995-07-02 15:00:00-04:00,762,24717925
1995-07-02 15:15:00-04:00,699,14219835
1995-07-02 15:30:00-04:00,621,15913083
1995-07-02 15:45:00-04:00,656,18896364
1995-07-02 16:00:00-04:00,660,13369800
1995-07-02 16:15:00-04:00,810,15612706
1995-07-02 16:30:00-04:00,816,19162046
1995-07-02 16:45:00-04:00,869,15088213
1995-07-02 17:00:00-04:00,1046,23397631
1995-07-02 17:15:00-04:00,884,24301197
1995-07-02 17:30:00-04:00,751,26154158
1995-07-02 17:45:00-04:00,856,16878503
1995-07-02 18:00:00-04:00,782,31931691
1995-07-02 18:15:00-04:00,885,24354782
1995-07-02 18:30:00-04:00,801,25859637
1995-07-02 18:45:00-04:00,718,21124484
1995-07-02 19:00:00-04:00,817,19866461
1995-07-02 19:15:00-04:00,582,10023063
1995-07-02 19:30:00-04:00,714,15431093
1995-07-02 19:45:00-04:00,677,19596135
1995-07-02 20:00:00-04:00,817,18677253
1995-07-02 20:15:00-04:00,722,16473213
1995-07-02 20:30:00-04:00,707,15203188
1995-07-02 20:45:00-04:00,715,19073094
1995-07-02 21:00:00-04:00,867,21676527
1995-07-02 21:15:00-04:00,709,21523993
1995-07-02 21:30:00-04:00,968,25419482
1995-07-02 21:45:00-04:00,837,26040721
1995-07-02 22:00:00-04:00,778,21635429
1995-07-02 22:15:00-04:00,892,21199513
1995-07-02 22:30:00-04:00,942,21398269
1995-07-02 22:45:00-04:00,1118,19886726
1995-07-02 23:00:00-04:00,1162,20054135
1995-07-02 23:15:00-04:00,978,22782719
1995-07-02 23:30:00-04:00,847,18146666
1995-07-02 23:45:00-04:00,727,16573234
1995-07-03 00:00:00-04:00,687,21615549
1995-07-03 00:15:00-04:00,886,24055970
1995-07-03 00:30:00-04:00,720,18397762
1995-07-03 00:45:00-04:00,723,20117151
1995-07-03 01:00:00-04:00,578,12228732
1995-07-03 01:15:00-04:00,645,21197563
1995-07-03 01:30:00-04:00,643,18114028
1995-07-03 01:45:00-04:00,529,10501358
1995-07-03 02:00:00-04:00,578,13837490
1995-07-03 02:15:00-04:00,579,14659498
1995-07-03 02:30:00-04:00,491,9652025
1995-07-03 02:45:00-04:00,557,11527976
1995-07-03 03:00:00-04:00,428,14585952
1995-07-03 03:15:00-04:00,453,11227528
1995-07-03 03:30:00-04:00,578,14344940
1995-07-03 03:45:00-04:00,582,20724360
1995-07-03 04:00:00-04:00,429,15656555
1995-07-03 04:15:00-04:00,414,11194693
1995-07-03 04:30:00-04:00,297,4466354
1995-07-03 04:45:00-04:00,399,10525532
1995-07-03 05:00:00-04:00,396,11113119
1995-07-03 05:15:00-04:00,388,8818976
1995-07-03 05:30:00-04:00,457,11370614
1995-07-03 05:45:00-04:00,509,11790126
1995-07-03 06:00:00-04:00,444,11137806
1995-07-03 06:15:00-04:00,368,11038579
1995-07-03 06:30:00-04:00,404,12848450
1995-07-03 06:45:00-04:00,487,16115355
1995-07-03 07:00:00-04:00,682,14980632
1995-07-03 07:15:00-04:00,662,16365544
1995-07-03 07:30:00-04:00,793,17300513
1995-07-03 07:45:00-04:00,725,15553335
1995-07-03 08:00:00-04:00,899,19647180
1995-07-03 08:15:00-04:00,765,19966458
1995-07-03 08:30:00-04:00,961,25915101
1995-07-03 08:45:00-04:00,1047,24862569
1995-07-03 09:00:00-04:00,1054,21872499
1995-07-03 09:15:00-04:00,1028,19480674
1995-07-03 09:30:00-04:00,1355,22250485
1995-07-03 09:45:00-04:00,1373,25612474
1995-07-03 10:00:00-04:00,1035,21854913
1995-07-03 10:15:00-04:00,1324,26185155
1995-07-03 10:30:00-04:00,963,16383479
1995-07-03 10:45:00-04:00,1207,20682893
1995-07-03 11:00:00-04:00,1217,24750534
1995-07-03 11:15:00-04:00,1289,25696285
1995-07-03 11:30:00-04:00,1170,26192401
1995-07-03 11:45:00-04:00,1115,33499824
1995-07-03 12:00:00-04:00,1120,27125784
1995-07-03 12:15:00-04:00,1424,25630012
1995-07-03 12:30:00-04:00,1368,32782424
1995-07-03 12:45:00-04:00,1623,32162188
1995-07-03 13:00:00-04:00,1445,24963946
1995-07-03 13:15:00-04:00,1442,30010093
1995-07-03 13:30:00-04:00,1526,33570102
1995-07-03 13:45:00-04:00,1607,31977201
1995-07-03 14:00:00-04:00,1512,36671582
1995-07-03 14:15:00-04:00,1549,29140097
1995-07-03 14:30:00-04:00,1027,22305451
1995-07-03 14:45:00-04:00,1427,32732975
1995-07-03 15:00:00-04:00,1375,32430237
1995-07-03 15:15:00-04:00,1211,26803520
1995-07-03 15:30:00-04:00,1382,29585337
1995-07-03 15:45:00-04:00,1642,41178783
1995-07-03 16:00:00-04:00,1271,28003355
1995-07-03 16:15:00-04:00,1536,32724582
1995-07-03 16:30:00-04:00,1399,32342228
1995-07-03 16:45:00-04:00,1182,23655077
1995-07-03 17:00:00-04:00,1408,38665466
1995-07-03 17:15:00-04:00,1188,29074853
1995-07-03 17:30:00-04:00,1002,20526323
1995-07-03 17:45:00-04:00,947,35148270
1995-07-03 18:00:00-04:00,747,17246465
1995-07-03 18:15:00-04:00,880,21870801
1995-07-03 18:30:00-04:00,906,19847589
1995-07-03 18:45:00-04:00,911,22785294
1995-07-03 19:00:00-04:00,807,23488191
1995-07-03 19:15:00-04:00,873,17303403
1995-07-03 19:30:00-04:00,881,19347877
1995-07-03 19:45:00-04:00,1151,27980591
1995-07-03 20:00:00-04:00,912,21554837
1995-07-03 20:15:00-04:00,932,23949384
1995-07-03 20:30:00-04:00,868,22310776
1995-07-03 20:45:00-04:00,1048,22303857
1995-07-03 21:00:00-04:00,917,31290077
1995-07-03 21:15:00-04:00,969,25180538
1995-07-03 21:30:00-04:00,979,20859462
1995-07-03 21:45:00-04:00,967,24306048
1995-07-03 22:00:00-04:00,800,17337655
1995-07-03 22:15:00-04:00,777,21097586
1995-07-03 22:30:00-04:00,828,21112859
1995-07-03 22:45:00-04:00,792,22146911
1995-07-03 23:00:00-04:00,806,17165526
1995-07-03 23:15:00-04:00,954,21919475
1995-07-03 23:30:00-04:00,1107,19329676
1995-07-03 23:45:00-04:00,846,22466610
1995-07-04 00:00:00-04:00,701,15674309
1995-07-04 00:15:00-04:00,867,22490580
1995-07-04 00:30:00-04:00,811,23952322
1995-07-04 00:45:00-04:00,764,17163974
1995-07-04 01:00:00-04:00,752,20687138
1995-07-04 01:15:00-04:00,743,14609290
1995-07-04 01:30:00-04:00,661,11503064
1995-07-04 01:45:00-04:00,665,14565666
1995-07-04 02:00:00-04:00,797,21712290
1995-07-04 02:15:00-04:00,755,19644261
1995-07-04 02:30:00-04:00,479,10992148
1995-07-04 02:45:00-04:00,499,8876433
1995-07-04 03:00:00-04:00,631,15923754
1995-07-04 03:15:00-04:00,443,11081824
1995-07-04 03:30:00-04:00,497,9862558
1995-07-04 03:45:00-04:00,422,12785715
1995-07-04 04:00:00-04:00,444,9081886
1995-07-04 04:15:00-04:00,419,8379935
1995-07-04 04:30:00-04:00,460,12041296
1995-07-04 04:45:00-04:00,420,11368433
1995-07-04 05:00:00-04:00,396,9372498
1995-07-04 05:15:00-04:00,432,8471972
1995-07-04 05:30:00-04:00,422,8964586
1995-07-04 05:45:00-04:00,483,13901389
1995-07-04 06:00:00-04:00,459,11015544
1995-07-04 06:15:00-04:00,400,9864424
1995-07-04 06:30:00-04:00,415,12744675
1995-07-04 06:45:00-04:00,435,9701480
1995-07-04 07:00:00-04:00,394,7303291
1995-07-04 07:15:00-04:00,614,9555416
1995-07-04 07:30:00-04:00,557,11899705
1995-07-04 07:45:00-04:00,607,15244827
1995-07-04 08:00:00-04:00,675,12264421
1995-07-04 08:15:00-04:00,876,21157820
1995-07-04 08:30:00-04:00,631,16278034
1995-07-04 08:45:00-04:00,824,21141182
1995-07-04 09:00:00-04:00,675,19772689
1995-07-04 09:15:00-04:00,842,16804220
1995-07-04 09:30:00-04:00,787,19457575
1995-07-04 09:45:00-04:00,755,22992224
1995-07-04 10:00:00-04:00,932,21217900
1995-07-04 10:15:00-04:00,677,17547780
1995-07-04 10:30:00-04:00,957,24568609
1995-07-04 10:45:00-04:00,1017,23849792
1995-07-04 11:00:00-04:00,957,27563081
1995-07-04 11:15:00-04:00,866,21633160
1995-07-04 11:30:00-04:00,939,23320913
1995-07-04 11:45:00-04:00,822,23549335
1995-07-04 12:00:00-04:00,868,26488982
1995-07-04 12:15:00-04:00,785,24436030
1995-07-04 12:30:00-04:00,851,17954551
1995-07-04 12:45:00-04:00,898,21783387
1995-07-04 13:00:00-04:00,963,26327979
1995-07-04 13:15:00-04:00,872,18456097
1995-07-04 13:30:00-04:00,840,22935017
1995-07-04 13:45:00-04:00,875,22096350
1995-07-04 14:00:00-04:00,751,24151011
1995-07-04 14:15:00-04:00,744,20232451
1995-07-04 14:30:00-04:00,745,28756407
1995-07-04 14:45:00-04:00,1038,25153132
1995-07-04 15:00:00-04:00,919,26038919
1995-07-04 15:15:00-04:00,998,30800958
1995-07-04 15:30:00-04:00,1067,24079805
1995-07-04 15:45:00-04:00,1190,33232043
1995-07-04 16:00:00-04:00,1018,32222387
1995-07-04 16:15:00-04:00,932,22654022
1995-07-04 16:30:00-04:00,913,27663950
1995-07-04 16:45:00-04:00,716,16359576
1995-07-04 17:00:00-04:00,1078,21424352
1995-07-04 17:15:00-04:00,909,26371879
1995-07-04 17:30:00-04:00,888,21533941
1995-07-04 17:45:00-04:00,818,26409647
1995-07-04 18:00:00-04:00,752,18387612
1995-07-04 18:15:00-04:00,817,20157111
1995-07-04 18:30:00-04:00,653,19090257
1995-07-04 18:45:00-04:00,690,17660446
1995-07-04 19:00:00-04:00,637,11839748
1995-07-04 19:15:00-04:00,712,19065780
1995-07-04 19:30:00-04:00,780,19192462
1995-07-04 19:45:00-04:00,826,19165901
1995-07-04 20:00:00-04:00,559,11123678
1995-07-04 20:15:00-04:00,666,12488525
1995-07-04 20:30:00-04:00,644,15930762
1995-07-04 20:45:00-04:00,814,18615853
1995-07-04 21:00:00-04:00,642,13879190
1995-07-04 21:15:00-04:00,568,17871841
1995-07-04 21:30:00-04:00,826,16936777
1995-07-04 21:45:00-04:00,635,14747036
1995-07-04 22:00:00-04:00,767,17643623
1995-07-04 22:15:00-04:00,615,13982279
1995-07-04 22:30:00-04:00,796,16558798
1995-07-04 22:45:00-04:00,763,18813858
1995-07-04 23:00:00-04:00,728,15768629
1995-07-04 23:15:00-04:00,941,17783538
1995-07-04 23:30:00-04:00,900,19421654
1995-07-04 23:45:00-04:00,969,17229734
1995-07-05 00:00:00-04:00,666,13494504
1995-07-05 00:15:00-04:00,597,13952484
1995-07-05 00:30:00-04:00,626,15421056
1995-07-05 00:45:00-04:00,616,12000863
1995-07-05 01:00:00-04:00,528,10382058
1995-07-05 01:15:00-04:00,391,6550466
1995-07-05 01:30:00-04:00,547,13098036
1995-07-05 01:45:00-04:00,566,11743934
1995-07-05 02:00:00-04:00,493,10078511
1995-07-05 02:15:00-04:00,501,8298265
1995-07-05 02:30:00-04:00,538,11266517
1995-07-05 02:45:00-04:00,401,6017938
1995-07-05 03:00:00-04:00,498,8095588
1995-07-05 03:15:00-04:00,583,12599642
1995-07-05 03:30:00-04:00,521,9917704
1995-07-05 03:45:00-04:00,396,11929911
1995-07-05 04:00:00-04:00,468,8035455
1995-07-05 04:15:00-04:00,307,7897351
1995-07-05 04:30:00-04:00,370,8964310
1995-07-05 04:45:00-04:00,334,5404644
1995-07-05 05:00:00-04:00,306,6215778
1995-07-05 05:15:00-04:00,459,7874619
1995-07-05 05:30:00-04:00,447,11182401
1995-07-05 05:45:00-04:00,422,6976598
1995-07-05 06:00:00-04:00,402,9306073
1995-07-05 06:15:00-04:00,449,9960649
1995-07-05 06:30:00-04:00,491,11685195
1995-07-05 06:45:00-04:00,479,9372318
1995-07-05 07:00:00-04:00,639,13523623
1995-07-05 07:15:00-04:00,573,17388612
1995-07-05 07:30:00-04:00,809,19965815
1995-07-05 07:45:00-04:00,975,33579456
1995-07-05 08:00:00-04:00,754,20167057
1995-07-05 08:15:00-04:00,931,27228163
1995-07-05 08:30:00-04:00,1079,22072171
1995-07-05 08:45:00-04:00,1060,27088257
1995-07-05 09:00:00-04:00,907,14732636
1995-07-05 09:15:00-04:00,1040,19413126
1995-07-05 09:30:00-04:00,1295,32548322
1995-07-05 09:45:00-04:00,1214,26555637
1995-07-05 10:00:00-04:00,1234,36540618
1995-07-05 10:15:00-04:00,1092,24053207
1995-07-05 10:30:00-04:00,1376,22344489
1995-07-05 10:45:00-04:00,1272,24448292
1995-07-05 11:00:00-04:00,1331,17495129
1995-07-05 11:15:00-04:00,1666,29388451
1995-07-05 11:30:00-04:00,1436,26420826
1995-07-05 11:45:00-04:00,1742,37463383
1995-07-05 12:00:00-04:00,1411,30955449
1995-07-05 12:15:00-04:00,1554,34661009
1995-07-05 12:30:00-04:00,1794,37611653
1995-07-05 12:45:00-04:00,1406,23908332
1995-07-05 13:00:00-04:00,1528,28817325
1995-07-05 13:15:00-04:00,892,22459328
1995-07-05 13:30:00-04:00,973,24832836
1995-07-05 13:45:00-04:00,1722,32739130
1995-07-05 14:00:00-04:00,1821,34968125
1995-07-05 14:15:00-04:00,2065,45873132
1995-07-05 14:30:00-04:00,2113,40107242
1995-07-05 14:45:00-04:00,2035,43461145
1995-07-05 15:00:00-04:00,1851,38264752
1995-07-05 15:15:00-04:00,1947,44932131
1995-07-05 15:30:00-04:00,1671,37142148
1995-07-05 15:45:00-04:00,1288,30937487
1995-07-05 16:00:00-04:00,1775,36733393
1995-07-05 16:15:00-04:00,2017,41614003
1995-07-05 16:30:00-04:00,1581,45271468
1995-07-05 16:45:00-04:00,1838,38529052
1995-07-05 17:00:00-04:00,1292,33060225
1995-07-05 17:15:00-04:00,1334,29743498
1995-07-05 17:30:00-04:00,866,20971588
1995-07-05 17:45:00-04:00,1234,31198146
1995-07-05 18:00:00-04:00,1034,27372051
1995-07-05 18:15:00-04:00,1099,22384492
1995-07-05 18:30:00-04:00,1112,28025349
1995-07-05 18:45:00-04:00,998,24439531
1995-07-05 19:00:00-04:00,1299,22956059
1995-07-05 19:15:00-04:00,895,22298017
1995-07-05 19:30:00-04:00,994,34137968
1995-07-05 19:45:00-04:00,800,17826446
1995-07-05 20:00:00-04:00,723,17016486
1995-07-05 20:15:00-04:00,769,14890541
1995-07-05 20:30:00-04:00,877,15710355
1995-07-05 20:45:00-04:00,765,12823459
1995-07-05 21:00:00-04:00,695,11952988
1995-07-05 21:15:00-04:00,982,20199330
1995-07-05 21:30:00-04:00,817,17620483
1995-07-05 21:45:00-04:00,643,13269402
1995-07-05 22:00:00-04:00,826,15898706
1995-07-05 22:15:00-04:00,778,18438620
1995-07-05 22:30:00-04:00,793,14388442
1995-07-05 22:45:00-04:00,809,20296950
1995-07-05 23:00:00-04:00,759,14317202
1995-07-05 23:15:00-04:00,792,18037249
1995-07-05 23:30:00-04:00,736,15369290
1995-07-05 23:45:00-04:00,745,12639703
1995-07-06 00:00:00-04:00,659,15946856
1995-07-06 00:15:00-04:00,590,11628560
1995-07-06 00:30:00-04:00,748,15186778
1995-07-06 00:45:00-04:00,661,11681014
1995-07-06 01:00:00-04:00,421,13524222
1995-07-06 01:15:00-04:00,488,15308071
1995-07-06 01:30:00-04:00,522,13088263
1995-07-06 01:45:00-04:00,517,10266982
1995-07-06 02:00:00-04:00,410,8851147
1995-07-06 02:15:00-04:00,557,9487655
1995-07-06 02:30:00-04:00,395,12531347
1995-07-06 02:45:00-04:00,443,6214676
1995-07-06 03:00:00-04:00,362,5198860
1995-07-06 03:15:00-04:00,426,7016862
1995-07-06 03:30:00-04:00,355,7881012
1995-07-06 03:45:00-04:00,396,8311978
1995-07-06 04:00:00-04:00,430,8368692
1995-07-06 04:15:00-04:00,354,8306891
1995-07-06 04:30:00-04:00,294,4663303
1995-07-06 04:45:00-04:00,351,5901820
1995-07-06 05:00:00-04:00,407,6825520
1995-07-06 05:15:00-04:00,527,7591535
1995-07-06 05:30:00-04:00,405,8591600
1995-07-06 05:45:00-04:00,313,4509333
1995-07-06 06:00:00-04:00,372,7119701
1995-07-06 06:15:00-04:00,468,9569375
1995-07-06 06:30:00-04:00,516,10897653
1995-07-06 06:45:00-04:00,474,6846418
1995-07-06 07:00:00-04:00,504,9421915
1995-07-06 07:15:00-04:00,739,19161728
1995-07-06 07:30:00-04:00,723,14659374
1995-07-06 07:45:00-04:00,789,15198481
1995-07-06 08:00:00-04:00,1122,28647556
1995-07-06 08:15:00-04:00,876,22759279
1995-07-06 08:30:00-04:00,1085,25641492
1995-07-06 08:45:00-04:00,1117,23278882
1995-07-06 09:00:00-04:00,1189,28013984
1995-07-06 09:15:00-04:00,1418,22962287
1995-07-06 09:30:00-04:00,1339,29098140
1995-07-06 09:45:00-04:00,1065,29523919
1995-07-06 10:00:00-04:00,1275,28995230
1995-07-06 10:15:00-04:00,1418,36350629
1995-07-06 10:30:00-04:00,1572,38077859
1995-07-06 10:45:00-04:00,1550,35908048
1995-07-06 11:00:00-04:00,1498,31713109
1995-07-06 11:15:00-04:00,1693,36790858
1995-07-06 11:30:00-04:00,1700,37607663
1995-07-06 11:45:00-04:00,1531,32292389
1995-07-06 12:00:00-04:00,1458,28949910
1995-07-06 12:15:00-04:00,1591,42432272
1995-07-06 12:30:00-04:00,1659,45010432
1995-07-06 12:45:00-04:00,1697,37917205
1995-07-06 13:00:00-04:00,1745,38713965
1995-07-06 13:15:00-04:00,1659,46845463
1995-07-06 13:30:00-04:00,1716,28340010
1995-07-06 13:45:00-04:00,1806,44836915
1995-07-06 14:00:00-04:00,1786,41826183
1995-07-06 14:15:00-04:00,1832,38570765
1995-07-06 14:30:00-04:00,1578,32137389
1995-07-06 14:45:00-04:00,1728,39300642
1995-07-06 15:00:00-04:00,1803,38071525
1995-07-06 15:15:00-04:00,1643,26122875
1995-07-06 15:30:00-04:00,1758,34807480
1995-07-06 15:45:00-04:00,1857,40900456
1995-07-06 16:00:00-04:00,1803,35179517
1995-07-06 16:15:00-04:00,1528,30709542
1995-07-06 16:30:00-04:00,1650,29164000
1995-07-06 16:45:00-04:00,1697,33370299
1995-07-06 17:00:00-04:00,1274,32922486
1995-07-06 17:15:00-04:00,1320,24816344
1995-07-06 17:30:00-04:00,1360,29222227
1995-07-06 17:45:00-04:00,1525,35728169
1995-07-06 18:00:00-04:00,1235,33533393
1995-07-06 18:15:00-04:00,1180,32205346
1995-07-06 18:30:00-04:00,1044,29939981
1995-07-06 18:45:00-04:00,1328,29657803
1995-07-06 19:00:00-04:00,1086,21105140
1995-07-06 19:15:00-04:00,1000,28271706
1995-07-06 19:30:00-04:00,1036,23142604
1995-07-06 19:45:00-04:00,1105,22747591
1995-07-06 20:00:00-04:00,1152,24571503
1995-07-06 20:15:00-04:00,990,17187025
1995-07-06 20:30:00-04:00,1102,20340848
1995-07-06 20:45:00-04:00,816,15648835
1995-07-06 21:00:00-04:00,996,22493817
1995-07-06 21:15:00-04:00,654,13376728
1995-07-06 21:30:00-04:00,644,13175380
1995-07-06 21:45:00-04:00,1186,18439396
1995-07-06 22:00:00-04:00,1021,21471953
1995-07-06 22:15:00-04:00,1033,26616872
1995-07-06 22:30:00-04:00,896,20142850
1995-07-06 22:45:00-04:00,1011,20494098
1995-07-06 23:00:00-04:00,860,24045490
1995-07-06 23:15:00-04:00,963,23231941
1995-07-06 23:30:00-04:00,1191,24012622
1995-07-06 23:45:00-04:00,894,29843892
1995-07-07 00:00:00-04:00,746,12861537
1995-07-07 00:15:00-04:00,750,16433229
1995-07-07 00:30:00-04:00,638,18528666
1995-07-07 00:45:00-04:00,557,7873090
1995-07-07 01:00:00-04:00,493,9230013
1995-07-07 01:15:00-04:00,696,13582185
1995-07-07 01:30:00-04:00,838,21593907
1995-07-07 01:45:00-04:00,612,11845083
1995-07-07 02:00:00-04:00,531,11134274
1995-07-07 02:15:00-04:00,510,14480894
1995-07-07 02:30:00-04:00,567,10444232
1995-07-07 02:45:00-04:00,581,11272719
1995-07-07 03:00:00-04:00,447,8410745
1995-07-07 03:15:00-04:00,400,11280005
1995-07-07 03:30:00-04:00,441,9665144
1995-07-07 03:45:00-04:00,302,7633368
1995-07-07 04:00:00-04:00,357,5680862
1995-07-07 04:15:00-04:00,379,6786385
1995-07-07 04:30:00-04:00,398,6040810
1995-07-07 04:45:00-04:00,227,6487958
1995-07-07 05:00:00-04:00,217,4268803
1995-07-07 05:15:00-04:00,314,8305565
1995-07-07 05:30:00-04:00,260,7136210
1995-07-07 05:45:00-04:00,168,4440997
1995-07-07 06:00:00-04:00,285,6891349
1995-07-07 06:15:00-04:00,306,5036503
1995-07-07 06:30:00-04:00,313,9247686
1995-07-07 06:45:00-04:00,264,8239415
1995-07-07 07:00:00-04:00,298,6444237
1995-07-07 07:15:00-04:00,378,7930668
1995-07-07 07:30:00-04:00,679,14546771
1995-07-07 07:45:00-04:00,965,17694960
1995-07-07 08:00:00-04:00,1018,24531044
1995-07-07 08:15:00-04:00,1113,22312449
1995-07-07 08:30:00-04:00,1356,28959406
1995-07-07 08:45:00-04:00,1356,27726150
1995-07-07 09:00:00-04:00,1328,29493633
1995-07-07 09:15:00-04:00,1489,25376024
1995-07-07 09:30:00-04:00,1284,26613974
1995-07-07 09:45:00-04:00,1305,22800033
1995-07-07 10:00:00-04:00,1581,31397459
1995-07-07 10:15:00-04:00,1672,40011385
1995-07-07 10:30:00-04:00,1227,30067208
1995-07-07 10:45:00-04:00,1464,24319957
1995-07-07 11:00:00-04:00,1547,26311162
1995-07-07 11:15:00-04:00,1552,44856628
1995-07-07 11:30:00-04:00,1694,40259288
1995-07-07 11:45:00-04:00,1743,39545536
1995-07-07 12:00:00-04:00,1488,26374685
1995-07-07 12:15:00-04:00,1787,28453364
1995-07-07 12:30:00-04:00,1680,41415613
1995-07-07 12:45:00-04:00,1829,42000801
1995-07-07 13:00:00-04:00,1493,35013047
1995-07-07 13:15:00-04:00,1577,37900524
1995-07-07 13:30:00-04:00,1394,47623971
1995-07-07 13:45:00-04:00,1498,36844590
1995-07-07 14:00:00-04:00,984,30007348
1995-07-07 14:15:00-04:00,1431,29290294
1995-07-07 14:30:00-04:00,1156,23555118
1995-07-07 14:45:00-04:00,1143,28613456
1995-07-07 15:00:00-04:00,1422,35413325
1995-07-07 15:15:00-04:00,1419,26981547
1995-07-07 15:30:00-04:00,1420,36425245
1995-07-07 15:45:00-04:00,1491,33377204
1995-07-07 16:00:00-04:00,1610,30931035
1995-07-07 16:15:00-04:00,1346,40525553
1995-07-07 16:30:00-04:00,1235,29615076
1995-07-07 16:45:00-04:00,1258,30932558
1995-07-07 17:00:00-04:00,1267,28363136
1995-07-07 17:15:00-04:00,1163,23178044
1995-07-07 17:30:00-04:00,1333,27031919
1995-07-07 17:45:00-04:00,1236,28369381
1995-07-07 18:00:00-04:00,931,18890262
1995-07-07 18:15:00-04:00,1024,25796438
1995-07-07 18:30:00-04:00,756,16848138
1995-07-07 18:45:00-04:00,622,17393892
1995-07-07 19:00:00-04:00,650,13075862
1995-07-07 19:15:00-04:00,635,11158665
1995-07-07 19:30:00-04:00,510,12560622
1995-07-07 19:45:00-04:00,759,15230486
1995-07-07 20:00:00-04:00,679,11436542
1995-07-07 20:15:00-04:00,605,12556483
1995-07-07 20:30:00-04:00,700,15850462
1995-07-07 20:45:00-04:00,696,13299356
1995-07-07 21:00:00-04:00,525,12000463
1995-07-07 21:15:00-04:00,554,15606532
1995-07-07 21:30:00-04:00,648,16304212
1995-07-07 21:45:00-04:00,723,16570617
1995-07-07 22:00:00-04:00,642,17226338
1995-07-07 22:15:00-04:00,644,15785931
1995-07-07 22:30:00-04:00,619,14133720
1995-07-07 22:45:00-04:00,558,12253067
1995-07-07 23:00:00-04:00,457,13155759
1995-07-07 23:15:00-04:00,601,14873044
1995-07-07 23:30:00-04:00,693,13878547
1995-07-07 23:45:00-04:00,696,22144919
1995-07-08 00:00:00-04:00,527,11642687
1995-07-08 00:15:00-04:00,584,10967470
1995-07-08 00:30:00-04:00,614,11597472
1995-07-08 00:45:00-04:00,661,17533085
1995-07-08 01:00:00-04:00,645,13786922
1995-07-08 01:15:00-04:00,289,7771497
1995-07-08 01:30:00-04:00,322,5129367
1995-07-08 01:45:00-04:00,451,11927512
1995-07-08 02:00:00-04:00,472,10253578
1995-07-08 02:15:00-04:00,293,11565091
1995-07-08 02:30:00-04:00,280,6442016
1995-07-08 02:45:00-04:00,234,2604478
1995-07-08 03:00:00-04:00,192,5042221
1995-07-08 03:15:00-04:00,224,4758645
1995-07-08 03:30:00-04:00,253,8448835
1995-07-08 03:45:00-04:00,208,6655988
1995-07-08 04:00:00-04:00,224,4008521
1995-07-08 04:15:00-04:00,168,4211812
1995-07-08 04:30:00-04:00,154,2412810
1995-07-08 04:45:00-04:00,102,2088168
1995-07-08 05:00:00-04:00,267,5182961
1995-07-08 05:15:00-04:00,166,2643034
1995-07-08 05:30:00-04:00,241,8824780
1995-07-08 05:45:00-04:00,192,7766251
1995-07-08 06:00:00-04:00,171,8387555
1995-07-08 06:15:00-04:00,227,5370133
1995-07-08 06:30:00-04:00,243,7573099
1995-07-08 06:45:00-04:00,153,4124336
1995-07-08 07:00:00-04:00,209,6693679
1995-07-08 07:15:00-04:00,284,4973359
1995-07-08 07:30:00-04:00,201,8414939
1995-07-08 07:45:00-04:00,201,4413705
1995-07-08 08:00:00-04:00,179,5616995
1995-07-08 08:15:00-04:00,168,4576042
1995-07-08 08:30:00-04:00,270,3583471
1995-07-08 08:45:00-04:00,393,7892526
1995-07-08 09:00:00-04:00,285,9155930
1995-07-08 09:15:00-04:00,315,9833332
1995-07-08 09:30:00-04:00,373,6826754
1995-07-08 09:45:00-04:00,303,8431999
1995-07-08 10:00:00-04:00,469,10906795
1995-07-08 10:15:00-04:00,542,9836286
1995-07-08 10:30:00-04:00,470,10448249
1995-07-08 10:45:00-04:00,388,9448822
1995-07-08 11:00:00-04:00,375,7761865
1995-07-08 11:15:00-04:00,440,8277444
1995-07-08 11:30:00-04:00,319,6734365
1995-07-08 11:45:00-04:00,424,10840179
1995-07-08 12:00:00-04:00,487,9783061
1995-07-08 12:15:00-04:00,504,13782220
1995-07-08 12:30:00-04:00,361,9385596
1995-07-08 12:45:00-04:00,362,9984286
1995-07-08 13:00:00-04:00,453,12216161
1995-07-08 13:15:00-04:00,545,15840305
1995-07-08 13:30:00-04:00,386,13123893
1995-07-08 13:45:00-04:00,530,13205076
1995-07-08 14:00:00-04:00,491,10631111
1995-07-08 14:15:00-04:00,607,10632863
1995-07-08 14:30:00-04:00,645,11423674
1995-07-08 14:45:00-04:00,644,15125639
1995-07-08 15:00:00-04:00,495,19586004
1995-07-08 15:15:00-04:00,500,17128632
1995-07-08 15:30:00-04:00,462,8348543
1995-07-08 15:45:00-04:00,528,11495564
1995-07-08 16:00:00-04:00,587,13043004
1995-07-08 16:15:00-04:00,516,10506564
1995-07-08 16:30:00-04:00,729,12900380
1995-07-08 16:45:00-04:00,514,8194421
1995-07-08 17:00:00-04:00,531,15004907
1995-07-08 17:15:00-04:00,572,14089802
1995-07-08 17:30:00-04:00,634,14378751
1995-07-08 17:45:00-04:00,589,8871636
1995-07-08 18:00:00-04:00,406,10091088
1995-07-08 18:15:00-04:00,516,12666389
1995-07-08 18:30:00-04:00,388,8239308
1995-07-08 18:45:00-04:00,479,10622358
1995-07-08 19:00:00-04:00,517,10066851
1995-07-08 19:15:00-04:00,414,12001765
1995-07-08 19:30:00-04:00,381,8776708
1995-07-08 19:45:00-04:00,471,13508580
1995-07-08 20:00:00-04:00,404,9300900
1995-07-08 20:15:00-04:00,411,10501861
1995-07-08 20:30:00-04:00,407,11156795
1995-07-08 20:45:00-04:00,447,10871459
1995-07-08 21:00:00-04:00,447,11511000
1995-07-08 21:15:00-04:00,475,9138722
1995-07-08 21:30:00-04:00,472,12783826
1995-07-08 21:45:00-04:00,481,14062885
1995-07-08 22:00:00-04:00,392,9832218
1995-07-08 22:15:00-04:00,523,13568664
1995-07-08 22:30:00-04:00,463,14478494
1995-07-08 22:45:00-04:00,523,11923634
1995-07-08 23:00:00-04:00,604,8338706
1995-07-08 23:15:00-04:00,487,12651519
1995-07-08 23:30:00-04:00,456,11076727
1995-07-08 23:45:00-04:00,466,8907134
1995-07-09 00:00:00-04:00,423,7362168
1995-07-09 00:15:00-04:00,419,9822101
1995-07-09 00:30:00-04:00,407,9353098
1995-07-09 00:45:00-04:00,348,5859318
1995-07-09 01:00:00-04:00,246,4376970
1995-07-09 01:15:00-04:00,350,5626138
1995-07-09 01:30:00-04:00,556,11323506
1995-07-09 01:45:00-04:00,363,7768394
1995-07-09 02:00:00-04:00,295,6626633
1995-07-09 02:15:00-04:00,301,5268495
1995-07-09 02:30:00-04:00,325,7026404
1995-07-09 02:45:00-04:00,313,5379954
1995-07-09 03:00:00-04:00,287,3909000
1995-07-09 03:15:00-04:00,220,8353469
1995-07-09 03:30:00-04:00,250,4560146
1995-07-09 03:45:00-04:00,250,7019279
1995-07-09 04:00:00-04:00,245,8435456
1995-07-09 04:15:00-04:00,221,4663746
1995-07-09 04:30:00-04:00,187,2023905
1995-07-09 04:45:00-04:00,117,3356120
1995-07-09 05:00:00-04:00,100,2398142
1995-07-09 05:15:00-04:00,137,5558330
1995-07-09 05:30:00-04:00,65,2307268
1995-07-09 05:45:00-04:00,95,1071107
1995-07-09 06:00:00-04:00,139,4016278
1995-07-09 06:15:00-04:00,101,2407697
1995-07-09 06:30:00-04:00,91,960194
1995-07-09 06:45:00-04:00,111,5022497
1995-07-09 07:00:00-04:00,133,1412304
1995-07-09 07:15:00-04:00,157,2221610
1995-07-09 07:30:00-04:00,98,1422393
1995-07-09 07:45:00-04:00,96,1862207
1995-07-09 08:00:00-04:00,113,2742003
1995-07-09 08:15:00-04:00,214,3475956
1995-07-09 08:30:00-04:00,183,4344263
1995-07-09 08:45:00-04:00,198,5259599
1995-07-09 09:00:00-04:00,269,5952471
1995-07-09 09:15:00-04:00,225,11501321
1995-07-09 09:30:00-04:00,369,7389011
1995-07-09 09:45:00-04:00,205,6421520
1995-07-09 10:00:00-04:00,336,9086530
1995-07-09 10:15:00-04:00,348,5464663
1995-07-09 10:30:00-04:00,265,11559682
1995-07-09 10:45:00-04:00,323,6162800
1995-07-09 11:00:00-04:00,506,7576699
1995-07-09 11:15:00-04:00,515,11506107
1995-07-09 11:30:00-04:00,391,9866884
1995-07-09 11:45:00-04:00,524,11585865
1995-07-09 12:00:00-04:00,385,6395371
1995-07-09 12:15:00-04:00,391,7595323
1995-07-09 12:30:00-04:00,541,12676997
1995-07-09 12:45:00-04:00,521,9880615
1995-07-09 13:00:00-04:00,401,14679217
1995-07-09 13:15:00-04:00,478,12769434
1995-07-09 13:30:00-04:00,398,8030439
1995-07-09 13:45:00-04:00,359,9898429
1995-07-09 14:00:00-04:00,468,8519908
1995-07-09 14:15:00-04:00,497,12331489
1995-07-09 14:30:00-04:00,611,9070647
1995-07-09 14:45:00-04:00,466,8574806
1995-07-09 15:00:00-04:00,405,8185527
1995-07-09 15:15:00-04:00,413,5001087
1995-07-09 15:30:00-04:00,348,5752691
1995-07-09 15:45:00-04:00,593,9601490
1995-07-09 16:00:00-04:00,540,11674539
1995-07-09 16:15:00-04:00,483,10111607
1995-07-09 16:30:00-04:00,632,10420568
1995-07-09 16:45:00-04:00,570,9405827
1995-07-09 17:00:00-04:00,560,10109760
1995-07-09 17:15:00-04:00,416,13450534
1995-07-09 17:30:00-04:00,454,11093964
1995-07-09 17:45:00-04:00,408,12024867
1995-07-09 18:00:00-04:00,448,10234745
1995-07-09 18:15:00-04:00,408,12490020
1995-07-09 18:30:00-04:00,471,9368088
1995-07-09 18:45:00-04:00,403,9637620
1995-07-09 19:00:00-04:00,503,12163317
1995-07-09 19:15:00-04:00,354,8613397
1995-07-09 19:30:00-04:00,410,7146739
1995-07-09 19:45:00-04:00,415,7851287
1995-07-09 20:00:00-04:00,558,10592118
1995-07-09 20:15:00-04:00,576,16504938
1995-07-09 20:30:00-04:00,645,12999919
1995-07-09 20:45:00-04:00,530,8620021
1995-07-09 21:00:00-04:00,584,11219291
1995-07-09 21:15:00-04:00,485,10300783
1995-07-09 21:30:00-04:00,506,9370447
1995-07-09 21:45:00-04:00,586,12623497
1995-07-09 22:00:00-04:00,616,12576656
1995-07-09 22:15:00-04:00,500,11155286
1995-07-09 22:30:00-04:00,350,6188795
1995-07-09 22:45:00-04:00,388,8594912
1995-07-09 23:00:00-04:00,484,8531284
1995-07-09 23:15:00-04:00,378,7254671
1995-07-09 23:30:00-04:00,433,6320282
1995-07-09 23:45:00-04:00,473,7897474
1995-07-10 00:00:00-04:00,517,7649924
1995-07-10 00:15:00-04:00,454,7629023
1995-07-10 00:30:00-04:00,443,7170266
1995-07-10 00:45:00-04:00,427,5589629
1995-07-10 01:00:00-04:00,342,6456704
1995-07-10 01:15:00-04:00,487,10652657
1995-07-10 01:30:00-04:00,298,5738638
1995-07-10 01:45:00-04:00,395,10114017
1995-07-10 02:00:00-04:00,389,9669927
1995-07-10 02:15:00-04:00,358,7167590
1995-07-10 02:30:00-04:00,296,3881113
1995-07-10 02:45:00-04:00,255,3029411
1995-07-10 03:00:00-04:00,238,5970739
1995-07-10 03:15:00-04:00,245,5941393
1995-07-10 03:30:00-04:00,160,4420717
1995-07-10 03:45:00-04:00,263,5950976
1995-07-10 04:00:00-04:00,168,1869507
1995-07-10 04:15:00-04:00,147,2741370
1995-07-10 04:30:00-04:00,190,3334607
1995-07-10 04:45:00-04:00,280,3451012
1995-07-10 05:00:00-04:00,292,3430443
1995-07-10 05:15:00-04:00,166,2329674
1995-07-10 05:30:00-04:00,153,3021374
1995-07-10 05:45:00-04:00,162,3140895
1995-07-10 06:00:00-04:00,248,5413572
1995-07-10 06:15:00-04:00,374,5006977
1995-07-10 06:30:00-04:00,332,5465511
1995-07-10 06:45:00-04:00,269,7156637
1995-07-10 07:00:00-04:00,323,6403484
1995-07-10 07:15:00-04:00,420,8032052
1995-07-10 07:30:00-04:00,396,8107807
1995-07-10 07:45:00-04:00,394,8697401
1995-07-10 08:00:00-04:00,595,8764993
1995-07-10 08:15:00-04:00,672,11045072
1995-07-10 08:30:00-04:00,786,16671654
1995-07-10 08:45:00-04:00,855,16095563
1995-07-10 09:00:00-04:00,777,11067493
1995-07-10 09:15:00-04:00,790,17333187
1995-07-10 09:30:00-04:00,1175,24638572
1995-07-10 09:45:00-04:00,1060,26347479
1995-07-10 10:00:00-04:00,978,20400270
1995-07-10 10:15:00-04:00,874,18524071
1995-07-10 10:30:00-04:00,1087,23335075
1995-07-10 10:45:00-04:00,1282,19078306
1995-07-10 11:00:00-04:00,1239,21979103
1995-07-10 11:15:00-04:00,1256,22035696
1995-07-10 11:30:00-04:00,1243,20840876
1995-07-10 11:45:00-04:00,1176,18449293
1995-07-10 12:00:00-04:00,1265,20106470
1995-07-10 12:15:00-04:00,1215,19241906
1995-07-10 12:30:00-04:00,1271,18543992
1995-07-10 12:45:00-04:00,1282,25316124
1995-07-10 13:00:00-04:00,1012,17162032
1995-07-10 13:15:00-04:00,1093,13675781
1995-07-10 13:30:00-04:00,1118,18577282
1995-07-10 13:45:00-04:00,1243,27687260
1995-07-10 14:00:00-04:00,1130,25854182
1995-07-10 14:15:00-04:00,1513,30226022
1995-07-10 14:30:00-04:00,1197,18941371
1995-07-10 14:45:00-04:00,1262,23067536
1995-07-10 15:00:00-04:00,1267,28510911
1995-07-10 15:15:00-04:00,1416,26714319
1995-07-10 15:30:00-04:00,1355,29947062
1995-07-10 15:45:00-04:00,1276,19464859
1995-07-10 16:00:00-04:00,1474,24167025
1995-07-10 16:15:00-04:00,1241,24598594
1995-07-10 16:30:00-04:00,1173,25109465
1995-07-10 16:45:00-04:00,1250,26890812
1995-07-10 17:00:00-04:00,1442,22902840
1995-07-10 17:15:00-04:00,1171,23554134
1995-07-10 17:30:00-04:00,863,24671611
1995-07-10 17:45:00-04:00,1065,21996867
1995-07-10 18:00:00-04:00,884,22526475
1995-07-10 18:15:00-04:00,873,17040223
1995-07-10 18:30:00-04:00,905,21086407
1995-07-10 18:45:00-04:00,802,14127123
1995-07-10 19:00:00-04:00,685,12360892
1995-07-10 19:15:00-04:00,778,12327764
1995-07-10 19:30:00-04:00,818,21192013
1995-07-10 19:45:00-04:00,945,21375638
1995-07-10 20:00:00-04:00,661,11286149
1995-07-10 20:15:00-04:00,744,11219731
1995-07-10 20:30:00-04:00,747,8818349
1995-07-10 20:45:00-04:00,654,10426555
1995-07-10 21:00:00-04:00,511,9443233
1995-07-10 21:15:00-04:00,680,10514544
1995-07-10 21:30:00-04:00,771,14138033
1995-07-10 21:45:00-04:00,766,12172278
1995-07-10 22:00:00-04:00,797,19594851
1995-07-10 22:15:00-04:00,782,13507480
1995-07-10 22:30:00-04:00,593,13449105
1995-07-10 22:45:00-04:00,648,13900111
1995-07-10 23:00:00-04:00,749,16933368
1995-07-10 23:15:00-04:00,665,15322121
1995-07-10 23:30:00-04:00,541,7900634
1995-07-10 23:45:00-04:00,541,7838323
1995-07-11 00:00:00-04:00,353,8121323
1995-07-11 00:15:00-04:00,526,10061409
1995-07-11 00:30:00-04:00,492,9944302
1995-07-11 00:45:00-04:00,597,10397272
1995-07-11 01:00:00-04:00,238,5808811
1995-07-11 01:15:00-04:00,426,6303687
1995-07-11 01:30:00-04:00,461,10514844
1995-07-11 01:45:00-04:00,411,8640988
1995-07-11 02:00:00-04:00,310,6051508
1995-07-11 02:15:00-04:00,284,5516584
1995-07-11 02:30:00-04:00,351,6402736
1995-07-11 02:45:00-04:00,290,5041753
1995-07-11 03:00:00-04:00,337,5814074
1995-07-11 03:15:00-04:00,344,5427543
1995-07-11 03:30:00-04:00,322,6287035
1995-07-11 03:45:00-04:00,283,4351271
1995-07-11 04:00:00-04:00,264,6694556
1995-07-11 04:15:00-04:00,299,6626849
1995-07-11 04:30:00-04:00,264,4675965
1995-07-11 04:45:00-04:00,280,7059421
1995-07-11 05:00:00-04:00,294,6222919
1995-07-11 05:15:00-04:00,293,4699395
1995-07-11 05:30:00-04:00,284,4648177
1995-07-11 05:45:00-04:00,242,4387163
1995-07-11 06:00:00-04:00,262,4675971
1995-07-11 06:15:00-04:00,285,7147832
1995-07-11 06:30:00-04:00,373,6104429
1995-07-11 06:45:00-04:00,370,6957333
1995-07-11 07:00:00-04:00,458,7292430
1995-07-11 07:15:00-04:00,443,5955377
1995-07-11 07:30:00-04:00,834,15115914
1995-07-11 07:45:00-04:00,834,9506300
1995-07-11 08:00:00-04:00,793,13306017
1995-07-11 08:15:00-04:00,974,14748041
1995-07-11 08:30:00-04:00,923,13075126
1995-07-11 08:45:00-04:00,920,16388662
1995-07-11 09:00:00-04:00,992,12706376
1995-07-11 09:15:00-04:00,785,13829578
1995-07-11 09:30:00-04:00,1022,18237852
1995-07-11 09:45:00-04:00,782,12181270
1995-07-11 10:00:00-04:00,1062,13334025
1995-07-11 10:15:00-04:00,1101,15911211
1995-07-11 10:30:00-04:00,1210,16315215
1995-07-11 10:45:00-04:00,1095,20735130
1995-07-11 11:00:00-04:00,1192,18325480
1995-07-11 11:15:00-04:00,1252,18460804
1995-07-11 11:30:00-04:00,1046,16857241
1995-07-11 11:45:00-04:00,1255,25106251
1995-07-11 12:00:00-04:00,1170,20058977
1995-07-11 12:15:00-04:00,1460,22831702
1995-07-11 12:30:00-04:00,1298,19036679
1995-07-11 12:45:00-04:00,1576,19728750
1995-07-11 13:00:00-04:00,1394,24299398
1995-07-11 13:15:00-04:00,1349,21578916
1995-07-11 13:30:00-04:00,1219,21531352
1995-07-11 13:45:00-04:00,1363,23163092
1995-07-11 14:00:00-04:00,1556,29433182
1995-07-11 14:15:00-04:00,1361,20531079
1995-07-11 14:30:00-04:00,1687,20232019
1995-07-11 14:45:00-04:00,1457,22983592
1995-07-11 15:00:00-04:00,1450,21453733
1995-07-11 15:15:00-04:00,1323,23193092
1995-07-11 15:30:00-04:00,1402,32164282
1995-07-11 15:45:00-04:00,1431,24799469
1995-07-11 16:00:00-04:00,1597,37405134
1995-07-11 16:15:00-04:00,1308,25304243
1995-07-11 16:30:00-04:00,1328,22471896
1995-07-11 16:45:00-04:00,1313,23617965
1995-07-11 17:00:00-04:00,1320,24694909
1995-07-11 17:15:00-04:00,1263,24035823
1995-07-11 17:30:00-04:00,1059,18474710
1995-07-11 17:45:00-04:00,842,18220069
1995-07-11 18:00:00-04:00,975,18331633
1995-07-11 18:15:00-04:00,1100,18402885
1995-07-11 18:30:00-04:00,866,18289483
1995-07-11 18:45:00-04:00,981,14960665
1995-07-11 19:00:00-04:00,1070,19798478
1995-07-11 19:15:00-04:00,802,13894588
1995-07-11 19:30:00-04:00,968,16354302
1995-07-11 19:45:00-04:00,778,13359047
1995-07-11 20:00:00-04:00,774,13655577
1995-07-11 20:15:00-04:00,804,18194807
1995-07-11 20:30:00-04:00,967,16190309
1995-07-11 20:45:00-04:00,735,10082186
1995-07-11 21:00:00-04:00,527,9452332
1995-07-11 21:15:00-04:00,648,8181420
1995-07-11 21:30:00-04:00,751,17451151
1995-07-11 21:45:00-04:00,870,14744210
1995-07-11 22:00:00-04:00,899,16365973
1995-07-11 22:15:00-04:00,734,18580949
1995-07-11 22:30:00-04:00,712,13602890
1995-07-11 22:45:00-04:00,522,11033172
1995-07-11 23:00:00-04:00,736,13068340
1995-07-11 23:15:00-04:00,744,11473997
1995-07-11 23:30:00-04:00,710,9617494
1995-07-11 23:45:00-04:00,700,9681920
1995-07-12 00:00:00-04:00,651,13789582
1995-07-12 00:15:00-04:00,586,11620821
1995-07-12 00:30:00-04:00,569,10224593
1995-07-12 00:45:00-04:00,524,7717682
1995-07-12 01:00:00-04:00,603,10410477
1995-07-12 01:15:00-04:00,549,8174688
1995-07-12 01:30:00-04:00,413,7042575
1995-07-12 01:45:00-04:00,412,6323871
1995-07-12 02:00:00-04:00,566,8397993
1995-07-12 02:15:00-04:00,493,9545873
1995-07-12 02:30:00-04:00,485,8643279
1995-07-12 02:45:00-04:00,493,6176616
1995-07-12 03:00:00-04:00,396,10251943
1995-07-12 03:15:00-04:00,398,9828098
1995-07-12 03:30:00-04:00,323,5659449
1995-07-12 03:45:00-04:00,341,10230285
1995-07-12 04:00:00-04:00,333,3174475
1995-07-12 04:15:00-04:00,430,5260966
1995-07-12 04:30:00-04:00,359,4726759
1995-07-12 04:45:00-04:00,356,8543966
1995-07-12 05:00:00-04:00,396,7427509
1995-07-12 05:15:00-04:00,373,5180294
1995-07-12 05:30:00-04:00,365,7762174
1995-07-12 05:45:00-04:00,303,4945131
1995-07-12 06:00:00-04:00,418,4850297
1995-07-12 06:15:00-04:00,443,6272427
1995-07-12 06:30:00-04:00,395,4953602
1995-07-12 06:45:00-04:00,575,8320906
1995-07-12 07:00:00-04:00,426,7534136
1995-07-12 07:15:00-04:00,555,11479820
1995-07-12 07:30:00-04:00,619,10130574
1995-07-12 07:45:00-04:00,812,8898727
1995-07-12 08:00:00-04:00,785,7890362
1995-07-12 08:15:00-04:00,911,11055701
1995-07-12 08:30:00-04:00,996,17370170
1995-07-12 08:45:00-04:00,1224,19251463
1995-07-12 09:00:00-04:00,1020,14614700
1995-07-12 09:15:00-04:00,1070,18005152
1995-07-12 09:30:00-04:00,1274,25565596
1995-07-12 09:45:00-04:00,1410,25153868
1995-07-12 10:00:00-04:00,1355,23418450
1995-07-12 10:15:00-04:00,1368,21713934
1995-07-12 10:30:00-04:00,1033,18096628
1995-07-12 10:45:00-04:00,1488,27010151
1995-07-12 11:00:00-04:00,1555,23308709
1995-07-12 11:15:00-04:00,1445,29134880
1995-07-12 11:30:00-04:00,1402,19517460
1995-07-12 11:45:00-04:00,1619,32225512
1995-07-12 12:00:00-04:00,1494,33386030
1995-07-12 12:15:00-04:00,1876,30171307
1995-07-12 12:30:00-04:00,1305,28462418
1995-07-12 12:45:00-04:00,1294,20516520
1995-07-12 13:00:00-04:00,1539,23937575
1995-07-12 13:15:00-04:00,1749,33470806
1995-07-12 13:30:00-04:00,1768,39493374
1995-07-12 13:45:00-04:00,1400,26482876
1995-07-12 14:00:00-04:00,1302,24494841
1995-07-12 14:15:00-04:00,1848,33616967
1995-07-12 14:30:00-04:00,1456,31940059
1995-07-12 14:45:00-04:00,1687,35109489
1995-07-12 15:00:00-04:00,1319,22014785
1995-07-12 15:15:00-04:00,1627,22693103
1995-07-12 15:30:00-04:00,1756,34239732
1995-07-12 15:45:00-04:00,853,16695350
1995-07-12 16:00:00-04:00,1413,23328980
1995-07-12 16:15:00-04:00,1278,28433339
1995-07-12 16:30:00-04:00,1309,23541214
1995-07-12 16:45:00-04:00,999,18833098
1995-07-12 17:00:00-04:00,1094,29735639
1995-07-12 17:15:00-04:00,1186,23710537
1995-07-12 17:30:00-04:00,1249,25251105
1995-07-12 17:45:00-04:00,1182,24465439
1995-07-12 18:00:00-04:00,938,25088291
1995-07-12 18:15:00-04:00,1062,27145788
1995-07-12 18:30:00-04:00,1192,25013613
1995-07-12 18:45:00-04:00,1178,24850072
1995-07-12 19:00:00-04:00,965,16927945
1995-07-12 19:15:00-04:00,883,18755240
1995-07-12 19:30:00-04:00,988,20054898
1995-07-12 19:45:00-04:00,746,16150615
1995-07-12 20:00:00-04:00,1027,22429624
1995-07-12 20:15:00-04:00,1097,24072536
1995-07-12 20:30:00-04:00,1068,22573708
1995-07-12 20:45:00-04:00,977,18744828
1995-07-12 21:00:00-04:00,1117,25678971
1995-07-12 21:15:00-04:00,795,18114169
1995-07-12 21:30:00-04:00,903,12666642
1995-07-12 21:45:00-04:00,926,12701911
1995-07-12 22:00:00-04:00,957,16280558
1995-07-12 22:15:00-04:00,1025,18692977
1995-07-12 22:30:00-04:00,1170,17783426
1995-07-12 22:45:00-04:00,891,14981127
1995-07-12 23:00:00-04:00,971,18297241
1995-07-12 23:15:00-04:00,884,19791008
1995-07-12 23:30:00-04:00,941,16740470
1995-07-12 23:45:00-04:00,937,20768046
1995-07-13 00:00:00-04:00,821,15945260
1995-07-13 00:15:00-04:00,880,15712072
1995-07-13 00:30:00-04:00,860,15566524
1995-07-13 00:45:00-04:00,789,16974646
1995-07-13 01:00:00-04:00,894,17536406
1995-07-13 01:15:00-04:00,748,10256424
1995-07-13 01:30:00-04:00,890,15322812
1995-07-13 01:45:00-04:00,806,15808958
1995-07-13 02:00:00-04:00,860,19933352
1995-07-13 02:15:00-04:00,833,11502932
1995-07-13 02:30:00-04:00,639,10526893
1995-07-13 02:45:00-04:00,611,10661531
1995-07-13 03:00:00-04:00,538,8845140
1995-07-13 03:15:00-04:00,554,9407268
1995-07-13 03:30:00-04:00,743,10670602
1995-07-13 03:45:00-04:00,662,9764582
1995-07-13 04:00:00-04:00,695,13444292
1995-07-13 04:15:00-04:00,376,9923499
1995-07-13 04:30:00-04:00,619,11763148
1995-07-13 04:45:00-04:00,497,8167631
1995-07-13 05:00:00-04:00,701,12244868
1995-07-13 05:15:00-04:00,638,8675524
1995-07-13 05:30:00-04:00,682,11740464
1995-07-13 05:45:00-04:00,675,14494081
1995-07-13 06:00:00-04:00,602,11383765
1995-07-13 06:15:00-04:00,820,12934383
1995-07-13 06:30:00-04:00,1092,15206492
1995-07-13 06:45:00-04:00,1163,19578930
1995-07-13 07:00:00-04:00,1182,17493163
1995-07-13 07:15:00-04:00,1680,27926950
1995-07-13 07:30:00-04:00,1835,30199845
1995-07-13 07:45:00-04:00,1354,23389016
1995-07-13 08:00:00-04:00,1922,42519794
1995-07-13 08:15:00-04:00,3078,49477004
1995-07-13 08:30:00-04:00,3480,53674456
1995-07-13 08:45:00-04:00,3087,43685619
1995-07-13 09:00:00-04:00,4212,58404018
1995-07-13 09:15:00-04:00,3012,39761752
1995-07-13 09:30:00-04:00,3535,44249212
1995-07-13 09:45:00-04:00,4167,55207320
1995-07-13 10:00:00-04:00,3248,59636961
1995-07-13 10:15:00-04:00,2255,50206314
1995-07-13 10:30:00-04:00,2340,40940172
1995-07-13 10:45:00-04:00,2371,53084412
1995-07-13 11:00:00-04:00,2610,55312813
1995-07-13 11:15:00-04:00,2411,47395744
1995-07-13 11:30:00-04:00,2437,50999914
1995-07-13 11:45:00-04:00,2290,56678862
1995-07-13 12:00:00-04:00,2431,52907391
1995-07-13 12:15:00-04:00,2383,50150052
1995-07-13 12:30:00-04:00,1826,42583270
1995-07-13 12:45:00-04:00,1893,46451435
1995-07-13 13:00:00-04:00,1423,43945455
1995-07-13 13:15:00-04:00,1928,42258736
1995-07-13 13:30:00-04:00,1878,41428700
1995-07-13 13:45:00-04:00,2098,51283782
1995-07-13 14:00:00-04:00,2087,43640637
1995-07-13 14:15:00-04:00,1732,37952343
1995-07-13 14:30:00-04:00,1821,48170101
1995-07-13 14:45:00-04:00,1838,42081814
1995-07-13 15:00:00-04:00,1619,37322816
1995-07-13 15:15:00-04:00,1853,47843731
1995-07-13 15:30:00-04:00,1829,45100492
1995-07-13 15:45:00-04:00,1997,42528964
1995-07-13 16:00:00-04:00,2024,45879565
1995-07-13 16:15:00-04:00,1764,42570317
1995-07-13 16:30:00-04:00,1824,44403461
1995-07-13 16:45:00-04:00,1538,34165813
1995-07-13 17:00:00-04:00,584,10375166
1995-07-13 17:15:00-04:00,669,10835954
1995-07-13 17:30:00-04:00,1162,26339673
1995-07-13 17:45:00-04:00,1170,23253667
1995-07-13 18:00:00-04:00,1219,26698670
1995-07-13 18:15:00-04:00,1136,20423725
1995-07-13 18:30:00-04:00,1182,24199468
1995-07-13 18:45:00-04:00,1014,23567102
1995-07-13 19:00:00-04:00,629,12423580
1995-07-13 19:15:00-04:00,930,20200561
1995-07-13 19:30:00-04:00,708,16172257
1995-07-13 19:45:00-04:00,2,106546
1995-07-13 20:00:00-04:00,315,3306914
1995-07-13 20:15:00-04:00,666,15949639
1995-07-13 20:30:00-04:00,647,12997709
1995-07-13 20:45:00-04:00,737,14331943
1995-07-13 21:00:00-04:00,968,23985500
1995-07-13 21:15:00-04:00,958,28065251
1995-07-13 21:30:00-04:00,719,12615497
1995-07-13 21:45:00-04:00,1037,19597459
1995-07-13 22:00:00-04:00,938,20100478
1995-07-13 22:15:00-04:00,792,14190235
1995-07-13 22:30:00-04:00,794,12435509
1995-07-13 22:45:00-04:00,827,14392247
1995-07-13 23:00:00-04:00,729,14463289
1995-07-13 23:15:00-04:00,1099,26579845
1995-07-13 23:30:00-04:00,829,18515362
1995-07-13 23:45:00-04:00,763,21747420
1995-07-14 00:00:00-04:00,910,22655546
1995-07-14 00:15:00-04:00,835,15761187
1995-07-14 00:30:00-04:00,745,20174110
1995-07-14 00:45:00-04:00,737,12015388
1995-07-14 01:00:00-04:00,668,16777011
1995-07-14 01:15:00-04:00,438,10223547
1995-07-14 01:30:00-04:00,513,15004469
1995-07-14 01:45:00-04:00,536,10189786
1995-07-14 02:00:00-04:00,497,9584002
1995-07-14 02:15:00-04:00,530,12545129
1995-07-14 02:30:00-04:00,573,12612811
1995-07-14 02:45:00-04:00,395,8654570
1995-07-14 03:00:00-04:00,486,9378410
1995-07-14 03:15:00-04:00,554,13175040
1995-07-14 03:30:00-04:00,438,10554294
1995-07-14 03:45:00-04:00,488,12877425
1995-07-14 04:00:00-04:00,408,17227942
1995-07-14 04:15:00-04:00,345,9932820
1995-07-14 04:30:00-04:00,409,13468162
1995-07-14 04:45:00-04:00,251,9242170
1995-07-14 05:00:00-04:00,462,11373651
1995-07-14 05:15:00-04:00,499,13782700
1995-07-14 05:30:00-04:00,418,8303751
1995-07-14 05:45:00-04:00,523,10145453
1995-07-14 06:00:00-04:00,386,6683792
1995-07-14 06:15:00-04:00,449,6955142
1995-07-14 06:30:00-04:00,334,8388630
1995-07-14 06:45:00-04:00,488,9619989
1995-07-14 07:00:00-04:00,509,12064051
1995-07-14 07:15:00-04:00,732,20725792
1995-07-14 07:30:00-04:00,961,25919867
1995-07-14 07:45:00-04:00,789,18105680
1995-07-14 08:00:00-04:00,678,22422991
1995-07-14 08:15:00-04:00,911,21452578
1995-07-14 08:30:00-04:00,972,17301832
1995-07-14 08:45:00-04:00,1421,28827854
1995-07-14 09:00:00-04:00,1383,31821084
1995-07-14 09:15:00-04:00,1177,23212156
1995-07-14 09:30:00-04:00,987,19965532
1995-07-14 09:45:00-04:00,1315,28716431
1995-07-14 10:00:00-04:00,1210,24683221
1995-07-14 10:15:00-04:00,1533,28805424
1995-07-14 10:30:00-04:00,1324,34727252
1995-07-14 10:45:00-04:00,1247,34450673
1995-07-14 11:00:00-04:00,1111,24686365
1995-07-14 11:15:00-04:00,1170,20813660
1995-07-14 11:30:00-04:00,1319,26457659
1995-07-14 11:45:00-04:00,1138,30702769
1995-07-14 12:00:00-04:00,1058,27777345
1995-07-14 12:15:00-04:00,1138,24771057
1995-07-14 12:30:00-04:00,1334,30235427
1995-07-14 12:45:00-04:00,1305,25514446
1995-07-14 13:00:00-04:00,1341,26670208
1995-07-14 13:15:00-04:00,1535,31722272
1995-07-14 13:30:00-04:00,1472,29562252
1995-07-14 13:45:00-04:00,1276,32203937
1995-07-14 14:00:00-04:00,1435,38217855
1995-07-14 14:15:00-04:00,1286,22420446
1995-07-14 14:30:00-04:00,1022,21848566
1995-07-14 14:45:00-04:00,1372,30308232
1995-07-14 15:00:00-04:00,1187,25910878
1995-07-14 15:15:00-04:00,1204,19857686
1995-07-14 15:30:00-04:00,1304,22158227
1995-07-14 15:45:00-04:00,1623,29610656
1995-07-14 16:00:00-04:00,1447,37101851
1995-07-14 16:15:00-04:00,1507,37589090
1995-07-14 16:30:00-04:00,1410,37964064
1995-07-14 16:45:00-04:00,937,41901701
1995-07-14 17:00:00-04:00,910,23388123
1995-07-14 17:15:00-04:00,1210,26538377
1995-07-14 17:30:00-04:00,1021,26497608
1995-07-14 17:45:00-04:00,1016,27010548
1995-07-14 18:00:00-04:00,729,14021170
1995-07-14 18:15:00-04:00,824,18659668
1995-07-14 18:30:00-04:00,699,12465222
1995-07-14 18:45:00-04:00,888,16116021
1995-07-14 19:00:00-04:00,768,19668249
1995-07-14 19:15:00-04:00,818,17626493
1995-07-14 19:30:00-04:00,880,21802461
1995-07-14 19:45:00-04:00,866,18742357
1995-07-14 20:00:00-04:00,802,23978514
1995-07-14 20:15:00-04:00,618,15436122
1995-07-14 20:30:00-04:00,679,10910210
1995-07-14 20:45:00-04:00,724,19642597
1995-07-14 21:00:00-04:00,626,15844437
1995-07-14 21:15:00-04:00,573,15216467
1995-07-14 21:30:00-04:00,792,16143476
1995-07-14 21:45:00-04:00,718,16158292
1995-07-14 22:00:00-04:00,716,22182209
1995-07-14 22:15:00-04:00,670,14005193
1995-07-14 22:30:00-04:00,903,16455620
1995-07-14 22:45:00-04:00,732,13328954
1995-07-14 23:00:00-04:00,623,13833626
1995-07-14 23:15:00-04:00,647,13280113
1995-07-14 23:30:00-04:00,662,15697755
1995-07-14 23:45:00-04:00,594,11346281
1995-07-15 00:00:00-04:00,515,15406309
1995-07-15 00:15:00-04:00,567,14119477
1995-07-15 00:30:00-04:00,475,10701668
1995-07-15 00:45:00-04:00,359,9739988
1995-07-15 01:00:00-04:00,447,8187684
1995-07-15 01:15:00-04:00,489,12276604
1995-07-15 01:30:00-04:00,473,9381318
1995-07-15 01:45:00-04:00,551,13361133
1995-07-15 02:00:00-04:00,505,10929666
1995-07-15 02:15:00-04:00,376,5598101
1995-07-15 02:30:00-04:00,334,7519292
1995-07-15 02:45:00-04:00,310,3743698
1995-07-15 03:00:00-04:00,371,6515858
1995-07-15 03:15:00-04:00,398,6982997
1995-07-15 03:30:00-04:00,247,2987439
1995-07-15 03:45:00-04:00,283,8878101
1995-07-15 04:00:00-04:00,276,6685356
1995-07-15 04:15:00-04:00,236,4320235
1995-07-15 04:30:00-04:00,234,4972493
1995-07-15 04:45:00-04:00,340,7071717
1995-07-15 05:00:00-04:00,295,8063364
1995-07-15 05:15:00-04:00,172,4232551
1995-07-15 05:30:00-04:00,187,3219993
1995-07-15 05:45:00-04:00,296,5019451
1995-07-15 06:00:00-04:00,218,4660151
1995-07-15 06:15:00-04:00,142,3185690
1995-07-15 06:30:00-04:00,176,4590593
1995-07-15 06:45:00-04:00,220,9404388
1995-07-15 07:00:00-04:00,279,6656744
1995-07-15 07:15:00-04:00,288,6687930
1995-07-15 07:30:00-04:00,163,6908368
1995-07-15 07:45:00-04:00,316,12160504
1995-07-15 08:00:00-04:00,291,7937048
1995-07-15 08:15:00-04:00,322,6562156
1995-07-15 08:30:00-04:00,248,2947074
1995-07-15 08:45:00-04:00,364,8708488
1995-07-15 09:00:00-04:00,294,8105981
1995-07-15 09:15:00-04:00,362,8583670
1995-07-15 09:30:00-04:00,443,7411073
1995-07-15 09:45:00-04:00,455,8767108
1995-07-15 10:00:00-04:00,490,10831944
1995-07-15 10:15:00-04:00,619,11870396
1995-07-15 10:30:00-04:00,418,10252117
1995-07-15 10:45:00-04:00,485,9295144
1995-07-15 11:00:00-04:00,550,11139826
1995-07-15 11:15:00-04:00,494,9018637
1995-07-15 11:30:00-04:00,495,9056884
1995-07-15 11:45:00-04:00,556,10352752
1995-07-15 12:00:00-04:00,547,10845373
1995-07-15 12:15:00-04:00,601,11994297
1995-07-15 12:30:00-04:00,561,10249667
1995-07-15 12:45:00-04:00,567,17540231
1995-07-15 13:00:00-04:00,639,20708949
1995-07-15 13:15:00-04:00,683,15299432
1995-07-15 13:30:00-04:00,521,10462359
1995-07-15 13:45:00-04:00,440,11021780
1995-07-15 14:00:00-04:00,458,9298457
1995-07-15 14:15:00-04:00,837,13056808
1995-07-15 14:30:00-04:00,714,13581378
1995-07-15 14:45:00-04:00,594,12943734
1995-07-15 15:00:00-04:00,610,11359927
1995-07-15 15:15:00-04:00,571,12649752
1995-07-15 15:30:00-04:00,708,13776508
1995-07-15 15:45:00-04:00,717,12474474
1995-07-15 16:00:00-04:00,534,17495108
1995-07-15 16:15:00-04:00,653,10786760
1995-07-15 16:30:00-04:00,762,15524376
1995-07-15 16:45:00-04:00,693,17407946
1995-07-15 17:00:00-04:00,521,15009375
1995-07-15 17:15:00-04:00,627,10978841
1995-07-15 17:30:00-04:00,792,15954223
1995-07-15 17:45:00-04:00,571,11365768
1995-07-15 18:00:00-04:00,406,12504709
1995-07-15 18:15:00-04:00,420,8612077
1995-07-15 18:30:00-04:00,649,8267819
1995-07-15 18:45:00-04:00,648,12084800
1995-07-15 19:00:00-04:00,739,11381218
1995-07-15 19:15:00-04:00,632,14209504
1995-07-15 19:30:00-04:00,450,10519574
1995-07-15 19:45:00-04:00,486,12529314
1995-07-15 20:00:00-04:00,602,15134380
1995-07-15 20:15:00-04:00,444,7334829
1995-07-15 20:30:00-04:00,512,14349514
1995-07-15 20:45:00-04:00,537,12465014
1995-07-15 21:00:00-04:00,633,13394979
1995-07-15 21:15:00-04:00,464,14887616
1995-07-15 21:30:00-04:00,410,7880303
1995-07-15 21:45:00-04:00,517,10162348
1995-07-15 22:00:00-04:00,496,7377460
1995-07-15 22:15:00-04:00,722,13529693
1995-07-15 22:30:00-04:00,553,9909037
1995-07-15 22:45:00-04:00,524,8498719
1995-07-15 23:00:00-04:00,605,12314845
1995-07-15 23:15:00-04:00,619,8914474
1995-07-15 23:30:00-04:00,568,10800127
1995-07-15 23:45:00-04:00,551,12223079
1995-07-16 00:00:00-04:00,448,10068756
1995-07-16 00:15:00-04:00,536,9489696
1995-07-16 00:30:00-04:00,518,11229756
1995-07-16 00:45:00-04:00,567,10003596
1995-07-16 01:00:00-04:00,413,7786547
1995-07-16 01:15:00-04:00,600,10419614
1995-07-16 01:30:00-04:00,498,10213792
1995-07-16 01:45:00-04:00,572,11363643
1995-07-16 02:00:00-04:00,302,7734502
1995-07-16 02:15:00-04:00,278,5977364
1995-07-16 02:30:00-04:00,413,5962472
1995-07-16 02:45:00-04:00,292,6419657
1995-07-16 03:00:00-04:00,229,8128155
1995-07-16 03:15:00-04:00,210,5208156
1995-07-16 03:30:00-04:00,171,4543285
1995-07-16 03:45:00-04:00,234,6282019
1995-07-16 04:00:00-04:00,172,2485877
1995-07-16 04:15:00-04:00,137,2462740
1995-07-16 04:30:00-04:00,205,2290208
1995-07-16 04:45:00-04:00,244,4717619
1995-07-16 05:00:00-04:00,196,3622131
1995-07-16 05:15:00-04:00,88,3265833
1995-07-16 05:30:00-04:00,132,3767979
1995-07-16 05:45:00-04:00,145,2533844
1995-07-16 06:00:00-04:00,219,5569973
1995-07-16 06:15:00-04:00,221,4070877
1995-07-16 06:30:00-04:00,176,3590099
1995-07-16 06:45:00-04:00,260,2798991
1995-07-16 07:00:00-04:00,102,3712140
1995-07-16 07:15:00-04:00,187,3963651
1995-07-16 07:30:00-04:00,202,5495622
1995-07-16 07:45:00-04:00,251,5374995
1995-07-16 08:00:00-04:00,256,4620239
1995-07-16 08:15:00-04:00,262,4251541
1995-07-16 08:30:00-04:00,282,4052973
1995-07-16 08:45:00-04:00,210,3246426
1995-07-16 09:00:00-04:00,275,4050652
1995-07-16 09:15:00-04:00,377,6763438
1995-07-16 09:30:00-04:00,418,9602476
1995-07-16 09:45:00-04:00,326,6523171
1995-07-16 10:00:00-04:00,433,11578520
1995-07-16 10:15:00-04:00,400,8372051
1995-07-16 10:30:00-04:00,363,5897781
1995-07-16 10:45:00-04:00,450,8564075
1995-07-16 11:00:00-04:00,407,7274405
1995-07-16 11:15:00-04:00,525,9302523
1995-07-16 11:30:00-04:00,457,11315249
1995-07-16 11:45:00-04:00,575,9987523
1995-07-16 12:00:00-04:00,529,10735411
1995-07-16 12:15:00-04:00,650,16540298
1995-07-16 12:30:00-04:00,570,18349149
1995-07-16 12:45:00-04:00,534,13491275
1995-07-16 13:00:00-04:00,628,14381636
1995-07-16 13:15:00-04:00,709,14906371
1995-07-16 13:30:00-04:00,579,12204629
1995-07-16 13:45:00-04:00,722,12498200
1995-07-16 14:00:00-04:00,774,15842459
1995-07-16 14:15:00-04:00,828,13714871
1995-07-16 14:30:00-04:00,674,17324394
1995-07-16 14:45:00-04:00,730,13491971
1995-07-16 15:00:00-04:00,707,12592402
1995-07-16 15:15:00-04:00,563,12179699
1995-07-16 15:30:00-04:00,608,17181650
1995-07-16 15:45:00-04:00,766,13831814
1995-07-16 16:00:00-04:00,646,15143608
1995-07-16 16:15:00-04:00,561,18473829
1995-07-16 16:30:00-04:00,697,19516660
1995-07-16 16:45:00-04:00,577,15142101
1995-07-16 17:00:00-04:00,680,19195322
1995-07-16 17:15:00-04:00,904,15693089
1995-07-16 17:30:00-04:00,620,17982165
1995-07-16 17:45:00-04:00,682,17078611
1995-07-16 18:00:00-04:00,616,10815343
1995-07-16 18:15:00-04:00,543,12929944
1995-07-16 18:30:00-04:00,751,21185180
1995-07-16 18:45:00-04:00,734,19913671
1995-07-16 19:00:00-04:00,636,12861006
1995-07-16 19:15:00-04:00,933,17215465
1995-07-16 19:30:00-04:00,839,13503278
1995-07-16 19:45:00-04:00,606,12416581
1995-07-16 20:00:00-04:00,669,15663450
1995-07-16 20:15:00-04:00,667,15364574
1995-07-16 20:30:00-04:00,753,15872379
1995-07-16 20:45:00-04:00,644,13282135
1995-07-16 21:00:00-04:00,625,16495240
1995-07-16 21:15:00-04:00,676,14753945
1995-07-16 21:30:00-04:00,788,16744520
1995-07-16 21:45:00-04:00,717,18802611
1995-07-16 22:00:00-04:00,769,18744110
1995-07-16 22:15:00-04:00,794,18711925
1995-07-16 22:30:00-04:00,708,15559549
1995-07-16 22:45:00-04:00,729,12112050
1995-07-16 23:00:00-04:00,655,11475249
1995-07-16 23:15:00-04:00,623,14372308
1995-07-16 23:30:00-04:00,622,17403467
1995-07-16 23:45:00-04:00,585,11300201
1995-07-17 00:00:00-04:00,525,9580427
1995-07-17 00:15:00-04:00,525,16289549
1995-07-17 00:30:00-04:00,504,8300335
1995-07-17 00:45:00-04:00,500,8233600
1995-07-17 01:00:00-04:00,509,9656043
1995-07-17 01:15:00-04:00,390,9081502
1995-07-17 01:30:00-04:00,378,7790117
1995-07-17 01:45:00-04:00,400,8064397
1995-07-17 02:00:00-04:00,309,4363672
1995-07-17 02:15:00-04:00,237,4290193
1995-07-17 02:30:00-04:00,257,5398351
1995-07-17 02:45:00-04:00,263,4637474
1995-07-17 03:00:00-04:00,265,3915985
1995-07-17 03:15:00-04:00,287,4921527
1995-07-17 03:30:00-04:00,195,3697435
1995-07-17 03:45:00-04:00,364,5859318
1995-07-17 04:00:00-04:00,274,8128219
1995-07-17 04:15:00-04:00,426,9981510
1995-07-17 04:30:00-04:00,310,7187402
1995-07-17 04:45:00-04:00,236,6302302
1995-07-17 05:00:00-04:00,208,2796102
1995-07-17 05:15:00-04:00,222,6051417
1995-07-17 05:30:00-04:00,293,4762782
1995-07-17 05:45:00-04:00,247,6170849
1995-07-17 06:00:00-04:00,176,2258571
1995-07-17 06:15:00-04:00,246,4494196
1995-07-17 06:30:00-04:00,262,5567766
1995-07-17 06:45:00-04:00,274,2941952
1995-07-17 07:00:00-04:00,258,3515971
1995-07-17 07:15:00-04:00,416,6842568
1995-07-17 07:30:00-04:00,487,10469662
1995-07-17 07:45:00-04:00,690,14680140
1995-07-17 08:00:00-04:00,655,17068862
1995-07-17 08:15:00-04:00,610,12711141
1995-07-17 08:30:00-04:00,571,7988359
1995-07-17 08:45:00-04:00,844,11939038
1995-07-17 09:00:00-04:00,803,10597432
1995-07-17 09:15:00-04:00,1160,22175725
1995-07-17 09:30:00-04:00,979,20209358
1995-07-17 09:45:00-04:00,1021,19594674
1995-07-17 10:00:00-04:00,1029,17667737
1995-07-17 10:15:00-04:00,1111,16929560
1995-07-17 10:30:00-04:00,1148,17842702
1995-07-17 10:45:00-04:00,1223,23525927
1995-07-17 11:00:00-04:00,1183,18009418
1995-07-17 11:15:00-04:00,1264,19620791
1995-07-17 11:30:00-04:00,1205,18259590
1995-07-17 11:45:00-04:00,1125,20487651
1995-07-17 12:00:00-04:00,1216,18230279
1995-07-17 12:15:00-04:00,1372,35930190
1995-07-17 12:30:00-04:00,1219,22063177
1995-07-17 12:45:00-04:00,1018,11613554
1995-07-17 13:00:00-04:00,1168,25717652
1995-07-17 13:15:00-04:00,1250,22133301
1995-07-17 13:30:00-04:00,1297,26726658
1995-07-17 13:45:00-04:00,1283,22384468
1995-07-17 14:00:00-04:00,1426,27412697
1995-07-17 14:15:00-04:00,1707,29846290
1995-07-17 14:30:00-04:00,1657,30341281
1995-07-17 14:45:00-04:00,1634,28968799
1995-07-17 15:00:00-04:00,1334,21545796
1995-07-17 15:15:00-04:00,1363,25318210
1995-07-17 15:30:00-04:00,1285,21219970
1995-07-17 15:45:00-04:00,1319,20455556
1995-07-17 16:00:00-04:00,1397,25348684
1995-07-17 16:15:00-04:00,1477,27232240
1995-07-17 16:30:00-04:00,1422,30834607
1995-07-17 16:45:00-04:00,1133,27220167
1995-07-17 17:00:00-04:00,1110,27371201
1995-07-17 17:15:00-04:00,1059,25241452
1995-07-17 17:30:00-04:00,861,16331020
1995-07-17 17:45:00-04:00,952,15780450
1995-07-17 18:00:00-04:00,946,21013441
1995-07-17 18:15:00-04:00,863,17964271
1995-07-17 18:30:00-04:00,838,20274591
1995-07-17 18:45:00-04:00,738,20287955
1995-07-17 19:00:00-04:00,746,20316277
1995-07-17 19:15:00-04:00,729,14991407
1995-07-17 19:30:00-04:00,702,11115443
1995-07-17 19:45:00-04:00,566,9335894
1995-07-17 20:00:00-04:00,499,7440962
1995-07-17 20:15:00-04:00,671,12857770
1995-07-17 20:30:00-04:00,638,16541465
1995-07-17 20:45:00-04:00,745,14129723
1995-07-17 21:00:00-04:00,718,14056204
1995-07-17 21:15:00-04:00,692,16346513
1995-07-17 21:30:00-04:00,1004,19721315
1995-07-17 21:45:00-04:00,756,17712389
1995-07-17 22:00:00-04:00,643,13696335
1995-07-17 22:15:00-04:00,792,13208868
1995-07-17 22:30:00-04:00,668,16640742
1995-07-17 22:45:00-04:00,793,12728599
1995-07-17 23:00:00-04:00,620,13786403
1995-07-17 23:15:00-04:00,589,10899031
1995-07-17 23:30:00-04:00,587,11248231
1995-07-17 23:45:00-04:00,615,10399805
1995-07-18 00:00:00-04:00,665,9204050
1995-07-18 00:15:00-04:00,644,12400045
1995-07-18 00:30:00-04:00,531,11588865
1995-07-18 00:45:00-04:00,451,9109921
1995-07-18 01:00:00-04:00,499,16966920
1995-07-18 01:15:00-04:00,489,15772749
1995-07-18 01:30:00-04:00,406,13714798
1995-07-18 01:45:00-04:00,396,12799879
1995-07-18 02:00:00-04:00,446,14587621
1995-07-18 02:15:00-04:00,437,10706770
1995-07-18 02:30:00-04:00,478,13868585
1995-07-18 02:45:00-04:00,309,6102443
1995-07-18 03:00:00-04:00,364,16333774
1995-07-18 03:15:00-04:00,238,3275017
1995-07-18 03:30:00-04:00,59,699166
1995-07-18 03:45:00-04:00,131,1519278
1995-07-18 04:00:00-04:00,53,1132794
1995-07-18 04:15:00-04:00,57,774246
1995-07-18 04:30:00-04:00,135,1282585
1995-07-18 04:45:00-04:00,71,1178794
1995-07-18 05:00:00-04:00,63,1386462
1995-07-18 05:15:00-04:00,96,1376035
1995-07-18 05:30:00-04:00,49,6142292
1995-07-18 05:45:00-04:00,201,3557855
1995-07-18 06:00:00-04:00,85,2885766
1995-07-18 06:15:00-04:00,57,949282
1995-07-18 06:30:00-04:00,99,1052948
1995-07-18 06:45:00-04:00,130,2789342
1995-07-18 07:00:00-04:00,269,3193704
1995-07-18 07:15:00-04:00,127,873233
1995-07-18 07:30:00-04:00,252,2484640
1995-07-18 07:45:00-04:00,296,1596451
1995-07-18 08:00:00-04:00,300,11742533
1995-07-18 08:15:00-04:00,451,12174619
1995-07-18 08:30:00-04:00,676,10031899
1995-07-18 08:45:00-04:00,852,12839612
1995-07-18 09:00:00-04:00,828,14978602
1995-07-18 09:15:00-04:00,832,14793502
1995-07-18 09:30:00-04:00,921,17123229
1995-07-18 09:45:00-04:00,822,15186806
1995-07-18 10:00:00-04:00,777,12982077
1995-07-18 10:15:00-04:00,786,9047140
1995-07-18 10:30:00-04:00,740,8465271
1995-07-18 10:45:00-04:00,932,14105217
1995-07-18 11:00:00-04:00,731,24391904
1995-07-18 11:15:00-04:00,1017,16577364
1995-07-18 11:30:00-04:00,850,12500210
1995-07-18 11:45:00-04:00,1091,19342111
1995-07-18 12:00:00-04:00,1105,18190457
1995-07-18 12:15:00-04:00,1366,18198289
1995-07-18 12:30:00-04:00,1041,18230514
1995-07-18 12:45:00-04:00,1211,21610251
1995-07-18 13:00:00-04:00,1210,21831337
1995-07-18 13:15:00-04:00,1232,18271481
1995-07-18 13:30:00-04:00,1386,23173985
1995-07-18 13:45:00-04:00,1277,18472843
1995-07-18 14:00:00-04:00,1112,29508770
1995-07-18 14:15:00-04:00,1155,20966465
1995-07-18 14:30:00-04:00,1238,20249969
1995-07-18 14:45:00-04:00,1181,17547227
1995-07-18 15:00:00-04:00,1316,25999615
1995-07-18 15:15:00-04:00,1228,20888374
1995-07-18 15:30:00-04:00,1519,30879804
1995-07-18 15:45:00-04:00,1368,24609855
1995-07-18 16:00:00-04:00,1476,23040819
1995-07-18 16:15:00-04:00,1381,20222378
1995-07-18 16:30:00-04:00,1316,21460423
1995-07-18 16:45:00-04:00,1302,23634937
1995-07-18 17:00:00-04:00,651,10190790
1995-07-18 17:15:00-04:00,574,11602757
1995-07-18 17:30:00-04:00,929,14105580
1995-07-18 17:45:00-04:00,564,8072545
1995-07-18 18:00:00-04:00,424,4981936
1995-07-18 18:15:00-04:00,627,7826593
1995-07-18 18:30:00-04:00,656,10649875
1995-07-18 18:45:00-04:00,828,14680270
1995-07-18 19:00:00-04:00,756,13800059
1995-07-18 19:15:00-04:00,893,16563019
1995-07-18 19:30:00-04:00,892,12928166
1995-07-18 19:45:00-04:00,711,10970711
1995-07-18 20:00:00-04:00,659,7750507
1995-07-18 20:15:00-04:00,489,12531565
1995-07-18 20:30:00-04:00,642,15746428
1995-07-18 20:45:00-04:00,563,11020377
1995-07-18 21:00:00-04:00,495,11558935
1995-07-18 21:15:00-04:00,645,10850036
1995-07-18 21:30:00-04:00,662,10653689
1995-07-18 21:45:00-04:00,632,10981496
1995-07-18 22:00:00-04:00,445,10824955
1995-07-18 22:15:00-04:00,502,8120522
1995-07-18 22:30:00-04:00,471,11264037
1995-07-18 22:45:00-04:00,552,8171921
1995-07-18 23:00:00-04:00,631,9041220
1995-07-18 23:15:00-04:00,783,14747713
1995-07-18 23:30:00-04:00,563,14981850
1995-07-18 23:45:00-04:00,434,8513050
1995-07-19 00:00:00-04:00,464,7804452
1995-07-19 00:15:00-04:00,503,10798442
1995-07-19 00:30:00-04:00,417,9671893
1995-07-19 00:45:00-04:00,432,5739693
1995-07-19 01:00:00-04:00,362,6450851
1995-07-19 01:15:00-04:00,459,8089969
1995-07-19 01:30:00-04:00,418,9193616
1995-07-19 01:45:00-04:00,392,6656483
1995-07-19 02:00:00-04:00,402,7844044
1995-07-19 02:15:00-04:00,477,14206885
1995-07-19 02:30:00-04:00,263,5260612
1995-07-19 02:45:00-04:00,328,5399134
1995-07-19 03:00:00-04:00,327,5853871
1995-07-19 03:15:00-04:00,373,5884801
1995-07-19 03:30:00-04:00,310,7896245
1995-07-19 03:45:00-04:00,353,7562472
1995-07-19 04:00:00-04:00,390,6418381
1995-07-19 04:15:00-04:00,412,9323011
1995-07-19 04:30:00-04:00,298,6287796
1995-07-19 04:45:00-04:00,385,6682278
1995-07-19 05:00:00-04:00,238,6789460
1995-07-19 05:15:00-04:00,240,7023462
1995-07-19 05:30:00-04:00,314,8968697
1995-07-19 05:45:00-04:00,301,9048948
1995-07-19 06:00:00-04:00,293,3068555
1995-07-19 06:15:00-04:00,339,4040938
1995-07-19 06:30:00-04:00,375,4592954
1995-07-19 06:45:00-04:00,444,9359030
1995-07-19 07:00:00-04:00,379,8906493
1995-07-19 07:15:00-04:00,419,7845956
1995-07-19 07:30:00-04:00,598,10798651
1995-07-19 07:45:00-04:00,863,14740237
1995-07-19 08:00:00-04:00,870,21752914
1995-07-19 08:15:00-04:00,726,14519264
1995-07-19 08:30:00-04:00,812,11598226
1995-07-19 08:45:00-04:00,637,12029805
1995-07-19 09:00:00-04:00,879,21223515
1995-07-19 09:15:00-04:00,860,9416983
1995-07-19 09:30:00-04:00,1101,16357553
1995-07-19 09:45:00-04:00,849,14065792
1995-07-19 10:00:00-04:00,1093,17394577
1995-07-19 10:15:00-04:00,1128,20936347
1995-07-19 10:30:00-04:00,1221,19140928
1995-07-19 10:45:00-04:00,1052,18563217
1995-07-19 11:00:00-04:00,1096,17211886
1995-07-19 11:15:00-04:00,1100,18782116
1995-07-19 11:30:00-04:00,1392,17320004
1995-07-19 11:45:00-04:00,1305,18166330
1995-07-19 12:00:00-04:00,1380,22268642
1995-07-19 12:15:00-04:00,1277,22094700
1995-07-19 12:30:00-04:00,1191,19649734
1995-07-19 12:45:00-04:00,1315,20392678
1995-07-19 13:00:00-04:00,1149,22142278
1995-07-19 13:15:00-04:00,1335,23178061
1995-07-19 13:30:00-04:00,1111,19434295
1995-07-19 13:45:00-04:00,1044,18748816
1995-07-19 14:00:00-04:00,1238,17788877
1995-07-19 14:15:00-04:00,1323,18664842
1995-07-19 14:30:00-04:00,1206,22563450
1995-07-19 14:45:00-04:00,1171,22503845
1995-07-19 15:00:00-04:00,1280,19185795
1995-07-19 15:15:00-04:00,1235,20876301
1995-07-19 15:30:00-04:00,1255,21857125
1995-07-19 15:45:00-04:00,1527,31134860
1995-07-19 16:00:00-04:00,1372,26085348
1995-07-19 16:15:00-04:00,1479,24592733
1995-07-19 16:30:00-04:00,956,21666178
1995-07-19 16:45:00-04:00,698,13869547
1995-07-19 17:00:00-04:00,888,15379025
1995-07-19 17:15:00-04:00,1144,25046052
1995-07-19 17:30:00-04:00,1104,23268728
1995-07-19 17:45:00-04:00,1092,24612680
1995-07-19 18:00:00-04:00,953,17681949
1995-07-19 18:15:00-04:00,653,13888693
1995-07-19 18:30:00-04:00,750,12194368
1995-07-19 18:45:00-04:00,705,17277433
1995-07-19 19:00:00-04:00,629,14864914
1995-07-19 19:15:00-04:00,697,16660471
1995-07-19 19:30:00-04:00,774,20737768
1995-07-19 19:45:00-04:00,705,17238696
1995-07-19 20:00:00-04:00,884,19829375
1995-07-19 20:15:00-04:00,615,13208547
1995-07-19 20:30:00-04:00,731,18523721
1995-07-19 20:45:00-04:00,658,18024105
1995-07-19 21:00:00-04:00,496,11449102
1995-07-19 21:15:00-04:00,541,8552814
1995-07-19 21:30:00-04:00,684,17276790
1995-07-19 21:45:00-04:00,762,15957155
1995-07-19 22:00:00-04:00,607,11013746
1995-07-19 22:15:00-04:00,624,14339686
1995-07-19 22:30:00-04:00,337,6495511
1995-07-19 22:45:00-04:00,312,2724135
1995-07-19 23:00:00-04:00,483,8957316
1995-07-19 23:15:00-04:00,551,8795860
1995-07-19 23:30:00-04:00,519,9429057
1995-07-19 23:45:00-04:00,609,11106676
1995-07-20 00:00:00-04:00,619,11425386
1995-07-20 00:15:00-04:00,391,5934584
1995-07-20 00:30:00-04:00,439,8755886
1995-07-20 00:45:00-04:00,521,14895232
1995-07-20 01:00:00-04:00,391,10648000
1995-07-20 01:15:00-04:00,405,9635763
1995-07-20 01:30:00-04:00,411,7388152
1995-07-20 01:45:00-04:00,443,7414127
1995-07-20 02:00:00-04:00,547,11331527
1995-07-20 02:15:00-04:00,410,11505657
1995-07-20 02:30:00-04:00,329,9130979
1995-07-20 02:45:00-04:00,387,9358647
1995-07-20 03:00:00-04:00,183,5910199
1995-07-20 03:15:00-04:00,329,4940369
1995-07-20 03:30:00-04:00,261,5476890
1995-07-20 03:45:00-04:00,326,5548542
1995-07-20 04:00:00-04:00,300,9185930
1995-07-20 04:15:00-04:00,193,4404917
1995-07-20 04:30:00-04:00,150,5285976
1995-07-20 04:45:00-04:00,275,3923734
1995-07-20 05:00:00-04:00,263,5439065
1995-07-20 05:15:00-04:00,216,6848202
1995-07-20 05:30:00-04:00,255,3408683
1995-07-20 05:45:00-04:00,255,4109861
1995-07-20 06:00:00-04:00,167,4740727
1995-07-20 06:15:00-04:00,171,2689295
1995-07-20 06:30:00-04:00,258,6888978
1995-07-20 06:45:00-04:00,360,6886652
1995-07-20 07:00:00-04:00,421,9299826
1995-07-20 07:15:00-04:00,480,12725232
1995-07-20 07:30:00-04:00,503,6959510
1995-07-20 07:45:00-04:00,710,11428522
1995-07-20 08:00:00-04:00,852,12162166
1995-07-20 08:15:00-04:00,601,8153944
1995-07-20 08:30:00-04:00,777,15187914
1995-07-20 08:45:00-04:00,877,13035645
1995-07-20 09:00:00-04:00,859,11347425
1995-07-20 09:15:00-04:00,813,10198350
1995-07-20 09:30:00-04:00,751,13569608
1995-07-20 09:45:00-04:00,1085,13031749
1995-07-20 10:00:00-04:00,1206,27663680
1995-07-20 10:15:00-04:00,923,21346824
1995-07-20 10:30:00-04:00,980,18494271
1995-07-20 10:45:00-04:00,1119,18753961
1995-07-20 11:00:00-04:00,884,22575711
1995-07-20 11:15:00-04:00,1050,19210902
1995-07-20 11:30:00-04:00,1091,20318625
1995-07-20 11:45:00-04:00,1390,24007638
1995-07-20 12:00:00-04:00,1176,20973810
1995-07-20 12:15:00-04:00,1162,23065605
1995-07-20 12:30:00-04:00,1382,22163692
1995-07-20 12:45:00-04:00,1457,25055114
1995-07-20 13:00:00-04:00,1157,22592808
1995-07-20 13:15:00-04:00,1097,16302904
1995-07-20 13:30:00-04:00,1064,21981408
1995-07-20 13:45:00-04:00,993,15795796
1995-07-20 14:00:00-04:00,1073,22031789
1995-07-20 14:15:00-04:00,1122,15200975
1995-07-20 14:30:00-04:00,1252,21101059
1995-07-20 14:45:00-04:00,1114,17206297
1995-07-20 15:00:00-04:00,1207,22140327
1995-07-20 15:15:00-04:00,1223,26423637
1995-07-20 15:30:00-04:00,1200,20454064
1995-07-20 15:45:00-04:00,1235,24950843
1995-07-20 16:00:00-04:00,1247,23318351
1995-07-20 16:15:00-04:00,1188,23783200
1995-07-20 16:30:00-04:00,1150,24299220
1995-07-20 16:45:00-04:00,1034,19511063
1995-07-20 17:00:00-04:00,1219,21898050
1995-07-20 17:15:00-04:00,857,16009600
1995-07-20 17:30:00-04:00,961,13662977
1995-07-20 17:45:00-04:00,873,15908837
1995-07-20 18:00:00-04:00,582,12699055
1995-07-20 18:15:00-04:00,673,11265369
1995-07-20 18:30:00-04:00,379,7929747
1995-07-20 18:45:00-04:00,454,6410022
1995-07-20 19:00:00-04:00,494,7439719
1995-07-20 19:15:00-04:00,438,7333360
1995-07-20 19:30:00-04:00,479,9753657
1995-07-20 19:45:00-04:00,455,5945479
1995-07-20 20:00:00-04:00,464,7026398
1995-07-20 20:15:00-04:00,551,8559613
1995-07-20 20:30:00-04:00,559,6718865
1995-07-20 20:45:00-04:00,464,4978813
1995-07-20 21:00:00-04:00,517,6476316
1995-07-20 21:15:00-04:00,408,5698556
1995-07-20 21:30:00-04:00,663,11031211
1995-07-20 21:45:00-04:00,515,8608200
1995-07-20 22:00:00-04:00,543,9384360
1995-07-20 22:15:00-04:00,642,8319420
1995-07-20 22:30:00-04:00,448,6552265
1995-07-20 22:45:00-04:00,655,8732937
1995-07-20 23:00:00-04:00,436,7035038
1995-07-20 23:15:00-04:00,621,9204578
1995-07-20 23:30:00-04:00,454,7630776
1995-07-20 23:45:00-04:00,629,12718040
1995-07-21 00:00:00-04:00,473,9237985
1995-07-21 00:15:00-04:00,352,6232186
1995-07-21 00:30:00-04:00,451,9766808
1995-07-21 00:45:00-04:00,373,7911984
1995-07-21 01:00:00-04:00,282,6810928
1995-07-21 01:15:00-04:00,343,4647105
1995-07-21 01:30:00-04:00,318,5070509
1995-07-21 01:45:00-04:00,263,5778162
1995-07-21 02:00:00-04:00,330,8109977
1995-07-21 02:15:00-04:00,440,5194588
1995-07-21 02:30:00-04:00,327,5524670
1995-07-21 02:45:00-04:00,323,4939271
1995-07-21 03:00:00-04:00,347,3550781
1995-07-21 03:15:00-04:00,179,3603027
1995-07-21 03:30:00-04:00,254,2998432
1995-07-21 03:45:00-04:00,271,2573530
1995-07-21 04:00:00-04:00,160,2025816
1995-07-21 04:15:00-04:00,208,3345734
1995-07-21 04:30:00-04:00,240,6566701
1995-07-21 04:45:00-04:00,281,5552322
1995-07-21 05:00:00-04:00,452,7562865
1995-07-21 05:15:00-04:00,260,5055672
1995-07-21 05:30:00-04:00,167,3103288
1995-07-21 05:45:00-04:00,261,2367303
1995-07-21 06:00:00-04:00,196,3271690
1995-07-21 06:15:00-04:00,264,4303996
1995-07-21 06:30:00-04:00,267,4395871
1995-07-21 06:45:00-04:00,447,3579427
1995-07-21 07:00:00-04:00,401,8889752
1995-07-21 07:15:00-04:00,461,6911164
1995-07-21 07:30:00-04:00,743,14077018
1995-07-21 07:45:00-04:00,884,14766992
1995-07-21 08:00:00-04:00,864,15749245
1995-07-21 08:15:00-04:00,974,25370048
1995-07-21 08:30:00-04:00,737,10163914
1995-07-21 08:45:00-04:00,1092,18350492
1995-07-21 09:00:00-04:00,978,15433201
1995-07-21 09:15:00-04:00,899,8369884
1995-07-21 09:30:00-04:00,1248,20136258
1995-07-21 09:45:00-04:00,959,17098234
1995-07-21 10:00:00-04:00,1157,18827265
1995-07-21 10:15:00-04:00,1197,20758012
1995-07-21 10:30:00-04:00,817,15480431
1995-07-21 10:45:00-04:00,824,18639786
1995-07-21 11:00:00-04:00,1193,18496214
1995-07-21 11:15:00-04:00,901,17050347
1995-07-21 11:30:00-04:00,947,25343430
1995-07-21 11:45:00-04:00,1251,17638131
1995-07-21 12:00:00-04:00,1118,17074504
1995-07-21 12:15:00-04:00,1129,22909228
1995-07-21 12:30:00-04:00,882,20472067
1995-07-21 12:45:00-04:00,1145,19517568
1995-07-21 13:00:00-04:00,1426,20054587
1995-07-21 13:15:00-04:00,1550,26271828
1995-07-21 13:30:00-04:00,1542,22011476
1995-07-21 13:45:00-04:00,1232,16080924
1995-07-21 14:00:00-04:00,1201,19083723
1995-07-21 14:15:00-04:00,1103,24417368
1995-07-21 14:30:00-04:00,1326,27715286
1995-07-21 14:45:00-04:00,1083,18109664
1995-07-21 15:00:00-04:00,924,12982001
1995-07-21 15:15:00-04:00,961,13037893
1995-07-21 15:30:00-04:00,1129,16106144
1995-07-21 15:45:00-04:00,1092,19311881
1995-07-21 16:00:00-04:00,795,9830470
1995-07-21 16:15:00-04:00,915,14575806
1995-07-21 16:30:00-04:00,1126,25832871
1995-07-21 16:45:00-04:00,1184,20147156
1995-07-21 17:00:00-04:00,1020,24561848
1995-07-21 17:15:00-04:00,584,12602291
1995-07-21 17:30:00-04:00,937,16710462
1995-07-21 17:45:00-04:00,896,15016639
1995-07-21 18:00:00-04:00,572,11564290
1995-07-21 18:15:00-04:00,654,13455618
1995-07-21 18:30:00-04:00,381,5900594
1995-07-21 18:45:00-04:00,173,4798010
1995-07-21 19:00:00-04:00,133,1908231
1995-07-21 19:15:00-04:00,442,9909180
1995-07-21 19:30:00-04:00,635,9510583
1995-07-21 19:45:00-04:00,526,9859644
1995-07-21 20:00:00-04:00,116,2988201
1995-07-21 20:15:00-04:00,252,3647781
1995-07-21 20:30:00-04:00,606,11004770
1995-07-21 20:45:00-04:00,687,12648617
1995-07-21 21:00:00-04:00,664,11888127
1995-07-21 21:15:00-04:00,583,15313632
1995-07-21 21:30:00-04:00,621,12226696
1995-07-21 21:45:00-04:00,488,7238087
1995-07-21 22:00:00-04:00,502,7685335
1995-07-21 22:15:00-04:00,374,3870650
1995-07-21 22:30:00-04:00,466,5970218
1995-07-21 22:45:00-04:00,445,8867070
1995-07-21 23:00:00-04:00,593,8977212
1995-07-21 23:15:00-04:00,649,13431377
1995-07-21 23:30:00-04:00,377,8915202
1995-07-21 23:45:00-04:00,334,4667485
1995-07-22 00:00:00-04:00,456,6435611
1995-07-22 00:15:00-04:00,405,7326535
1995-07-22 00:30:00-04:00,512,7673874
1995-07-22 00:45:00-04:00,218,5429260
1995-07-22 01:00:00-04:00,324,8297790
1995-07-22 01:15:00-04:00,500,8626441
1995-07-22 01:30:00-04:00,505,8814665
1995-07-22 01:45:00-04:00,436,9176259
1995-07-22 02:00:00-04:00,355,8995506
1995-07-22 02:15:00-04:00,339,5957977
1995-07-22 02:30:00-04:00,248,7543320
1995-07-22 02:45:00-04:00,181,2515968
1995-07-22 03:00:00-04:00,303,4939776
1995-07-22 03:15:00-04:00,265,6932755
1995-07-22 03:30:00-04:00,196,5616895
1995-07-22 03:45:00-04:00,220,3604953
1995-07-22 04:00:00-04:00,232,3440254
1995-07-22 04:15:00-04:00,196,5942848
1995-07-22 04:30:00-04:00,248,3269803
1995-07-22 04:45:00-04:00,267,6687507
1995-07-22 05:00:00-04:00,163,2171416
1995-07-22 05:15:00-04:00,191,2246018
1995-07-22 05:30:00-04:00,136,3541418
1995-07-22 05:45:00-04:00,268,4733190
1995-07-22 06:00:00-04:00,160,4013928
1995-07-22 06:15:00-04:00,209,4741734
1995-07-22 06:30:00-04:00,220,3422559
1995-07-22 06:45:00-04:00,85,801338
1995-07-22 07:00:00-04:00,137,2366244
1995-07-22 07:15:00-04:00,283,3635040
1995-07-22 07:30:00-04:00,151,1900876
1995-07-22 07:45:00-04:00,325,4036598
1995-07-22 08:00:00-04:00,529,9817098
1995-07-22 08:15:00-04:00,318,8863061
1995-07-22 08:30:00-04:00,283,6936743
1995-07-22 08:45:00-04:00,338,6180222
1995-07-22 09:00:00-04:00,205,5029127
1995-07-22 09:15:00-04:00,266,3318913
1995-07-22 09:30:00-04:00,305,3860145
1995-07-22 09:45:00-04:00,344,4754025
1995-07-22 10:00:00-04:00,377,6669465
1995-07-22 10:15:00-04:00,390,7133141
1995-07-22 10:30:00-04:00,258,4894043
1995-07-22 10:45:00-04:00,333,11011655
1995-07-22 11:00:00-04:00,309,5374496
1995-07-22 11:15:00-04:00,318,4981933
1995-07-22 11:30:00-04:00,360,5643273
1995-07-22 11:45:00-04:00,514,6117141
1995-07-22 12:00:00-04:00,574,7472282
1995-07-22 12:15:00-04:00,542,10413650
1995-07-22 12:30:00-04:00,443,8194235
1995-07-22 12:45:00-04:00,397,10870117
1995-07-22 13:00:00-04:00,410,9890464
1995-07-22 13:15:00-04:00,333,5913366
1995-07-22 13:30:00-04:00,483,10346441
1995-07-22 13:45:00-04:00,611,14808252
1995-07-22 14:00:00-04:00,598,11503736
1995-07-22 14:15:00-04:00,503,10398343
1995-07-22 14:30:00-04:00,456,7877470
1995-07-22 14:45:00-04:00,502,7168138
1995-07-22 15:00:00-04:00,523,9947088
1995-07-22 15:15:00-04:00,642,11186030
1995-07-22 15:30:00-04:00,507,7547068
1995-07-22 15:45:00-04:00,536,12915278
1995-07-22 16:00:00-04:00,560,13057876
1995-07-22 16:15:00-04:00,583,11644743
1995-07-22 16:30:00-04:00,481,6093847
1995-07-22 16:45:00-04:00,679,7692298
1995-07-22 17:00:00-04:00,579,8474037
1995-07-22 17:15:00-04:00,399,7972586
1995-07-22 17:30:00-04:00,366,6085388
1995-07-22 17:45:00-04:00,402,8069017
1995-07-22 18:00:00-04:00,374,6123687
1995-07-22 18:15:00-04:00,355,5189389
1995-07-22 18:30:00-04:00,465,9186757
1995-07-22 18:45:00-04:00,453,10459731
1995-07-22 19:00:00-04:00,267,4228551
1995-07-22 19:15:00-04:00,273,4076469
1995-07-22 19:30:00-04:00,251,5869159
1995-07-22 19:45:00-04:00,253,4427650
1995-07-22 20:00:00-04:00,367,6744119
1995-07-22 20:15:00-04:00,321,8362595
1995-07-22 20:30:00-04:00,433,9919642
1995-07-22 20:45:00-04:00,283,6549461
1995-07-22 21:00:00-04:00,258,3286853
1995-07-22 21:15:00-04:00,258,4681544
1995-07-22 21:30:00-04:00,430,5698926
1995-07-22 21:45:00-04:00,335,4583093
1995-07-22 22:00:00-04:00,273,6300958
1995-07-22 22:15:00-04:00,418,7914033
1995-07-22 22:30:00-04:00,396,6555648
1995-07-22 22:45:00-04:00,393,6506536
1995-07-22 23:00:00-04:00,354,6150044
1995-07-22 23:15:00-04:00,497,13194533
1995-07-22 23:30:00-04:00,703,16635003
1995-07-22 23:45:00-04:00,567,13240587
1995-07-23 00:00:00-04:00,574,12243513
1995-07-23 00:15:00-04:00,308,5410090
1995-07-23 00:30:00-04:00,421,6991858
1995-07-23 00:45:00-04:00,510,7619577
1995-07-23 01:00:00-04:00,375,8425480
1995-07-23 01:15:00-04:00,503,8822153
1995-07-23 01:30:00-04:00,449,8550679
1995-07-23 01:45:00-04:00,252,7336022
1995-07-23 02:00:00-04:00,344,7086455
1995-07-23 02:15:00-04:00,313,6067194
1995-07-23 02:30:00-04:00,382,5521596
1995-07-23 02:45:00-04:00,285,4616510
1995-07-23 03:00:00-04:00,238,3373223
1995-07-23 03:15:00-04:00,250,3397351
1995-07-23 03:30:00-04:00,185,4010148
1995-07-23 03:45:00-04:00,242,5181964
1995-07-23 04:00:00-04:00,242,5912810
1995-07-23 04:15:00-04:00,218,4220709
1995-07-23 04:30:00-04:00,260,4658873
1995-07-23 04:45:00-04:00,180,2427891
1995-07-23 05:00:00-04:00,242,4360730
1995-07-23 05:15:00-04:00,186,7042204
1995-07-23 05:30:00-04:00,123,2298482
1995-07-23 05:45:00-04:00,267,7133161
1995-07-23 06:00:00-04:00,223,9776238
1995-07-23 06:15:00-04:00,175,4579122
1995-07-23 06:30:00-04:00,84,2249680
1995-07-23 06:45:00-04:00,189,2337503
1995-07-23 07:00:00-04:00,84,1783824
1995-07-23 07:15:00-04:00,131,2991556
1995-07-23 07:30:00-04:00,97,1904876
1995-07-23 07:45:00-04:00,160,4286747
1995-07-23 08:00:00-04:00,234,4048583
1995-07-23 08:15:00-04:00,369,6953438
1995-07-23 08:30:00-04:00,422,16144294
1995-07-23 08:45:00-04:00,316,9755951
1995-07-23 09:00:00-04:00,227,3596101
1995-07-23 09:15:00-04:00,358,7697333
1995-07-23 09:30:00-04:00,400,5541948
1995-07-23 09:45:00-04:00,316,6310428
1995-07-23 10:00:00-04:00,311,5276493
1995-07-23 10:15:00-04:00,334,3461352
1995-07-23 10:30:00-04:00,294,7115732
1995-07-23 10:45:00-04:00,360,8951611
1995-07-23 11:00:00-04:00,357,7974276
1995-07-23 11:15:00-04:00,372,9572388
1995-07-23 11:30:00-04:00,416,8075073
1995-07-23 11:45:00-04:00,460,9908611
1995-07-23 12:00:00-04:00,378,10555718
1995-07-23 12:15:00-04:00,423,8608215
1995-07-23 12:30:00-04:00,368,9766083
1995-07-23 12:45:00-04:00,399,5740124
1995-07-23 13:00:00-04:00,505,7940857
1995-07-23 13:15:00-04:00,400,15562478
1995-07-23 13:30:00-04:00,451,8105377
1995-07-23 13:45:00-04:00,464,7378201
1995-07-23 14:00:00-04:00,566,6759574
1995-07-23 14:15:00-04:00,510,7373855
1995-07-23 14:30:00-04:00,405,5446519
1995-07-23 14:45:00-04:00,484,9601783
1995-07-23 15:00:00-04:00,552,11106225
1995-07-23 15:15:00-04:00,545,10324896
1995-07-23 15:30:00-04:00,651,10960735
1995-07-23 15:45:00-04:00,398,6850805
1995-07-23 16:00:00-04:00,435,9660140
1995-07-23 16:15:00-04:00,562,11004764
1995-07-23 16:30:00-04:00,571,10689860
1995-07-23 16:45:00-04:00,601,15385057
1995-07-23 17:00:00-04:00,605,10818894
1995-07-23 17:15:00-04:00,548,12167510
1995-07-23 17:30:00-04:00,486,9950614
1995-07-23 17:45:00-04:00,532,10176757
1995-07-23 18:00:00-04:00,387,6576130
1995-07-23 18:15:00-04:00,523,11087667
1995-07-23 18:30:00-04:00,471,7895630
1995-07-23 18:45:00-04:00,458,6056930
1995-07-23 19:00:00-04:00,424,7705582
1995-07-23 19:15:00-04:00,566,5710517
1995-07-23 19:30:00-04:00,409,5913226
1995-07-23 19:45:00-04:00,523,8842347
1995-07-23 20:00:00-04:00,466,8543231
1995-07-23 20:15:00-04:00,659,18671438
1995-07-23 20:30:00-04:00,596,11694275
1995-07-23 20:45:00-04:00,702,13869549
1995-07-23 21:00:00-04:00,713,11409712
1995-07-23 21:15:00-04:00,506,9116472
1995-07-23 21:30:00-04:00,677,13167283
1995-07-23 21:45:00-04:00,696,13260294
1995-07-23 22:00:00-04:00,653,10655593
1995-07-23 22:15:00-04:00,527,11842390
1995-07-23 22:30:00-04:00,621,7845811
1995-07-23 22:45:00-04:00,605,10650576
1995-07-23 23:00:00-04:00,698,12918053
1995-07-23 23:15:00-04:00,555,12182100
1995-07-23 23:30:00-04:00,381,7514216
1995-07-23 23:45:00-04:00,506,8125720
1995-07-24 00:00:00-04:00,512,8241928
1995-07-24 00:15:00-04:00,480,13461824
1995-07-24 00:30:00-04:00,383,8726880
1995-07-24 00:45:00-04:00,452,9190276
1995-07-24 01:00:00-04:00,400,11420858
1995-07-24 01:15:00-04:00,283,12074465
1995-07-24 01:30:00-04:00,321,7087362
1995-07-24 01:45:00-04:00,215,6253654
1995-07-24 02:00:00-04:00,257,4668591
1995-07-24 02:15:00-04:00,291,5457441
1995-07-24 02:30:00-04:00,301,4451032
1995-07-24 02:45:00-04:00,362,6145592
1995-07-24 03:00:00-04:00,241,3045199
1995-07-24 03:15:00-04:00,205,3790713
1995-07-24 03:30:00-04:00,270,4328064
1995-07-24 03:45:00-04:00,231,5607907
1995-07-24 04:00:00-04:00,251,5048334
1995-07-24 04:15:00-04:00,194,7245326
1995-07-24 04:30:00-04:00,178,2269721
1995-07-24 04:45:00-04:00,179,4294398
1995-07-24 05:00:00-04:00,286,3947215
1995-07-24 05:15:00-04:00,292,4178424
1995-07-24 05:30:00-04:00,237,3779498
1995-07-24 05:45:00-04:00,235,2688258
1995-07-24 06:00:00-04:00,266,3506380
1995-07-24 06:15:00-04:00,332,8198716
1995-07-24 06:30:00-04:00,310,8218092
1995-07-24 06:45:00-04:00,266,4298797
1995-07-24 07:00:00-04:00,327,6855835
1995-07-24 07:15:00-04:00,393,8890475
1995-07-24 07:30:00-04:00,417,9497558
1995-07-24 07:45:00-04:00,597,8015634
1995-07-24 08:00:00-04:00,722,17509133
1995-07-24 08:15:00-04:00,536,11638985
1995-07-24 08:30:00-04:00,725,10453978
1995-07-24 08:45:00-04:00,633,13727091
1995-07-24 09:00:00-04:00,686,11797921
1995-07-24 09:15:00-04:00,882,16204281
1995-07-24 09:30:00-04:00,1101,15475311
1995-07-24 09:45:00-04:00,919,13136418
1995-07-24 10:00:00-04:00,906,13978507
1995-07-24 10:15:00-04:00,816,11936673
1995-07-24 10:30:00-04:00,843,15345319
1995-07-24 10:45:00-04:00,767,13370110
1995-07-24 11:00:00-04:00,966,15544508
1995-07-24 11:15:00-04:00,1105,15690732
1995-07-24 11:30:00-04:00,719,10106096
1995-07-24 11:45:00-04:00,1226,23091084
1995-07-24 12:00:00-04:00,1277,23411166
1995-07-24 12:15:00-04:00,1216,19320561
1995-07-24 12:30:00-04:00,1298,21614286
1995-07-24 12:45:00-04:00,1269,17006650
1995-07-24 13:00:00-04:00,1152,18850029
1995-07-24 13:15:00-04:00,1191,34364585
1995-07-24 13:30:00-04:00,1287,22494810
1995-07-24 13:45:00-04:00,1295,29362976
1995-07-24 14:00:00-04:00,1215,20234631
1995-07-24 14:15:00-04:00,1400,21119697
1995-07-24 14:30:00-04:00,1165,25778486
1995-07-24 14:45:00-04:00,1120,25384082
1995-07-24 15:00:00-04:00,1151,24598791
1995-07-24 15:15:00-04:00,1291,21346687
1995-07-24 15:30:00-04:00,1353,23153044
1995-07-24 15:45:00-04:00,1452,39559190
1995-07-24 16:00:00-04:00,1583,39629915
1995-07-24 16:15:00-04:00,1258,25093995
1995-07-24 16:30:00-04:00,1015,20420712
1995-07-24 16:45:00-04:00,1040,18777475
1995-07-24 17:00:00-04:00,1030,16932604
1995-07-24 17:15:00-04:00,883,15622847
1995-07-24 17:30:00-04:00,974,17360992
1995-07-24 17:45:00-04:00,811,15710270
1995-07-24 18:00:00-04:00,717,14823221
1995-07-24 18:15:00-04:00,572,12796631
1995-07-24 18:30:00-04:00,505,9151928
1995-07-24 18:45:00-04:00,532,8821401
1995-07-24 19:00:00-04:00,675,14585702
1995-07-24 19:15:00-04:00,608,11412448
1995-07-24 19:30:00-04:00,619,13722512
1995-07-24 19:45:00-04:00,337,10730770
1995-07-24 20:00:00-04:00,119,1046122
1995-07-24 20:15:00-04:00,466,7054181
1995-07-24 20:30:00-04:00,576,12512432
1995-07-24 20:45:00-04:00,405,8541259
1995-07-24 21:00:00-04:00,539,8408786
1995-07-24 21:15:00-04:00,584,13798813
1995-07-24 21:30:00-04:00,465,7728672
1995-07-24 21:45:00-04:00,556,8838370
1995-07-24 22:00:00-04:00,346,4464566
1995-07-24 22:15:00-04:00,519,8698980
1995-07-24 22:30:00-04:00,602,9175559
1995-07-24 22:45:00-04:00,491,8497367
1995-07-24 23:00:00-04:00,511,7100619
1995-07-24 23:15:00-04:00,508,7582482
1995-07-24 23:30:00-04:00,411,6022180
1995-07-24 23:45:00-04:00,354,6589479
1995-07-25 00:00:00-04:00,430,9911831
1995-07-25 00:15:00-04:00,419,11236819
1995-07-25 00:30:00-04:00,234,7144737
1995-07-25 00:45:00-04:00,336,4889768
1995-07-25 01:00:00-04:00,315,5809754
1995-07-25 01:15:00-04:00,260,4151502
1995-07-25 01:30:00-04:00,406,8978245
1995-07-25 01:45:00-04:00,379,8859693
1995-07-25 02:00:00-04:00,369,6665176
1995-07-25 02:15:00-04:00,350,5677836
1995-07-25 02:30:00-04:00,212,3740766
1995-07-25 02:45:00-04:00,148,2669865
1995-07-25 03:00:00-04:00,224,4051341
1995-07-25 03:15:00-04:00,281,3853002
1995-07-25 03:30:00-04:00,297,8750634
1995-07-25 03:45:00-04:00,323,10452983
1995-07-25 04:00:00-04:00,228,6331384
1995-07-25 04:15:00-04:00,195,7576911
1995-07-25 04:30:00-04:00,262,9811533
1995-07-25 04:45:00-04:00,375,6054778
1995-07-25 05:00:00-04:00,231,3364403
1995-07-25 05:15:00-04:00,199,3423636
1995-07-25 05:30:00-04:00,191,2246666
1995-07-25 05:45:00-04:00,312,2960262
1995-07-25 06:00:00-04:00,125,2429319
1995-07-25 06:15:00-04:00,150,1791530
1995-07-25 06:30:00-04:00,302,7385245
1995-07-25 06:45:00-04:00,249,4452482
1995-07-25 07:00:00-04:00,443,4144899
1995-07-25 07:15:00-04:00,383,4873099
1995-07-25 07:30:00-04:00,270,4428556
1995-07-25 07:45:00-04:00,462,8982183
1995-07-25 08:00:00-04:00,607,9878137
1995-07-25 08:15:00-04:00,641,7783378
1995-07-25 08:30:00-04:00,618,9163232
1995-07-25 08:45:00-04:00,613,8540875
1995-07-25 09:00:00-04:00,692,11797577
1995-07-25 09:15:00-04:00,879,16451330
1995-07-25 09:30:00-04:00,901,19985716
1995-07-25 09:45:00-04:00,865,18067025
1995-07-25 10:00:00-04:00,879,13047878
1995-07-25 10:15:00-04:00,1093,14425093
1995-07-25 10:30:00-04:00,892,14679843
1995-07-25 10:45:00-04:00,859,21896127
1995-07-25 11:00:00-04:00,1223,13789036
1995-07-25 11:15:00-04:00,1079,16256716
1995-07-25 11:30:00-04:00,1045,15623755
1995-07-25 11:45:00-04:00,945,19701015
1995-07-25 12:00:00-04:00,1288,26899915
1995-07-25 12:15:00-04:00,1358,21337241
1995-07-25 12:30:00-04:00,1127,22571500
1995-07-25 12:45:00-04:00,1335,23833130
1995-07-25 13:00:00-04:00,1385,23702252
1995-07-25 13:15:00-04:00,1371,21912248
1995-07-25 13:30:00-04:00,1101,17632891
1995-07-25 13:45:00-04:00,1271,25293360
1995-07-25 14:00:00-04:00,930,10795991
1995-07-25 14:15:00-04:00,947,16068457
1995-07-25 14:30:00-04:00,1003,11229657
1995-07-25 14:45:00-04:00,1237,21542037
1995-07-25 15:00:00-04:00,1126,20275866
1995-07-25 15:15:00-04:00,1013,15600603
1995-07-25 15:30:00-04:00,1205,17529019
1995-07-25 15:45:00-04:00,1159,18586846
1995-07-25 16:00:00-04:00,1277,19423887
1995-07-25 16:15:00-04:00,1301,28144754
1995-07-25 16:30:00-04:00,1148,19335302
1995-07-25 16:45:00-04:00,1031,22087529
1995-07-25 17:00:00-04:00,943,26214985
1995-07-25 17:15:00-04:00,953,22615182
1995-07-25 17:30:00-04:00,887,15833847
1995-07-25 17:45:00-04:00,632,16918906
1995-07-25 18:00:00-04:00,835,12989277
1995-07-25 18:15:00-04:00,631,10562973
1995-07-25 18:30:00-04:00,188,4089007
1995-07-25 18:45:00-04:00,548,13530464
1995-07-25 19:00:00-04:00,582,17166877
1995-07-25 19:15:00-04:00,310,6794876
1995-07-25 19:30:00-04:00,473,10844929
1995-07-25 19:45:00-04:00,705,15676691
1995-07-25 20:00:00-04:00,576,19716354
1995-07-25 20:15:00-04:00,630,11194955
1995-07-25 20:30:00-04:00,499,8439014
1995-07-25 20:45:00-04:00,575,10760543
1995-07-25 21:00:00-04:00,518,9197742
1995-07-25 21:15:00-04:00,418,7069810
1995-07-25 21:30:00-04:00,569,9354460
1995-07-25 21:45:00-04:00,555,12673146
1995-07-25 22:00:00-04:00,590,9184892
1995-07-25 22:15:00-04:00,536,9432834
1995-07-25 22:30:00-04:00,597,8871179
1995-07-25 22:45:00-04:00,480,7023931
1995-07-25 23:00:00-04:00,464,7043221
1995-07-25 23:15:00-04:00,427,7509016
1995-07-25 23:30:00-04:00,440,8654392
1995-07-25 23:45:00-04:00,334,7166998
1995-07-26 00:00:00-04:00,322,4557180
1995-07-26 00:15:00-04:00,244,4164070
1995-07-26 00:30:00-04:00,260,3254849
1995-07-26 00:45:00-04:00,369,5385774
1995-07-26 01:00:00-04:00,256,3502776
1995-07-26 01:15:00-04:00,396,6709881
1995-07-26 01:30:00-04:00,376,5786849
1995-07-26 01:45:00-04:00,331,8983605
1995-07-26 02:00:00-04:00,417,6029018
1995-07-26 02:15:00-04:00,364,6641493
1995-07-26 02:30:00-04:00,272,5553578
1995-07-26 02:45:00-04:00,247,5745582
1995-07-26 03:00:00-04:00,288,7390259
1995-07-26 03:15:00-04:00,293,4696805
1995-07-26 03:30:00-04:00,172,4839842
1995-07-26 03:45:00-04:00,310,8749510
1995-07-26 04:00:00-04:00,210,6516011
1995-07-26 04:15:00-04:00,246,3106436
1995-07-26 04:30:00-04:00,328,14857057
1995-07-26 04:45:00-04:00,261,6307216
1995-07-26 05:00:00-04:00,190,7552542
1995-07-26 05:15:00-04:00,126,3092609
1995-07-26 05:30:00-04:00,154,4170024
1995-07-26 05:45:00-04:00,236,4313890
1995-07-26 06:00:00-04:00,240,2974060
1995-07-26 06:15:00-04:00,264,2912103
1995-07-26 06:30:00-04:00,262,4348455
1995-07-26 06:45:00-04:00,257,3970075
1995-07-26 07:00:00-04:00,286,2671865
1995-07-26 07:15:00-04:00,397,5913365
1995-07-26 07:30:00-04:00,443,11459459
1995-07-26 07:45:00-04:00,500,13695173
1995-07-26 08:00:00-04:00,630,7336060
1995-07-26 08:15:00-04:00,825,15222193
1995-07-26 08:30:00-04:00,918,10845875
1995-07-26 08:45:00-04:00,687,10066819
1995-07-26 09:00:00-04:00,490,11289011
1995-07-26 09:15:00-04:00,598,4969224
1995-07-26 09:30:00-04:00,732,11767713
1995-07-26 09:45:00-04:00,455,7093551
1995-07-26 10:00:00-04:00,492,6510152
1995-07-26 10:15:00-04:00,294,2970925
1995-07-26 10:30:00-04:00,547,4776491
1995-07-26 10:45:00-04:00,811,11985187
1995-07-26 11:00:00-04:00,902,14566794
1995-07-26 11:15:00-04:00,812,10388766
1995-07-26 11:30:00-04:00,811,13556535
1995-07-26 11:45:00-04:00,939,13903870
1995-07-26 12:00:00-04:00,1039,17412873
1995-07-26 12:15:00-04:00,1191,26998132
1995-07-26 12:30:00-04:00,1074,17160937
1995-07-26 12:45:00-04:00,1038,17601968
1995-07-26 13:00:00-04:00,1097,20482819
1995-07-26 13:15:00-04:00,1246,21317983
1995-07-26 13:30:00-04:00,1291,18833489
1995-07-26 13:45:00-04:00,1028,16118099
1995-07-26 14:00:00-04:00,1279,23060406
1995-07-26 14:15:00-04:00,1157,20796956
1995-07-26 14:30:00-04:00,1141,23420763
1995-07-26 14:45:00-04:00,934,15905039
1995-07-26 15:00:00-04:00,1259,29389210
1995-07-26 15:15:00-04:00,980,14155367
1995-07-26 15:30:00-04:00,957,16818166
1995-07-26 15:45:00-04:00,1061,18431337
1995-07-26 16:00:00-04:00,1172,15749804
1995-07-26 16:15:00-04:00,683,15551589
1995-07-26 16:30:00-04:00,946,18738441
1995-07-26 16:45:00-04:00,700,11784866
1995-07-26 17:00:00-04:00,937,10302670
1995-07-26 17:15:00-04:00,651,10742169
1995-07-26 17:30:00-04:00,900,18448304
1995-07-26 17:45:00-04:00,722,17158300
1995-07-26 18:00:00-04:00,903,19409770
1995-07-26 18:15:00-04:00,786,18055436
1995-07-26 18:30:00-04:00,681,12769154
1995-07-26 18:45:00-04:00,677,13325151
1995-07-26 19:00:00-04:00,547,9337124
1995-07-26 19:15:00-04:00,760,11592256
1995-07-26 19:30:00-04:00,521,8239426
1995-07-26 19:45:00-04:00,451,6816981
1995-07-26 20:00:00-04:00,451,10304780
1995-07-26 20:15:00-04:00,542,11545532
1995-07-26 20:30:00-04:00,612,11579984
1995-07-26 20:45:00-04:00,486,8409832
1995-07-26 21:00:00-04:00,477,9163673
1995-07-26 21:15:00-04:00,482,8131184
1995-07-26 21:30:00-04:00,643,8343836
1995-07-26 21:45:00-04:00,613,8127065
1995-07-26 22:00:00-04:00,652,12626906
1995-07-26 22:15:00-04:00,543,10502088
1995-07-26 22:30:00-04:00,458,7757470
1995-07-26 22:45:00-04:00,591,10985228
1995-07-26 23:00:00-04:00,539,8154295
1995-07-26 23:15:00-04:00,443,11890498
1995-07-26 23:30:00-04:00,566,9943172
1995-07-26 23:45:00-04:00,682,10876129
1995-07-27 00:00:00-04:00,597,11890360
1995-07-27 00:15:00-04:00,488,10182793
1995-07-27 00:30:00-04:00,605,10128492
1995-07-27 00:45:00-04:00,477,13931024
1995-07-27 01:00:00-04:00,536,9093762
1995-07-27 01:15:00-04:00,327,8280788
1995-07-27 01:30:00-04:00,321,7053014
1995-07-27 01:45:00-04:00,358,6276403
1995-07-27 02:00:00-04:00,355,8495128
1995-07-27 02:15:00-04:00,293,4624767
1995-07-27 02:30:00-04:00,315,4257090
1995-07-27 02:45:00-04:00,202,5688951
1995-07-27 03:00:00-04:00,295,3930673
1995-07-27 03:15:00-04:00,278,6834283
1995-07-27 03:30:00-04:00,285,6707664
1995-07-27 03:45:00-04:00,348,5901631
1995-07-27 04:00:00-04:00,346,9773489
1995-07-27 04:15:00-04:00,347,6513192
1995-07-27 04:30:00-04:00,309,5290703
1995-07-27 04:45:00-04:00,198,3091027
1995-07-27 05:00:00-04:00,168,1878873
1995-07-27 05:15:00-04:00,220,3723158
1995-07-27 05:30:00-04:00,297,7095296
1995-07-27 05:45:00-04:00,395,8670845
1995-07-27 06:00:00-04:00,238,3663119
1995-07-27 06:15:00-04:00,248,6075900
1995-07-27 06:30:00-04:00,388,7114402
1995-07-27 06:45:00-04:00,417,10881487
1995-07-27 07:00:00-04:00,412,5181456
1995-07-27 07:15:00-04:00,534,6148119
1995-07-27 07:30:00-04:00,498,6597089
1995-07-27 07:45:00-04:00,400,7088730
1995-07-27 08:00:00-04:00,580,13106706
1995-07-27 08:15:00-04:00,788,13330299
1995-07-27 08:30:00-04:00,546,13555597
1995-07-27 08:45:00-04:00,711,13704292
1995-07-27 09:00:00-04:00,859,14138241
1995-07-27 09:15:00-04:00,750,12260165
1995-07-27 09:30:00-04:00,598,11355717
1995-07-27 09:45:00-04:00,781,13802035
1995-07-27 10:00:00-04:00,786,15053604
1995-07-27 10:15:00-04:00,945,17214656
1995-07-27 10:30:00-04:00,823,13883534
1995-07-27 10:45:00-04:00,804,11315647
1995-07-27 11:00:00-04:00,1120,17210650
1995-07-27 11:15:00-04:00,891,15295664
1995-07-27 11:30:00-04:00,1096,18271766
1995-07-27 11:45:00-04:00,994,19416261
1995-07-27 12:00:00-04:00,989,16060301
1995-07-27 12:15:00-04:00,967,17668023
1995-07-27 12:30:00-04:00,1071,18456510
1995-07-27 12:45:00-04:00,1206,19166442
1995-07-27 13:00:00-04:00,815,22552873
1995-07-27 13:15:00-04:00,1168,20150993
1995-07-27 13:30:00-04:00,1202,17361790
1995-07-27 13:45:00-04:00,1306,23050464
1995-07-27 14:00:00-04:00,1460,24827406
1995-07-27 14:15:00-04:00,1157,20456942
1995-07-27 14:30:00-04:00,996,18638714
1995-07-27 14:45:00-04:00,1244,25610065
1995-07-27 15:00:00-04:00,1154,20925932
1995-07-27 15:15:00-04:00,1085,16260202
1995-07-27 15:30:00-04:00,1044,14792464
1995-07-27 15:45:00-04:00,1107,10782916
1995-07-27 16:00:00-04:00,885,13545266
1995-07-27 16:15:00-04:00,987,17590057
1995-07-27 16:30:00-04:00,992,18137478
1995-07-27 16:45:00-04:00,1020,22243785
1995-07-27 17:00:00-04:00,966,15658760
1995-07-27 17:15:00-04:00,932,17139315
1995-07-27 17:30:00-04:00,783,22158645
1995-07-27 17:45:00-04:00,724,18015422
1995-07-27 18:00:00-04:00,739,11379065
1995-07-27 18:15:00-04:00,698,8774951
1995-07-27 18:30:00-04:00,592,11053525
1995-07-27 18:45:00-04:00,513,10343975
1995-07-27 19:00:00-04:00,493,11651992
1995-07-27 19:15:00-04:00,423,6325050
1995-07-27 19:30:00-04:00,546,12496522
1995-07-27 19:45:00-04:00,488,6837208
1995-07-27 20:00:00-04:00,544,7806483
1995-07-27 20:15:00-04:00,585,12603918
1995-07-27 20:30:00-04:00,538,8740829
1995-07-27 20:45:00-04:00,400,8428220
1995-07-27 21:00:00-04:00,478,12033471
1995-07-27 21:15:00-04:00,495,8956631
1995-07-27 21:30:00-04:00,569,9189016
1995-07-27 21:45:00-04:00,567,10366827
1995-07-27 22:00:00-04:00,478,7834489
1995-07-27 22:15:00-04:00,431,8647226
1995-07-27 22:30:00-04:00,397,8132602
1995-07-27 22:45:00-04:00,413,7143453
1995-07-27 23:00:00-04:00,398,8853482
1995-07-27 23:15:00-04:00,325,8331508
1995-07-27 23:30:00-04:00,391,6347185
1995-07-27 23:45:00-04:00,352,6342082
1995-07-28 00:00:00-04:00,398,7397479
1995-07-28 00:15:00-04:00,407,5878789
1995-07-28 00:30:00-04:00,405,7001182
1995-07-28 00:45:00-04:00,328,5393426
1995-07-28 01:00:00-04:00,276,4680339
1995-07-28 01:15:00-04:00,297,6976779
1995-07-28 01:30:00-04:00,268,3706562
1995-07-28 01:45:00-04:00,245,3683098
1995-07-28 02:00:00-04:00,212,4344758
1995-07-28 02:15:00-04:00,188,3357890
1995-07-28 02:30:00-04:00,324,6448942
1995-07-28 02:45:00-04:00,255,6412107
1995-07-28 03:00:00-04:00,237,6451293
1995-07-28 03:15:00-04:00,245,6334814
1995-07-28 03:30:00-04:00,349,4878170
1995-07-28 03:45:00-04:00,371,7003300
1995-07-28 04:00:00-04:00,229,5797219
1995-07-28 04:15:00-04:00,228,4172424
1995-07-28 04:30:00-04:00,200,4909138
1995-07-28 04:45:00-04:00,222,4672760
1995-07-28 05:00:00-04:00,244,3274530
1995-07-28 05:15:00-04:00,211,3120285
1995-07-28 05:30:00-04:00,224,3559228
1995-07-28 05:45:00-04:00,237,3618999
1995-07-28 06:00:00-04:00,335,7198763
1995-07-28 06:15:00-04:00,237,3653335
1995-07-28 06:30:00-04:00,212,3267566
1995-07-28 06:45:00-04:00,302,5517158
1995-07-28 07:00:00-04:00,417,7369847
1995-07-28 07:15:00-04:00,372,11793600
1995-07-28 07:30:00-04:00,392,10904771
1995-07-28 07:45:00-04:00,435,10792407
1995-07-28 08:00:00-04:00,588,9745866
1995-07-28 08:15:00-04:00,493,9004984
1995-07-28 08:30:00-04:00,691,11107841
1995-07-28 08:45:00-04:00,771,24719844
1995-07-28 09:00:00-04:00,739,16438284
1995-07-28 09:15:00-04:00,598,8387223
1995-07-28 09:30:00-04:00,738,15026743
1995-07-28 09:45:00-04:00,666,10664985
1995-07-28 10:00:00-04:00,703,12720281
1995-07-28 10:15:00-04:00,850,17569598
1995-07-28 10:30:00-04:00,979,14132345
1995-07-28 10:45:00-04:00,1023,19913926
1995-07-28 11:00:00-04:00,850,10587687
1995-07-28 11:15:00-04:00,904,15122410
1995-07-28 11:30:00-04:00,848,16746030
1995-07-28 11:45:00-04:00,968,11321399
1995-07-28 12:00:00-04:00,859,10421519
1995-07-28 12:15:00-04:00,927,16371391
1995-07-28 12:30:00-04:00,843,16116756
1995-07-28 12:45:00-04:00,876,13585206
1995-07-28 13:00:00-04:00,827,10335148
1995-07-28 13:15:00-04:00,869,12914952
1995-07-28 13:30:00-04:00,209,2662360
1995-07-28 13:45:00-04:00,0,0
1995-07-28 14:00:00-04:00,0,0
1995-07-28 14:15:00-04:00,0,0
1995-07-28 14:30:00-04:00,0,0
1995-07-28 14:45:00-04:00,0,0
1995-07-28 15:00:00-04:00,0,0
1995-07-28 15:15:00-04:00,0,0
1995-07-28 15:30:00-04:00,0,0
1995-07-28 15:45:00-04:00,0,0
1995-07-28 16:00:00-04:00,0,0
1995-07-28 16:15:00-04:00,0,0
1995-07-28 16:30:00-04:00,0,0
1995-07-28 16:45:00-04:00,0,0
1995-07-28 17:00:00-04:00,0,0
1995-07-28 17:15:00-04:00,0,0
1995-07-28 17:30:00-04:00,0,0
1995-07-28 17:45:00-04:00,0,0
1995-07-28 18:00:00-04:00,0,0
1995-07-28 18:15:00-04:00,0,0
1995-07-28 18:30:00-04:00,0,0
1995-07-28 18:45:00-04:00,0,0
1995-07-28 19:00:00-04:00,0,0
1995-07-28 19:15:00-04:00,0,0
1995-07-28 19:30:00-04:00,0,0
1995-07-28 19:45:00-04:00,0,0
1995-07-28 20:00:00-04:00,0,0
1995-07-28 20:15:00-04:00,0,0
1995-07-28 20:30:00-04:00,0,0
1995-07-28 20:45:00-04:00,0,0
1995-07-28 21:00:00-04:00,0,0
1995-07-28 21:15:00-04:00,0,0
1995-07-28 21:30:00-04:00,0,0
1995-07-28 21:45:00-04:00,0,0
1995-07-28 22:00:00-04:00,0,0
1995-07-28 22:15:00-04:00,0,0
1995-07-28 22:30:00-04:00,0,0
1995-07-28 22:45:00-04:00,0,0
1995-07-28 23:00:00-04:00,0,0
1995-07-28 23:15:00-04:00,0,0
1995-07-28 23:30:00-04:00,0,0
1995-07-28 23:45:00-04:00,0,0
1995-07-29 00:00:00-04:00,0,0
1995-07-29 00:15:00-04:00,0,0
1995-07-29 00:30:00-04:00,0,0
1995-07-29 00:45:00-04:00,0,0
1995-07-29 01:00:00-04:00,0,0
1995-07-29 01:15:00-04:00,0,0
1995-07-29 01:30:00-04:00,0,0
1995-07-29 01:45:00-04:00,0,0
1995-07-29 02:00:00-04:00,0,0
1995-07-29 02:15:00-04:00,0,0
1995-07-29 02:30:00-04:00,0,0
1995-07-29 02:45:00-04:00,0,0
1995-07-29 03:00:00-04:00,0,0
1995-07-29 03:15:00-04:00,0,0
1995-07-29 03:30:00-04:00,0,0
1995-07-29 03:45:00-04:00,0,0
1995-07-29 04:00:00-04:00,0,0
1995-07-29 04:15:00-04:00,0,0
1995-07-29 04:30:00-04:00,0,0
1995-07-29 04:45:00-04:00,0,0
1995-07-29 05:00:00-04:00,0,0
1995-07-29 05:15:00-04:00,0,0
1995-07-29 05:30:00-04:00,0,0
1995-07-29 05:45:00-04:00,0,0
1995-07-29 06:00:00-04:00,0,0
1995-07-29 06:15:00-04:00,0,0
1995-07-29 06:30:00-04:00,0,0
1995-07-29 06:45:00-04:00,0,0
1995-07-29 07:00:00-04:00,0,0
1995-07-29 07:15:00-04:00,0,0
1995-07-29 07:30:00-04:00,0,0
1995-07-29 07:45:00-04:00,0,0
1995-07-29 08:00:00-04:00,0,0
1995-07-29 08:15:00-04:00,0,0
1995-07-29 08:30:00-04:00,0,0
1995-07-29 08:45:00-04:00,0,0
1995-07-29 09:00:00-04:00,0,0
1995-07-29 09:15:00-04:00,0,0
1995-07-29 09:30:00-04:00,0,0
1995-07-29 09:45:00-04:00,0,0
1995-07-29 10:00:00-04:00,0,0
1995-07-29 10:15:00-04:00,0,0
1995-07-29 10:30:00-04:00,0,0
1995-07-29 10:45:00-04:00,0,0
1995-07-29 11:00:00-04:00,0,0
1995-07-29 11:15:00-04:00,0,0
1995-07-29 11:30:00-04:00,0,0
1995-07-29 11:45:00-04:00,0,0
1995-07-29 12:00:00-04:00,0,0
1995-07-29 12:15:00-04:00,0,0
1995-07-29 12:30:00-04:00,0,0
1995-07-29 12:45:00-04:00,0,0
1995-07-29 13:00:00-04:00,0,0
1995-07-29 13:15:00-04:00,0,0
1995-07-29 13:30:00-04:00,0,0
1995-07-29 13:45:00-04:00,0,0
1995-07-29 14:00:00-04:00,0,0
1995-07-29 14:15:00-04:00,0,0
1995-07-29 14:30:00-04:00,0,0
1995-07-29 14:45:00-04:00,0,0
1995-07-29 15:00:00-04:00,0,0
1995-07-29 15:15:00-04:00,0,0
1995-07-29 15:30:00-04:00,0,0
1995-07-29 15:45:00-04:00,0,0
1995-07-29 16:00:00-04:00,0,0
1995-07-29 16:15:00-04:00,0,0
1995-07-29 16:30:00-04:00,0,0
1995-07-29 16:45:00-04:00,0,0
1995-07-29 17:00:00-04:00,0,0
1995-07-29 17:15:00-04:00,0,0
1995-07-29 17:30:00-04:00,0,0
1995-07-29 17:45:00-04:00,0,0
1995-07-29 18:00:00-04:00,0,0
1995-07-29 18:15:00-04:00,0,0
1995-07-29 18:30:00-04:00,0,0
1995-07-29 18:45:00-04:00,0,0
1995-07-29 19:00:00-04:00,0,0
1995-07-29 19:15:00-04:00,0,0
1995-07-29 19:30:00-04:00,0,0
1995-07-29 19:45:00-04:00,0,0
1995-07-29 20:00:00-04:00,0,0
1995-07-29 20:15:00-04:00,0,0
1995-07-29 20:30:00-04:00,0,0
1995-07-29 20:45:00-04:00,0,0
1995-07-29 21:00:00-04:00,0,0
1995-07-29 21:15:00-04:00,0,0
1995-07-29 21:30:00-04:00,0,0
1995-07-29 21:45:00-04:00,0,0
1995-07-29 22:00:00-04:00,0,0
1995-07-29 22:15:00-04:00,0,0
1995-07-29 22:30:00-04:00,0,0
1995-07-29 22:45:00-04:00,0,0
1995-07-29 23:00:00-04:00,0,0
1995-07-29 23:15:00-04:00,0,0
1995-07-29 23:30:00-04:00,0,0
1995-07-29 23:45:00-04:00,0,0
1995-07-30 00:00:00-04:00,0,0
1995-07-30 00:15:00-04:00,0,0
1995-07-30 00:30:00-04:00,0,0
1995-07-30 00:45:00-04:00,0,0
1995-07-30 01:00:00-04:00,0,0
1995-07-30 01:15:00-04:00,0,0
1995-07-30 01:30:00-04:00,0,0
1995-07-30 01:45:00-04:00,0,0
1995-07-30 02:00:00-04:00,0,0
1995-07-30 02:15:00-04:00,0,0
1995-07-30 02:30:00-04:00,0,0
1995-07-30 02:45:00-04:00,0,0
1995-07-30 03:00:00-04:00,0,0
1995-07-30 03:15:00-04:00,0,0
1995-07-30 03:30:00-04:00,0,0
1995-07-30 03:45:00-04:00,0,0
1995-07-30 04:00:00-04:00,0,0
1995-07-30 04:15:00-04:00,0,0
1995-07-30 04:30:00-04:00,0,0
1995-07-30 04:45:00-04:00,0,0
1995-07-30 05:00:00-04:00,0,0
1995-07-30 05:15:00-04:00,0,0
1995-07-30 05:30:00-04:00,0,0
1995-07-30 05:45:00-04:00,0,0
1995-07-30 06:00:00-04:00,0,0
1995-07-30 06:15:00-04:00,0,0
1995-07-30 06:30:00-04:00,0,0
1995-07-30 06:45:00-04:00,0,0
1995-07-30 07:00:00-04:00,0,0
1995-07-30 07:15:00-04:00,0,0
1995-07-30 07:30:00-04:00,0,0
1995-07-30 07:45:00-04:00,0,0
1995-07-30 08:00:00-04:00,0,0
1995-07-30 08:15:00-04:00,0,0
1995-07-30 08:30:00-04:00,0,0
1995-07-30 08:45:00-04:00,0,0
1995-07-30 09:00:00-04:00,0,0
1995-07-30 09:15:00-04:00,0,0
1995-07-30 09:30:00-04:00,0,0
1995-07-30 09:45:00-04:00,0,0
1995-07-30 10:00:00-04:00,0,0
1995-07-30 10:15:00-04:00,0,0
1995-07-30 10:30:00-04:00,0,0
1995-07-30 10:45:00-04:00,0,0
1995-07-30 11:00:00-04:00,0,0
1995-07-30 11:15:00-04:00,0,0
1995-07-30 11:30:00-04:00,0,0
1995-07-30 11:45:00-04:00,0,0
1995-07-30 12:00:00-04:00,0,0
1995-07-30 12:15:00-04:00,0,0
1995-07-30 12:30:00-04:00,0,0
1995-07-30 12:45:00-04:00,0,0
1995-07-30 13:00:00-04:00,0,0
1995-07-30 13:15:00-04:00,0,0
1995-07-30 13:30:00-04:00,0,0
1995-07-30 13:45:00-04:00,0,0
1995-07-30 14:00:00-04:00,0,0
1995-07-30 14:15:00-04:00,0,0
1995-07-30 14:30:00-04:00,0,0
1995-07-30 14:45:00-04:00,0,0
1995-07-30 15:00:00-04:00,0,0
1995-07-30 15:15:00-04:00,0,0
1995-07-30 15:30:00-04:00,0,0
1995-07-30 15:45:00-04:00,0,0
1995-07-30 16:00:00-04:00,0,0
1995-07-30 16:15:00-04:00,0,0
1995-07-30 16:30:00-04:00,0,0
1995-07-30 16:45:00-04:00,0,0
1995-07-30 17:00:00-04:00,0,0
1995-07-30 17:15:00-04:00,0,0
1995-07-30 17:30:00-04:00,0,0
1995-07-30 17:45:00-04:00,0,0
1995-07-30 18:00:00-04:00,0,0
1995-07-30 18:15:00-04:00,0,0
1995-07-30 18:30:00-04:00,0,0
1995-07-30 18:45:00-04:00,0,0
1995-07-30 19:00:00-04:00,0,0
1995-07-30 19:15:00-04:00,0,0
1995-07-30 19:30:00-04:00,0,0
1995-07-30 19:45:00-04:00,0,0
1995-07-30 20:00:00-04:00,0,0
1995-07-30 20:15:00-04:00,0,0
1995-07-30 20:30:00-04:00,0,0
1995-07-30 20:45:00-04:00,0,0
1995-07-30 21:00:00-04:00,0,0
1995-07-30 21:15:00-04:00,0,0
1995-07-30 21:30:00-04:00,0,0
1995-07-30 21:45:00-04:00,0,0
1995-07-30 22:00:00-04:00,0,0
1995-07-30 22:15:00-04:00,0,0
1995-07-30 22:30:00-04:00,0,0
1995-07-30 22:45:00-04:00,0,0
1995-07-30 23:00:00-04:00,0,0
1995-07-30 23:15:00-04:00,0,0
1995-07-30 23:30:00-04:00,0,0
1995-07-30 23:45:00-04:00,0,0
1995-07-31 00:00:00-04:00,0,0
1995-07-31 00:15:00-04:00,0,0
1995-07-31 00:30:00-04:00,0,0
1995-07-31 00:45:00-04:00,0,0
1995-07-31 01:00:00-04:00,0,0
1995-07-31 01:15:00-04:00,0,0
1995-07-31 01:30:00-04:00,0,0
1995-07-31 01:45:00-04:00,0,0
1995-07-31 02:00:00-04:00,0,0
1995-07-31 02:15:00-04:00,0,0
1995-07-31 02:30:00-04:00,0,0
1995-07-31 02:45:00-04:00,0,0
1995-07-31 03:00:00-04:00,0,0
1995-07-31 03:15:00-04:00,0,0
1995-07-31 03:30:00-04:00,0,0
1995-07-31 03:45:00-04:00,0,0
1995-07-31 04:00:00-04:00,0,0
1995-07-31 04:15:00-04:00,0,0
1995-07-31 04:30:00-04:00,0,0
1995-07-31 04:45:00-04:00,0,0
1995-07-31 05:00:00-04:00,0,0
1995-07-31 05:15:00-04:00,0,0
1995-07-31 05:30:00-04:00,0,0
1995-07-31 05:45:00-04:00,0,0
1995-07-31 06:00:00-04:00,0,0
1995-07-31 06:15:00-04:00,0,0
1995-07-31 06:30:00-04:00,0,0
1995-07-31 06:45:00-04:00,0,0
1995-07-31 07:00:00-04:00,0,0
1995-07-31 07:15:00-04:00,0,0
1995-07-31 07:30:00-04:00,0,0
1995-07-31 07:45:00-04:00,0,0
1995-07-31 08:00:00-04:00,0,0
1995-07-31 08:15:00-04:00,0,0
1995-07-31 08:30:00-04:00,0,0
1995-07-31 08:45:00-04:00,0,0
1995-07-31 09:00:00-04:00,0,0
1995-07-31 09:15:00-04:00,0,0
1995-07-31 09:30:00-04:00,0,0
1995-07-31 09:45:00-04:00,0,0
1995-07-31 10:00:00-04:00,0,0
1995-07-31 10:15:00-04:00,0,0
1995-07-31 10:30:00-04:00,0,0
1995-07-31 10:45:00-04:00,0,0
1995-07-31 11:00:00-04:00,0,0
1995-07-31 11:15:00-04:00,0,0
1995-07-31 11:30:00-04:00,0,0
1995-07-31 11:45:00-04:00,0,0
1995-07-31 12:00:00-04:00,0,0
1995-07-31 12:15:00-04:00,0,0
1995-07-31 12:30:00-04:00,0,0
1995-07-31 12:45:00-04:00,0,0
1995-07-31 13:00:00-04:00,0,0
1995-07-31 13:15:00-04:00,0,0
1995-07-31 13:30:00-04:00,0,0
1995-07-31 13:45:00-04:00,0,0
1995-07-31 14:00:00-04:00,0,0
1995-07-31 14:15:00-04:00,0,0
1995-07-31 14:30:00-04:00,0,0
1995-07-31 14:45:00-04:00,0,0
1995-07-31 15:00:00-04:00,0,0
1995-07-31 15:15:00-04:00,0,0
1995-07-31 15:30:00-04:00,0,0
1995-07-31 15:45:00-04:00,0,0
1995-07-31 16:00:00-04:00,0,0
1995-07-31 16:15:00-04:00,0,0
1995-07-31 16:30:00-04:00,0,0
1995-07-31 16:45:00-04:00,0,0
1995-07-31 17:00:00-04:00,0,0
1995-07-31 17:15:00-04:00,0,0
1995-07-31 17:30:00-04:00,0,0
1995-07-31 17:45:00-04:00,0,0
1995-07-31 18:00:00-04:00,0,0
1995-07-31 18:15:00-04:00,0,0
1995-07-31 18:30:00-04:00,0,0
1995-07-31 18:45:00-04:00,0,0
1995-07-31 19:00:00-04:00,0,0
1995-07-31 19:15:00-04:00,0,0
1995-07-31 19:30:00-04:00,0,0
1995-07-31 19:45:00-04:00,0,0
1995-07-31 20:00:00-04:00,0,0
1995-07-31 20:15:00-04:00,0,0
1995-07-31 20:30:00-04:00,0,0
1995-07-31 20:45:00-04:00,0,0
1995-07-31 21:00:00-04:00,0,0
1995-07-31 21:15:00-04:00,0,0
1995-07-31 21:30:00-04:00,0,0
1995-07-31 21:45:00-04:00,0,0
1995-07-31 22:00:00-04:00,0,0
1995-07-31 22:15:00-04:00,0,0
1995-07-31 22:30:00-04:00,0,0
1995-07-31 22:45:00-04:00,0,0
1995-07-31 23:00:00-04:00,0,0
1995-07-31 23:15:00-04:00,0,0
1995-07-31 23:30:00-04:00,0,0
1995-07-31 23:45:00-04:00,0,0
1995-08-01 00:00:00-04:00,481,8404993
1995-08-01 00:15:00-04:00,316,5049557
1995-08-01 00:30:00-04:00,502,7401627
1995-08-01 00:45:00-04:00,343,6718582
1995-08-01 01:00:00-04:00,313,4538223
1995-08-01 01:15:00-04:00,293,3932993
1995-08-01 01:30:00-04:00,497,6515189
1995-08-01 01:45:00-04:00,282,4760088
1995-08-01 02:00:00-04:00,219,5017790
1995-08-01 02:15:00-04:00,320,5948542
1995-08-01 02:30:00-04:00,280,5738025
1995-08-01 02:45:00-04:00,174,5510697
1995-08-01 03:00:00-04:00,262,3269562
1995-08-01 03:15:00-04:00,397,5944136
1995-08-01 03:30:00-04:00,333,4632507
1995-08-01 03:45:00-04:00,227,5811278
1995-08-01 04:00:00-04:00,259,5131296
1995-08-01 04:15:00-04:00,261,4707989
1995-08-01 04:30:00-04:00,230,3482997
1995-08-01 04:45:00-04:00,235,2796445
1995-08-01 05:00:00-04:00,232,2859703
1995-08-01 05:15:00-04:00,337,5823449
1995-08-01 05:30:00-04:00,288,5601446
1995-08-01 05:45:00-04:00,289,6916805
1995-08-01 06:00:00-04:00,254,3641410
1995-08-01 06:15:00-04:00,378,5912639
1995-08-01 06:30:00-04:00,212,5297535
1995-08-01 06:45:00-04:00,178,4119137
1995-08-01 07:00:00-04:00,367,7095853
1995-08-01 07:15:00-04:00,321,9666403
1995-08-01 07:30:00-04:00,522,9381540
1995-08-01 07:45:00-04:00,568,11386082
1995-08-01 08:00:00-04:00,609,10283189
1995-08-01 08:15:00-04:00,657,8789998
1995-08-01 08:30:00-04:00,787,12294051
1995-08-01 08:45:00-04:00,805,13792701
1995-08-01 09:00:00-04:00,920,12093592
1995-08-01 09:15:00-04:00,732,9892176
1995-08-01 09:30:00-04:00,782,8214611
1995-08-01 09:45:00-04:00,765,8033319
1995-08-01 10:00:00-04:00,783,11826118
1995-08-01 10:15:00-04:00,877,11200910
1995-08-01 10:30:00-04:00,1105,16207192
1995-08-01 10:45:00-04:00,1023,16291053
1995-08-01 11:00:00-04:00,1004,14676384
1995-08-01 11:15:00-04:00,1175,15304330
1995-08-01 11:30:00-04:00,988,10288041
1995-08-01 11:45:00-04:00,881,12430935
1995-08-01 12:00:00-04:00,1052,14100423
1995-08-01 12:15:00-04:00,1013,12994187
1995-08-01 12:30:00-04:00,1211,22063403
1995-08-01 12:45:00-04:00,1167,16873720
1995-08-01 13:00:00-04:00,699,8522193
1995-08-01 13:15:00-04:00,674,6329679
1995-08-01 13:30:00-04:00,935,15494684
1995-08-01 13:45:00-04:00,991,20415800
1995-08-01 14:00:00-04:00,934,19864884
1995-08-01 14:15:00-04:00,771,10986860
1995-08-01 14:30:00-04:00,484,6862544
1995-08-01 14:45:00-04:00,2,180224
1995-08-01 15:00:00-04:00,0,0
1995-08-01 15:15:00-04:00,0,0
1995-08-01 15:30:00-04:00,0,0
1995-08-01 15:45:00-04:00,0,0
1995-08-01 16:00:00-04:00,0,0
1995-08-01 16:15:00-04:00,0,0
1995-08-01 16:30:00-04:00,0,0
1995-08-01 16:45:00-04:00,0,0
1995-08-01 17:00:00-04:00,0,0
1995-08-01 17:15:00-04:00,0,0
1995-08-01 17:30:00-04:00,0,0
1995-08-01 17:45:00-04:00,0,0
1995-08-01 18:00:00-04:00,0,0
1995-08-01 18:15:00-04:00,0,0
1995-08-01 18:30:00-04:00,0,0
1995-08-01 18:45:00-04:00,0,0
1995-08-01 19:00:00-04:00,0,0
1995-08-01 19:15:00-04:00,0,0
1995-08-01 19:30:00-04:00,0,0
1995-08-01 19:45:00-04:00,0,0
1995-08-01 20:00:00-04:00,0,0
1995-08-01 20:15:00-04:00,0,0
1995-08-01 20:30:00-04:00,0,0
1995-08-01 20:45:00-04:00,0,0
1995-08-01 21:00:00-04:00,0,0
1995-08-01 21:15:00-04:00,0,0
1995-08-01 21:30:00-04:00,0,0
1995-08-01 21:45:00-04:00,0,0
1995-08-01 22:00:00-04:00,0,0
1995-08-01 22:15:00-04:00,0,0
1995-08-01 22:30:00-04:00,0,0
1995-08-01 22:45:00-04:00,0,0
1995-08-01 23:00:00-04:00,0,0
1995-08-01 23:15:00-04:00,0,0
1995-08-01 23:30:00-04:00,0,0
1995-08-01 23:45:00-04:00,0,0
1995-08-02 00:00:00-04:00,0,0
1995-08-02 00:15:00-04:00,0,0
1995-08-02 00:30:00-04:00,0,0
1995-08-02 00:45:00-04:00,0,0
1995-08-02 01:00:00-04:00,0,0
1995-08-02 01:15:00-04:00,0,0
1995-08-02 01:30:00-04:00,0,0
1995-08-02 01:45:00-04:00,0,0
1995-08-02 02:00:00-04:00,0,0
1995-08-02 02:15:00-04:00,0,0
1995-08-02 02:30:00-04:00,0,0
1995-08-02 02:45:00-04:00,0,0
1995-08-02 03:00:00-04:00,0,0
1995-08-02 03:15:00-04:00,0,0
1995-08-02 03:30:00-04:00,0,0
1995-08-02 03:45:00-04:00,0,0
1995-08-02 04:00:00-04:00,0,0
1995-08-02 04:15:00-04:00,0,0
1995-08-02 04:30:00-04:00,0,0
1995-08-02 04:45:00-04:00,0,0
1995-08-02 05:00:00-04:00,0,0
1995-08-02 05:15:00-04:00,0,0
1995-08-02 05:30:00-04:00,0,0
1995-08-02 05:45:00-04:00,0,0
1995-08-02 06:00:00-04:00,0,0
1995-08-02 06:15:00-04:00,0,0
1995-08-02 06:30:00-04:00,0,0
1995-08-02 06:45:00-04:00,0,0
1995-08-02 07:00:00-04:00,0,0
1995-08-02 07:15:00-04:00,0,0
1995-08-02 07:30:00-04:00,0,0
1995-08-02 07:45:00-04:00,0,0
1995-08-02 08:00:00-04:00,0,0
1995-08-02 08:15:00-04:00,0,0
1995-08-02 08:30:00-04:00,0,0
1995-08-02 08:45:00-04:00,0,0
1995-08-02 09:00:00-04:00,0,0
1995-08-02 09:15:00-04:00,0,0
1995-08-02 09:30:00-04:00,0,0
1995-08-02 09:45:00-04:00,0,0
1995-08-02 10:00:00-04:00,0,0
1995-08-02 10:15:00-04:00,0,0
1995-08-02 10:30:00-04:00,0,0
1995-08-02 10:45:00-04:00,0,0
1995-08-02 11:00:00-04:00,0,0
1995-08-02 11:15:00-04:00,0,0
1995-08-02 11:30:00-04:00,0,0
1995-08-02 11:45:00-04:00,0,0
1995-08-02 12:00:00-04:00,0,0
1995-08-02 12:15:00-04:00,0,0
1995-08-02 12:30:00-04:00,0,0
1995-08-02 12:45:00-04:00,0,0
1995-08-02 13:00:00-04:00,0,0
1995-08-02 13:15:00-04:00,0,0
1995-08-02 13:30:00-04:00,0,0
1995-08-02 13:45:00-04:00,0,0
1995-08-02 14:00:00-04:00,0,0
1995-08-02 14:15:00-04:00,0,0
1995-08-02 14:30:00-04:00,0,0
1995-08-02 14:45:00-04:00,0,0
1995-08-02 15:00:00-04:00,0,0
1995-08-02 15:15:00-04:00,0,0
1995-08-02 15:30:00-04:00,0,0
1995-08-02 15:45:00-04:00,0,0
1995-08-02 16:00:00-04:00,0,0
1995-08-02 16:15:00-04:00,0,0
1995-08-02 16:30:00-04:00,0,0
1995-08-02 16:45:00-04:00,0,0
1995-08-02 17:00:00-04:00,0,0
1995-08-02 17:15:00-04:00,0,0
1995-08-02 17:30:00-04:00,0,0
1995-08-02 17:45:00-04:00,0,0
1995-08-02 18:00:00-04:00,0,0
1995-08-02 18:15:00-04:00,0,0
1995-08-02 18:30:00-04:00,0,0
1995-08-02 18:45:00-04:00,0,0
1995-08-02 19:00:00-04:00,0,0
1995-08-02 19:15:00-04:00,0,0
1995-08-02 19:30:00-04:00,0,0
1995-08-02 19:45:00-04:00,0,0
1995-08-02 20:00:00-04:00,0,0
1995-08-02 20:15:00-04:00,0,0
1995-08-02 20:30:00-04:00,0,0
1995-08-02 20:45:00-04:00,0,0
1995-08-02 21:00:00-04:00,0,0
1995-08-02 21:15:00-04:00,0,0
1995-08-02 21:30:00-04:00,0,0
1995-08-02 21:45:00-04:00,0,0
1995-08-02 22:00:00-04:00,0,0
1995-08-02 22:15:00-04:00,0,0
1995-08-02 22:30:00-04:00,0,0
1995-08-02 22:45:00-04:00,0,0
1995-08-02 23:00:00-04:00,0,0
1995-08-02 23:15:00-04:00,0,0
1995-08-02 23:30:00-04:00,0,0
1995-08-02 23:45:00-04:00,0,0
1995-08-03 00:00:00-04:00,0,0
1995-08-03 00:15:00-04:00,0,0
1995-08-03 00:30:00-04:00,0,0
1995-08-03 00:45:00-04:00,0,0
1995-08-03 01:00:00-04:00,0,0
1995-08-03 01:15:00-04:00,0,0
1995-08-03 01:30:00-04:00,0,0
1995-08-03 01:45:00-04:00,0,0
1995-08-03 02:00:00-04:00,0,0
1995-08-03 02:15:00-04:00,0,0
1995-08-03 02:30:00-04:00,0,0
1995-08-03 02:45:00-04:00,0,0
1995-08-03 03:00:00-04:00,0,0
1995-08-03 03:15:00-04:00,0,0
1995-08-03 03:30:00-04:00,0,0
1995-08-03 03:45:00-04:00,0,0
1995-08-03 04:00:00-04:00,0,0
1995-08-03 04:15:00-04:00,0,0
1995-08-03 04:30:00-04:00,16,74997
1995-08-03 04:45:00-04:00,0,0
1995-08-03 05:00:00-04:00,0,0
1995-08-03 05:15:00-04:00,2,1720
1995-08-03 05:30:00-04:00,20,186915
1995-08-03 05:45:00-04:00,21,236555
1995-08-03 06:00:00-04:00,13,113488
1995-08-03 06:15:00-04:00,37,189376
1995-08-03 06:30:00-04:00,2,18610
1995-08-03 06:45:00-04:00,18,66223
1995-08-03 07:00:00-04:00,24,60792
1995-08-03 07:15:00-04:00,24,276372
1995-08-03 07:30:00-04:00,8,24452
1995-08-03 07:45:00-04:00,2,13146
1995-08-03 08:00:00-04:00,23,73847
1995-08-03 08:15:00-04:00,15,75843
1995-08-03 08:30:00-04:00,23,49739
1995-08-03 08:45:00-04:00,53,98468
1995-08-03 09:00:00-04:00,0,0
1995-08-03 09:15:00-04:00,6,28492
1995-08-03 09:30:00-04:00,3,20426
1995-08-03 09:45:00-04:00,13,62826
1995-08-03 10:00:00-04:00,6,34986
1995-08-03 10:15:00-04:00,7,22478
1995-08-03 10:30:00-04:00,20,100680
1995-08-03 10:45:00-04:00,24,131522
1995-08-03 11:00:00-04:00,4,14560
1995-08-03 11:15:00-04:00,153,878967
1995-08-03 11:30:00-04:00,1115,15729155
1995-08-03 11:45:00-04:00,1167,16740111
1995-08-03 12:00:00-04:00,1300,18791409
1995-08-03 12:15:00-04:00,1124,20736154
1995-08-03 12:30:00-04:00,1293,24253753
1995-08-03 12:45:00-04:00,1457,29373123
1995-08-03 13:00:00-04:00,1356,22934087
1995-08-03 13:15:00-04:00,1109,13583368
1995-08-03 13:30:00-04:00,556,5723504
1995-08-03 13:45:00-04:00,735,9677499
1995-08-03 14:00:00-04:00,988,13964019
1995-08-03 14:15:00-04:00,956,15672350
1995-08-03 14:30:00-04:00,1170,24316538
1995-08-03 14:45:00-04:00,942,19130601
1995-08-03 15:00:00-04:00,1063,20037624
1995-08-03 15:15:00-04:00,1047,18780206
1995-08-03 15:30:00-04:00,1144,19873248
1995-08-03 15:45:00-04:00,1270,25940039
1995-08-03 16:00:00-04:00,1286,23478371
1995-08-03 16:15:00-04:00,1126,29202338
1995-08-03 16:30:00-04:00,1058,16681671
1995-08-03 16:45:00-04:00,839,13310177
1995-08-03 17:00:00-04:00,973,14199149
1995-08-03 17:15:00-04:00,950,16859652
1995-08-03 17:30:00-04:00,826,12583895
1995-08-03 17:45:00-04:00,1065,14977058
1995-08-03 18:00:00-04:00,855,16299601
1995-08-03 18:15:00-04:00,1018,18056170
1995-08-03 18:30:00-04:00,564,16149362
1995-08-03 18:45:00-04:00,367,5322950
1995-08-03 19:00:00-04:00,383,7880298
1995-08-03 19:15:00-04:00,374,8028986
1995-08-03 19:30:00-04:00,436,6393187
1995-08-03 19:45:00-04:00,574,7991620
1995-08-03 20:00:00-04:00,432,6577066
1995-08-03 20:15:00-04:00,626,12210909
1995-08-03 20:30:00-04:00,827,11688492
1995-08-03 20:45:00-04:00,644,18136167
1995-08-03 21:00:00-04:00,509,13954449
1995-08-03 21:15:00-04:00,400,7669137
1995-08-03 21:30:00-04:00,503,7588848
1995-08-03 21:45:00-04:00,428,6750345
1995-08-03 22:00:00-04:00,646,11911571
1995-08-03 22:15:00-04:00,533,13013521
1995-08-03 22:30:00-04:00,503,10155559
1995-08-03 22:45:00-04:00,602,10132420
1995-08-03 23:00:00-04:00,516,11975431
1995-08-03 23:15:00-04:00,454,11253684
1995-08-03 23:30:00-04:00,347,8545628
1995-08-03 23:45:00-04:00,395,5863625
1995-08-04 00:00:00-04:00,380,8514479
1995-08-04 00:15:00-04:00,328,6184111
1995-08-04 00:30:00-04:00,262,6885942
1995-08-04 00:45:00-04:00,255,7931231
1995-08-04 01:00:00-04:00,362,6359544
1995-08-04 01:15:00-04:00,504,12040118
1995-08-04 01:30:00-04:00,463,9580366
1995-08-04 01:45:00-04:00,378,11367326
1995-08-04 02:00:00-04:00,242,4978087
1995-08-04 02:15:00-04:00,300,5759955
1995-08-04 02:30:00-04:00,331,6424037
1995-08-04 02:45:00-04:00,245,5192570
1995-08-04 03:00:00-04:00,251,5393520
1995-08-04 03:15:00-04:00,276,5322572
1995-08-04 03:30:00-04:00,310,6902264
1995-08-04 03:45:00-04:00,374,6361631
1995-08-04 04:00:00-04:00,369,7320219
1995-08-04 04:15:00-04:00,259,5399339
1995-08-04 04:30:00-04:00,228,3887704
1995-08-04 04:45:00-04:00,267,5011948
1995-08-04 05:00:00-04:00,368,7391015
1995-08-04 05:15:00-04:00,328,5363185
1995-08-04 05:30:00-04:00,289,6266659
1995-08-04 05:45:00-04:00,202,4390776
1995-08-04 06:00:00-04:00,442,7632384
1995-08-04 06:15:00-04:00,313,5372893
1995-08-04 06:30:00-04:00,317,7371819
1995-08-04 06:45:00-04:00,367,4475010
1995-08-04 07:00:00-04:00,298,5096781
1995-08-04 07:15:00-04:00,547,6906414
1995-08-04 07:30:00-04:00,481,9015485
1995-08-04 07:45:00-04:00,530,6190948
1995-08-04 08:00:00-04:00,552,6100827
1995-08-04 08:15:00-04:00,747,9779268
1995-08-04 08:30:00-04:00,763,12060816
1995-08-04 08:45:00-04:00,760,10117366
1995-08-04 09:00:00-04:00,770,15435263
1995-08-04 09:15:00-04:00,741,12646939
1995-08-04 09:30:00-04:00,790,12214524
1995-08-04 09:45:00-04:00,981,17453914
1995-08-04 10:00:00-04:00,1098,27068057
1995-08-04 10:15:00-04:00,1174,21338720
1995-08-04 10:30:00-04:00,818,18406804
1995-08-04 10:45:00-04:00,997,15231086
1995-08-04 11:00:00-04:00,820,14354597
1995-08-04 11:15:00-04:00,942,23432042
1995-08-04 11:30:00-04:00,854,17242310
1995-08-04 11:45:00-04:00,891,13920486
1995-08-04 12:00:00-04:00,849,14189385
1995-08-04 12:15:00-04:00,877,14617412
1995-08-04 12:30:00-04:00,1076,16709371
1995-08-04 12:45:00-04:00,1037,15407698
1995-08-04 13:00:00-04:00,1052,17284040
1995-08-04 13:15:00-04:00,1038,19933541
1995-08-04 13:30:00-04:00,1257,23562050
1995-08-04 13:45:00-04:00,1059,15630896
1995-08-04 14:00:00-04:00,1000,15433742
1995-08-04 14:15:00-04:00,867,13132042
1995-08-04 14:30:00-04:00,907,18355133
1995-08-04 14:45:00-04:00,765,16667870
1995-08-04 15:00:00-04:00,964,18624854
1995-08-04 15:15:00-04:00,1077,17117537
1995-08-04 15:30:00-04:00,1097,16576991
1995-08-04 15:45:00-04:00,933,15380354
1995-08-04 16:00:00-04:00,1077,24420288
1995-08-04 16:15:00-04:00,1270,20237382
1995-08-04 16:30:00-04:00,1099,24235311
1995-08-04 16:45:00-04:00,1188,32104253
1995-08-04 17:00:00-04:00,846,18759347
1995-08-04 17:15:00-04:00,719,19484053
1995-08-04 17:30:00-04:00,710,14300243
1995-08-04 17:45:00-04:00,695,12890764
1995-08-04 18:00:00-04:00,549,8362826
1995-08-04 18:15:00-04:00,639,11240458
1995-08-04 18:30:00-04:00,716,14311610
1995-08-04 18:45:00-04:00,530,9774569
1995-08-04 19:00:00-04:00,508,10065061
1995-08-04 19:15:00-04:00,486,12325733
1995-08-04 19:30:00-04:00,583,13274556
1995-08-04 19:45:00-04:00,554,9604474
1995-08-04 20:00:00-04:00,445,8372241
1995-08-04 20:15:00-04:00,705,11993662
1995-08-04 20:30:00-04:00,329,8719137
1995-08-04 20:45:00-04:00,475,8216671
1995-08-04 21:00:00-04:00,406,9523788
1995-08-04 21:15:00-04:00,474,5551317
1995-08-04 21:30:00-04:00,359,8630725
1995-08-04 21:45:00-04:00,437,7052090
1995-08-04 22:00:00-04:00,395,5430754
1995-08-04 22:15:00-04:00,402,7483771
1995-08-04 22:30:00-04:00,420,7320088
1995-08-04 22:45:00-04:00,441,9067087
1995-08-04 23:00:00-04:00,562,10047821
1995-08-04 23:15:00-04:00,385,5311274
1995-08-04 23:30:00-04:00,352,8087348
1995-08-04 23:45:00-04:00,382,5835917
1995-08-05 00:00:00-04:00,362,7244811
1995-08-05 00:15:00-04:00,266,4857250
1995-08-05 00:30:00-04:00,320,8294514
1995-08-05 00:45:00-04:00,366,11356972
1995-08-05 01:00:00-04:00,269,6401362
1995-08-05 01:15:00-04:00,368,8260413
1995-08-05 01:30:00-04:00,347,9313281
1995-08-05 01:45:00-04:00,374,10007362
1995-08-05 02:00:00-04:00,306,7514766
1995-08-05 02:15:00-04:00,248,5020509
1995-08-05 02:30:00-04:00,328,5126835
1995-08-05 02:45:00-04:00,287,4667828
1995-08-05 03:00:00-04:00,252,3876928
1995-08-05 03:15:00-04:00,231,4176356
1995-08-05 03:30:00-04:00,181,3996737
1995-08-05 03:45:00-04:00,90,584543
1995-08-05 04:00:00-04:00,142,2498095
1995-08-05 04:15:00-04:00,134,1437136
1995-08-05 04:30:00-04:00,210,4126245
1995-08-05 04:45:00-04:00,79,1314766
1995-08-05 05:00:00-04:00,136,1652409
1995-08-05 05:15:00-04:00,195,2299026
1995-08-05 05:30:00-04:00,209,2625142
1995-08-05 05:45:00-04:00,174,2424229
1995-08-05 06:00:00-04:00,179,4623940
1995-08-05 06:15:00-04:00,167,5246851
1995-08-05 06:30:00-04:00,162,2911397
1995-08-05 06:45:00-04:00,138,1318925
1995-08-05 07:00:00-04:00,130,1888832
1995-08-05 07:15:00-04:00,167,3807830
1995-08-05 07:30:00-04:00,200,4077063
1995-08-05 07:45:00-04:00,251,6351453
1995-08-05 08:00:00-04:00,218,3999838
1995-08-05 08:15:00-04:00,194,3775940
1995-08-05 08:30:00-04:00,259,9952411
1995-08-05 08:45:00-04:00,299,4474262
1995-08-05 09:00:00-04:00,267,5125275
1995-08-05 09:15:00-04:00,368,7920071
1995-08-05 09:30:00-04:00,320,4201064
1995-08-05 09:45:00-04:00,299,5420808
1995-08-05 10:00:00-04:00,241,6588594
1995-08-05 10:15:00-04:00,235,3862985
1995-08-05 10:30:00-04:00,320,5852399
1995-08-05 10:45:00-04:00,411,10024886
1995-08-05 11:00:00-04:00,405,5077520
1995-08-05 11:15:00-04:00,339,6103651
1995-08-05 11:30:00-04:00,385,7073887
1995-08-05 11:45:00-04:00,405,5673676
1995-08-05 12:00:00-04:00,444,10299607
1995-08-05 12:15:00-04:00,444,5080616
1995-08-05 12:30:00-04:00,360,6828242
1995-08-05 12:45:00-04:00,450,9314677
1995-08-05 13:00:00-04:00,494,12136731
1995-08-05 13:15:00-04:00,466,14050286
1995-08-05 13:30:00-04:00,558,17470769
1995-08-05 13:45:00-04:00,434,7769478
1995-08-05 14:00:00-04:00,374,6621349
1995-08-05 14:15:00-04:00,397,5786019
1995-08-05 14:30:00-04:00,414,5805817
1995-08-05 14:45:00-04:00,625,7334506
1995-08-05 15:00:00-04:00,388,5759507
1995-08-05 15:15:00-04:00,370,6459815
1995-08-05 15:30:00-04:00,286,7232061
1995-08-05 15:45:00-04:00,443,9031788
1995-08-05 16:00:00-04:00,398,9825188
1995-08-05 16:15:00-04:00,525,8998007
1995-08-05 16:30:00-04:00,444,10400290
1995-08-05 16:45:00-04:00,453,7889448
1995-08-05 17:00:00-04:00,367,4837454
1995-08-05 17:15:00-04:00,404,5714078
1995-08-05 17:30:00-04:00,373,7983337
1995-08-05 17:45:00-04:00,401,9222101
1995-08-05 18:00:00-04:00,400,6040966
1995-08-05 18:15:00-04:00,423,7814918
1995-08-05 18:30:00-04:00,437,6877202
1995-08-05 18:45:00-04:00,347,5785100
1995-08-05 19:00:00-04:00,294,3311237
1995-08-05 19:15:00-04:00,380,5642974
1995-08-05 19:30:00-04:00,361,4991689
1995-08-05 19:45:00-04:00,239,5731462
1995-08-05 20:00:00-04:00,335,6844508
1995-08-05 20:15:00-04:00,399,8112095
1995-08-05 20:30:00-04:00,548,8290770
1995-08-05 20:45:00-04:00,470,10768452
1995-08-05 21:00:00-04:00,375,8187900
1995-08-05 21:15:00-04:00,307,4427023
1995-08-05 21:30:00-04:00,425,7394124
1995-08-05 21:45:00-04:00,395,4919866
1995-08-05 22:00:00-04:00,446,5808558
1995-08-05 22:15:00-04:00,367,6723192
1995-08-05 22:30:00-04:00,449,7420602
1995-08-05 22:45:00-04:00,461,8756758
1995-08-05 23:00:00-04:00,301,7347615
1995-08-05 23:15:00-04:00,400,10983482
1995-08-05 23:30:00-04:00,314,7583725
1995-08-05 23:45:00-04:00,475,7562992
1995-08-06 00:00:00-04:00,399,5866513
1995-08-06 00:15:00-04:00,548,8806502
1995-08-06 00:30:00-04:00,479,7335778
1995-08-06 00:45:00-04:00,533,12920400
1995-08-06 01:00:00-04:00,348,6045671
1995-08-06 01:15:00-04:00,327,6963075
1995-08-06 01:30:00-04:00,179,7308597
1995-08-06 01:45:00-04:00,213,5020476
1995-08-06 02:00:00-04:00,243,3460449
1995-08-06 02:15:00-04:00,294,3747113
1995-08-06 02:30:00-04:00,284,5001624
1995-08-06 02:45:00-04:00,245,4711693
1995-08-06 03:00:00-04:00,177,2467906
1995-08-06 03:15:00-04:00,216,2578176
1995-08-06 03:30:00-04:00,212,3498357
1995-08-06 03:45:00-04:00,220,3934689
1995-08-06 04:00:00-04:00,249,5542358
1995-08-06 04:15:00-04:00,168,3368436
1995-08-06 04:30:00-04:00,108,2686758
1995-08-06 04:45:00-04:00,91,2440168
1995-08-06 05:00:00-04:00,194,4631489
1995-08-06 05:15:00-04:00,105,1911353
1995-08-06 05:30:00-04:00,200,2409768
1995-08-06 05:45:00-04:00,210,5061123
1995-08-06 06:00:00-04:00,238,4099848
1995-08-06 06:15:00-04:00,165,2458817
1995-08-06 06:30:00-04:00,101,1080388
1995-08-06 06:45:00-04:00,147,1703485
1995-08-06 07:00:00-04:00,106,4767052
1995-08-06 07:15:00-04:00,145,2727707
1995-08-06 07:30:00-04:00,161,2531920
1995-08-06 07:45:00-04:00,131,4075631
1995-08-06 08:00:00-04:00,195,4908778
1995-08-06 08:15:00-04:00,139,5405716
1995-08-06 08:30:00-04:00,101,2651941
1995-08-06 08:45:00-04:00,165,2161000
1995-08-06 09:00:00-04:00,241,3090526
1995-08-06 09:15:00-04:00,278,15402122
1995-08-06 09:30:00-04:00,423,13539963
1995-08-06 09:45:00-04:00,267,3853775
1995-08-06 10:00:00-04:00,291,5766737
1995-08-06 10:15:00-04:00,216,4819074
1995-08-06 10:30:00-04:00,396,6079710
1995-08-06 10:45:00-04:00,421,10317232
1995-08-06 11:00:00-04:00,341,5209269
1995-08-06 11:15:00-04:00,331,6359353
1995-08-06 11:30:00-04:00,355,5288748
1995-08-06 11:45:00-04:00,315,7632326
1995-08-06 12:00:00-04:00,329,6802026
1995-08-06 12:15:00-04:00,477,7469377
1995-08-06 12:30:00-04:00,326,8346061
1995-08-06 12:45:00-04:00,297,5323208
1995-08-06 13:00:00-04:00,331,5285708
1995-08-06 13:15:00-04:00,241,3890757
1995-08-06 13:30:00-04:00,362,8958119
1995-08-06 13:45:00-04:00,423,12068336
1995-08-06 14:00:00-04:00,436,9185644
1995-08-06 14:15:00-04:00,464,10310486
1995-08-06 14:30:00-04:00,462,5997321
1995-08-06 14:45:00-04:00,380,7510522
1995-08-06 15:00:00-04:00,526,8373616
1995-08-06 15:15:00-04:00,544,11532471
1995-08-06 15:30:00-04:00,493,6499408
1995-08-06 15:45:00-04:00,630,8758680
1995-08-06 16:00:00-04:00,465,12271758
1995-08-06 16:15:00-04:00,445,8640618
1995-08-06 16:30:00-04:00,550,7451898
1995-08-06 16:45:00-04:00,494,9492293
1995-08-06 17:00:00-04:00,382,7353491
1995-08-06 17:15:00-04:00,555,11501699
1995-08-06 17:30:00-04:00,407,10116392
1995-08-06 17:45:00-04:00,511,9259146
1995-08-06 18:00:00-04:00,618,10409622
1995-08-06 18:15:00-04:00,362,10416718
1995-08-06 18:30:00-04:00,366,7201662
1995-08-06 18:45:00-04:00,435,5978680
1995-08-06 19:00:00-04:00,373,4509767
1995-08-06 19:15:00-04:00,490,10389766
1995-08-06 19:30:00-04:00,462,7158949
1995-08-06 19:45:00-04:00,288,5002399
1995-08-06 20:00:00-04:00,272,5140812
1995-08-06 20:15:00-04:00,351,4865237
1995-08-06 20:30:00-04:00,295,6552641
1995-08-06 20:45:00-04:00,474,7654838
1995-08-06 21:00:00-04:00,360,7223354
1995-08-06 21:15:00-04:00,288,6055463
1995-08-06 21:30:00-04:00,432,8473611
1995-08-06 21:45:00-04:00,508,6226909
1995-08-06 22:00:00-04:00,553,11089048
1995-08-06 22:15:00-04:00,618,11645414
1995-08-06 22:30:00-04:00,501,11032181
1995-08-06 22:45:00-04:00,507,9685894
1995-08-06 23:00:00-04:00,328,8469129
1995-08-06 23:15:00-04:00,306,6023124
1995-08-06 23:30:00-04:00,433,9475133
1995-08-06 23:45:00-04:00,359,7386333
1995-08-07 00:00:00-04:00,332,6260401
1995-08-07 00:15:00-04:00,386,5773156
1995-08-07 00:30:00-04:00,398,10676736
1995-08-07 00:45:00-04:00,320,4173074
1995-08-07 01:00:00-04:00,328,4543094
1995-08-07 01:15:00-04:00,259,4112243
1995-08-07 01:30:00-04:00,315,6169253
1995-08-07 01:45:00-04:00,316,6187336
1995-08-07 02:00:00-04:00,370,3785503
1995-08-07 02:15:00-04:00,334,2879774
1995-08-07 02:30:00-04:00,371,6684233
1995-08-07 02:45:00-04:00,299,7407623
1995-08-07 03:00:00-04:00,441,5986323
1995-08-07 03:15:00-04:00,234,3591608
1995-08-07 03:30:00-04:00,286,3627629
1995-08-07 03:45:00-04:00,284,6476614
1995-08-07 04:00:00-04:00,255,4272518
1995-08-07 04:15:00-04:00,280,4286906
1995-08-07 04:30:00-04:00,256,2993738
1995-08-07 04:45:00-04:00,211,5648843
1995-08-07 05:00:00-04:00,219,3777592
1995-08-07 05:15:00-04:00,293,6424964
1995-08-07 05:30:00-04:00,210,4017883
1995-08-07 05:45:00-04:00,222,2262652
1995-08-07 06:00:00-04:00,250,6583504
1995-08-07 06:15:00-04:00,323,5833096
1995-08-07 06:30:00-04:00,300,4326013
1995-08-07 06:45:00-04:00,278,6369833
1995-08-07 07:00:00-04:00,217,3538181
1995-08-07 07:15:00-04:00,481,6874405
1995-08-07 07:30:00-04:00,522,8773471
1995-08-07 07:45:00-04:00,636,7004920
1995-08-07 08:00:00-04:00,666,8178850
1995-08-07 08:15:00-04:00,617,8020649
1995-08-07 08:30:00-04:00,666,6561001
1995-08-07 08:45:00-04:00,569,10275121
1995-08-07 09:00:00-04:00,660,7586398
1995-08-07 09:15:00-04:00,855,11556261
1995-08-07 09:30:00-04:00,889,10181857
1995-08-07 09:45:00-04:00,977,14653370
1995-08-07 10:00:00-04:00,775,12957574
1995-08-07 10:15:00-04:00,956,13668580
1995-08-07 10:30:00-04:00,866,14858538
1995-08-07 10:45:00-04:00,686,13469518
1995-08-07 11:00:00-04:00,991,17772126
1995-08-07 11:15:00-04:00,992,22310385
1995-08-07 11:30:00-04:00,799,15146514
1995-08-07 11:45:00-04:00,874,13064109
1995-08-07 12:00:00-04:00,1120,18812860
1995-08-07 12:15:00-04:00,1056,18511198
1995-08-07 12:30:00-04:00,947,20692683
1995-08-07 12:45:00-04:00,1192,20733214
1995-08-07 13:00:00-04:00,1246,21307542
1995-08-07 13:15:00-04:00,1137,17519574
1995-08-07 13:30:00-04:00,1060,16479849
1995-08-07 13:45:00-04:00,959,21016765
1995-08-07 14:00:00-04:00,784,9931983
1995-08-07 14:15:00-04:00,953,18721427
1995-08-07 14:30:00-04:00,922,21976781
1995-08-07 14:45:00-04:00,1038,19472981
1995-08-07 15:00:00-04:00,1055,12792051
1995-08-07 15:15:00-04:00,1020,20558511
1995-08-07 15:30:00-04:00,1102,21632583
1995-08-07 15:45:00-04:00,1026,16417587
1995-08-07 16:00:00-04:00,963,17649680
1995-08-07 16:15:00-04:00,829,10571081
1995-08-07 16:30:00-04:00,966,19835910
1995-08-07 16:45:00-04:00,1054,14174529
1995-08-07 17:00:00-04:00,614,13325817
1995-08-07 17:15:00-04:00,333,2921458
1995-08-07 17:30:00-04:00,628,9680285
1995-08-07 17:45:00-04:00,469,6895857
1995-08-07 18:00:00-04:00,606,9134291
1995-08-07 18:15:00-04:00,593,15640742
1995-08-07 18:30:00-04:00,623,8296983
1995-08-07 18:45:00-04:00,624,11573860
1995-08-07 19:00:00-04:00,446,8446096
1995-08-07 19:15:00-04:00,374,6001030
1995-08-07 19:30:00-04:00,478,8450316
1995-08-07 19:45:00-04:00,541,8713581
1995-08-07 20:00:00-04:00,504,8477308
1995-08-07 20:15:00-04:00,461,8177366
1995-08-07 20:30:00-04:00,493,10457476
1995-08-07 20:45:00-04:00,390,4201167
1995-08-07 21:00:00-04:00,526,7319002
1995-08-07 21:15:00-04:00,464,6507889
1995-08-07 21:30:00-04:00,504,7515907
1995-08-07 21:45:00-04:00,553,7609439
1995-08-07 22:00:00-04:00,466,7470739
1995-08-07 22:15:00-04:00,272,6297773
1995-08-07 22:30:00-04:00,584,8020493
1995-08-07 22:45:00-04:00,530,7080146
1995-08-07 23:00:00-04:00,498,8660416
1995-08-07 23:15:00-04:00,493,8702457
1995-08-07 23:30:00-04:00,422,7607539
1995-08-07 23:45:00-04:00,380,4266838
1995-08-08 00:00:00-04:00,363,6779305
1995-08-08 00:15:00-04:00,360,7614522
1995-08-08 00:30:00-04:00,380,6876856
1995-08-08 00:45:00-04:00,309,4757100
1995-08-08 01:00:00-04:00,400,10681844
1995-08-08 01:15:00-04:00,376,16266882
1995-08-08 01:30:00-04:00,453,10253415
1995-08-08 01:45:00-04:00,386,8671417
1995-08-08 02:00:00-04:00,364,9601470
1995-08-08 02:15:00-04:00,418,7039087
1995-08-08 02:30:00-04:00,275,7905563
1995-08-08 02:45:00-04:00,190,4578436
1995-08-08 03:00:00-04:00,166,3288439
1995-08-08 03:15:00-04:00,319,5845309
1995-08-08 03:30:00-04:00,271,5986366
1995-08-08 03:45:00-04:00,275,9609966
1995-08-08 04:00:00-04:00,186,3232025
1995-08-08 04:15:00-04:00,264,5725882
1995-08-08 04:30:00-04:00,181,3234318
1995-08-08 04:45:00-04:00,175,2959723
1995-08-08 05:00:00-04:00,189,2536783
1995-08-08 05:15:00-04:00,158,2811776
1995-08-08 05:30:00-04:00,182,4180316
1995-08-08 05:45:00-04:00,239,4742627
1995-08-08 06:00:00-04:00,277,4220443
1995-08-08 06:15:00-04:00,230,2342886
1995-08-08 06:30:00-04:00,317,4010992
1995-08-08 06:45:00-04:00,270,3381751
1995-08-08 07:00:00-04:00,303,4178853
1995-08-08 07:15:00-04:00,357,5362195
1995-08-08 07:30:00-04:00,389,4712940
1995-08-08 07:45:00-04:00,475,5722692
1995-08-08 08:00:00-04:00,518,7244080
1995-08-08 08:15:00-04:00,515,9295834
1995-08-08 08:30:00-04:00,511,9521616
1995-08-08 08:45:00-04:00,579,6915448
1995-08-08 09:00:00-04:00,753,12094219
1995-08-08 09:15:00-04:00,832,12487776
1995-08-08 09:30:00-04:00,889,9413563
1995-08-08 09:45:00-04:00,747,12116769
1995-08-08 10:00:00-04:00,787,17014655
1995-08-08 10:15:00-04:00,708,14495025
1995-08-08 10:30:00-04:00,744,15499413
1995-08-08 10:45:00-04:00,611,13402769
1995-08-08 11:00:00-04:00,628,7457277
1995-08-08 11:15:00-04:00,808,11939471
1995-08-08 11:30:00-04:00,837,13265791
1995-08-08 11:45:00-04:00,816,12252778
1995-08-08 12:00:00-04:00,796,9850222
1995-08-08 12:15:00-04:00,711,11378455
1995-08-08 12:30:00-04:00,674,16259161
1995-08-08 12:45:00-04:00,1025,19519465
1995-08-08 13:00:00-04:00,902,19500899
1995-08-08 13:15:00-04:00,1050,20335757
1995-08-08 13:30:00-04:00,1159,19018048
1995-08-08 13:45:00-04:00,957,16386628
1995-08-08 14:00:00-04:00,967,11936269
1995-08-08 14:15:00-04:00,1023,21715477
1995-08-08 14:30:00-04:00,955,17634160
1995-08-08 14:45:00-04:00,1194,17003110
1995-08-08 15:00:00-04:00,1404,21267340
1995-08-08 15:15:00-04:00,1351,24583213
1995-08-08 15:30:00-04:00,1166,23032788
1995-08-08 15:45:00-04:00,1172,28676721
1995-08-08 16:00:00-04:00,1085,14285935
1995-08-08 16:15:00-04:00,938,13555009
1995-08-08 16:30:00-04:00,1026,13496151
1995-08-08 16:45:00-04:00,1026,19783194
1995-08-08 17:00:00-04:00,887,15265063
1995-08-08 17:15:00-04:00,1024,21633463
1995-08-08 17:30:00-04:00,685,12648964
1995-08-08 17:45:00-04:00,607,8625489
1995-08-08 18:00:00-04:00,694,11331654
1995-08-08 18:15:00-04:00,811,15835913
1995-08-08 18:30:00-04:00,814,16130680
1995-08-08 18:45:00-04:00,784,18147714
1995-08-08 19:00:00-04:00,696,15708201
1995-08-08 19:15:00-04:00,702,11095188
1995-08-08 19:30:00-04:00,515,10506020
1995-08-08 19:45:00-04:00,725,12761793
1995-08-08 20:00:00-04:00,564,10111017
1995-08-08 20:15:00-04:00,649,11651387
1995-08-08 20:30:00-04:00,771,13815943
1995-08-08 20:45:00-04:00,626,9116686
1995-08-08 21:00:00-04:00,516,7372615
1995-08-08 21:15:00-04:00,700,9585365
1995-08-08 21:30:00-04:00,660,11899630
1995-08-08 21:45:00-04:00,529,9763418
1995-08-08 22:00:00-04:00,606,9736208
1995-08-08 22:15:00-04:00,783,10096706
1995-08-08 22:30:00-04:00,665,10237434
1995-08-08 22:45:00-04:00,649,10563928
1995-08-08 23:00:00-04:00,484,7209208
1995-08-08 23:15:00-04:00,607,9321257
1995-08-08 23:30:00-04:00,523,13537355
1995-08-08 23:45:00-04:00,520,6749182
1995-08-09 00:00:00-04:00,663,10320347
1995-08-09 00:15:00-04:00,525,9120337
1995-08-09 00:30:00-04:00,379,10625757
1995-08-09 00:45:00-04:00,477,8264807
1995-08-09 01:00:00-04:00,314,6835597
1995-08-09 01:15:00-04:00,242,4727168
1995-08-09 01:30:00-04:00,274,6850418
1995-08-09 01:45:00-04:00,322,6176387
1995-08-09 02:00:00-04:00,442,11447990
1995-08-09 02:15:00-04:00,376,6540134
1995-08-09 02:30:00-04:00,320,3738473
1995-08-09 02:45:00-04:00,206,5386102
1995-08-09 03:00:00-04:00,373,4574773
1995-08-09 03:15:00-04:00,371,5801788
1995-08-09 03:30:00-04:00,233,8322194
1995-08-09 03:45:00-04:00,374,5400047
1995-08-09 04:00:00-04:00,307,3630670
1995-08-09 04:15:00-04:00,272,5011281
1995-08-09 04:30:00-04:00,239,3528765
1995-08-09 04:45:00-04:00,191,4893755
1995-08-09 05:00:00-04:00,273,3750930
1995-08-09 05:15:00-04:00,209,2907706
1995-08-09 05:30:00-04:00,274,5669116
1995-08-09 05:45:00-04:00,293,4484778
1995-08-09 06:00:00-04:00,219,3544859
1995-08-09 06:15:00-04:00,180,4003951
1995-08-09 06:30:00-04:00,403,6118916
1995-08-09 06:45:00-04:00,242,4042634
1995-08-09 07:00:00-04:00,345,6021453
1995-08-09 07:15:00-04:00,503,10841683
1995-08-09 07:30:00-04:00,439,6847430
1995-08-09 07:45:00-04:00,571,9214683
1995-08-09 08:00:00-04:00,559,8446796
1995-08-09 08:15:00-04:00,768,8533519
1995-08-09 08:30:00-04:00,735,10915106
1995-08-09 08:45:00-04:00,936,13521990
1995-08-09 09:00:00-04:00,799,15370763
1995-08-09 09:15:00-04:00,1136,17668605
1995-08-09 09:30:00-04:00,868,16955678
1995-08-09 09:45:00-04:00,904,13796086
1995-08-09 10:00:00-04:00,799,14102656
1995-08-09 10:15:00-04:00,1034,17897914
1995-08-09 10:30:00-04:00,944,15737502
1995-08-09 10:45:00-04:00,907,18348387
1995-08-09 11:00:00-04:00,786,10209573
1995-08-09 11:15:00-04:00,1055,17057918
1995-08-09 11:30:00-04:00,1163,15669299
1995-08-09 11:45:00-04:00,1167,21159448
1995-08-09 12:00:00-04:00,990,14626599
1995-08-09 12:15:00-04:00,733,18774135
1995-08-09 12:30:00-04:00,775,13038227
1995-08-09 12:45:00-04:00,773,12592913
1995-08-09 13:00:00-04:00,988,12770781
1995-08-09 13:15:00-04:00,648,8899634
1995-08-09 13:30:00-04:00,535,8831835
1995-08-09 13:45:00-04:00,453,5468387
1995-08-09 14:00:00-04:00,524,8395991
1995-08-09 14:15:00-04:00,891,9342329
1995-08-09 14:30:00-04:00,1019,16404213
1995-08-09 14:45:00-04:00,1029,12131155
1995-08-09 15:00:00-04:00,1041,14484257
1995-08-09 15:15:00-04:00,1032,15267267
1995-08-09 15:30:00-04:00,1145,18703013
1995-08-09 15:45:00-04:00,1108,13365519
1995-08-09 16:00:00-04:00,1089,17323562
1995-08-09 16:15:00-04:00,842,10010755
1995-08-09 16:30:00-04:00,954,14218406
1995-08-09 16:45:00-04:00,951,17341074
1995-08-09 17:00:00-04:00,907,15562457
1995-08-09 17:15:00-04:00,1175,17916845
1995-08-09 17:30:00-04:00,776,10859840
1995-08-09 17:45:00-04:00,845,14853346
1995-08-09 18:00:00-04:00,704,9043996
1995-08-09 18:15:00-04:00,568,11593461
1995-08-09 18:30:00-04:00,638,9528512
1995-08-09 18:45:00-04:00,633,10373561
1995-08-09 19:00:00-04:00,782,17337660
1995-08-09 19:15:00-04:00,630,8034526
1995-08-09 19:30:00-04:00,710,8588750
1995-08-09 19:45:00-04:00,594,6909149
1995-08-09 20:00:00-04:00,534,6220416
1995-08-09 20:15:00-04:00,544,6385616
1995-08-09 20:30:00-04:00,587,9752628
1995-08-09 20:45:00-04:00,480,7105535
1995-08-09 21:00:00-04:00,511,5757078
1995-08-09 21:15:00-04:00,620,11040712
1995-08-09 21:30:00-04:00,575,9572693
1995-08-09 21:45:00-04:00,584,9823653
1995-08-09 22:00:00-04:00,681,16274993
1995-08-09 22:15:00-04:00,471,9652973
1995-08-09 22:30:00-04:00,621,12400627
1995-08-09 22:45:00-04:00,327,5583038
1995-08-09 23:00:00-04:00,577,11665379
1995-08-09 23:15:00-04:00,502,9664008
1995-08-09 23:30:00-04:00,468,8167887
1995-08-09 23:45:00-04:00,483,5170151
1995-08-10 00:00:00-04:00,423,10535268
1995-08-10 00:15:00-04:00,440,7609606
1995-08-10 00:30:00-04:00,387,7413105
1995-08-10 00:45:00-04:00,517,10256601
1995-08-10 01:00:00-04:00,396,9414527
1995-08-10 01:15:00-04:00,316,6763437
1995-08-10 01:30:00-04:00,293,7922302
1995-08-10 01:45:00-04:00,377,4537458
1995-08-10 02:00:00-04:00,261,3762067
1995-08-10 02:15:00-04:00,264,5688152
1995-08-10 02:30:00-04:00,378,5137029
1995-08-10 02:45:00-04:00,284,6610042
1995-08-10 03:00:00-04:00,244,3760771
1995-08-10 03:15:00-04:00,334,8096561
1995-08-10 03:30:00-04:00,330,8362673
1995-08-10 03:45:00-04:00,295,6922500
1995-08-10 04:00:00-04:00,239,5289582
1995-08-10 04:15:00-04:00,203,3846631
1995-08-10 04:30:00-04:00,225,2255617
1995-08-10 04:45:00-04:00,347,4519634
1995-08-10 05:00:00-04:00,230,5607482
1995-08-10 05:15:00-04:00,263,6186839
1995-08-10 05:30:00-04:00,391,7500780
1995-08-10 05:45:00-04:00,374,18164226
1995-08-10 06:00:00-04:00,360,7943764
1995-08-10 06:15:00-04:00,207,3587913
1995-08-10 06:30:00-04:00,278,3812852
1995-08-10 06:45:00-04:00,390,5813842
1995-08-10 07:00:00-04:00,473,7391406
1995-08-10 07:15:00-04:00,528,7296630
1995-08-10 07:30:00-04:00,470,10046792
1995-08-10 07:45:00-04:00,683,10755756
1995-08-10 08:00:00-04:00,636,11861493
1995-08-10 08:15:00-04:00,844,16181515
1995-08-10 08:30:00-04:00,685,14132970
1995-08-10 08:45:00-04:00,863,13833905
1995-08-10 09:00:00-04:00,717,16272078
1995-08-10 09:15:00-04:00,858,14615330
1995-08-10 09:30:00-04:00,884,16352433
1995-08-10 09:45:00-04:00,799,13474827
1995-08-10 10:00:00-04:00,830,13558156
1995-08-10 10:15:00-04:00,1025,16320920
1995-08-10 10:30:00-04:00,953,14796349
1995-08-10 10:45:00-04:00,956,12910936
1995-08-10 11:00:00-04:00,1172,12122584
1995-08-10 11:15:00-04:00,983,15614416
1995-08-10 11:30:00-04:00,652,8424079
1995-08-10 11:45:00-04:00,763,16017594
1995-08-10 12:00:00-04:00,901,12237375
1995-08-10 12:15:00-04:00,956,16796380
1995-08-10 12:30:00-04:00,1013,16675633
1995-08-10 12:45:00-04:00,1104,19137686
1995-08-10 13:00:00-04:00,962,21243182
1995-08-10 13:15:00-04:00,1054,18390389
1995-08-10 13:30:00-04:00,964,16470922
1995-08-10 13:45:00-04:00,996,13184598
1995-08-10 14:00:00-04:00,1066,17556357
1995-08-10 14:15:00-04:00,1199,17678889
1995-08-10 14:30:00-04:00,965,13551363
1995-08-10 14:45:00-04:00,956,12661490
1995-08-10 15:00:00-04:00,1005,18844757
1995-08-10 15:15:00-04:00,1202,19163639
1995-08-10 15:30:00-04:00,1372,21038593
1995-08-10 15:45:00-04:00,1127,13822780
1995-08-10 16:00:00-04:00,941,14194394
1995-08-10 16:15:00-04:00,954,12336897
1995-08-10 16:30:00-04:00,743,9507636
1995-08-10 16:45:00-04:00,803,16401843
1995-08-10 17:00:00-04:00,811,14802503
1995-08-10 17:15:00-04:00,916,23429385
1995-08-10 17:30:00-04:00,688,11934552
1995-08-10 17:45:00-04:00,727,9511451
1995-08-10 18:00:00-04:00,565,11020519
1995-08-10 18:15:00-04:00,638,10856601
1995-08-10 18:30:00-04:00,486,8637132
1995-08-10 18:45:00-04:00,456,9286681
1995-08-10 19:00:00-04:00,620,11640491
1995-08-10 19:15:00-04:00,699,8066684
1995-08-10 19:30:00-04:00,479,6769885
1995-08-10 19:45:00-04:00,518,7734457
1995-08-10 20:00:00-04:00,466,6508057
1995-08-10 20:15:00-04:00,457,8721153
1995-08-10 20:30:00-04:00,479,9146173
1995-08-10 20:45:00-04:00,632,9232433
1995-08-10 21:00:00-04:00,437,5113475
1995-08-10 21:15:00-04:00,475,7881218
1995-08-10 21:30:00-04:00,616,9169637
1995-08-10 21:45:00-04:00,629,11224621
1995-08-10 22:00:00-04:00,778,14222726
1995-08-10 22:15:00-04:00,602,7553948
1995-08-10 22:30:00-04:00,611,9299738
1995-08-10 22:45:00-04:00,581,8243520
1995-08-10 23:00:00-04:00,641,7311884
1995-08-10 23:15:00-04:00,328,3947928
1995-08-10 23:30:00-04:00,356,5956465
1995-08-10 23:45:00-04:00,454,7430048
1995-08-11 00:00:00-04:00,334,5462399
1995-08-11 00:15:00-04:00,484,8004440
1995-08-11 00:30:00-04:00,333,5309925
1995-08-11 00:45:00-04:00,353,5257827
1995-08-11 01:00:00-04:00,247,3917503
1995-08-11 01:15:00-04:00,357,7307641
1995-08-11 01:30:00-04:00,398,8261977
1995-08-11 01:45:00-04:00,311,3824925
1995-08-11 02:00:00-04:00,280,4105541
1995-08-11 02:15:00-04:00,322,6892718
1995-08-11 02:30:00-04:00,401,10622700
1995-08-11 02:45:00-04:00,321,7712439
1995-08-11 03:00:00-04:00,235,4242235
1995-08-11 03:15:00-04:00,306,5700166
1995-08-11 03:30:00-04:00,287,3727554
1995-08-11 03:45:00-04:00,326,6257300
1995-08-11 04:00:00-04:00,288,3857733
1995-08-11 04:15:00-04:00,304,6525314
1995-08-11 04:30:00-04:00,197,5367320
1995-08-11 04:45:00-04:00,205,1642884
1995-08-11 05:00:00-04:00,248,2209973
1995-08-11 05:15:00-04:00,407,5955237
1995-08-11 05:30:00-04:00,272,6314969
1995-08-11 05:45:00-04:00,235,4949155
1995-08-11 06:00:00-04:00,344,5191312
1995-08-11 06:15:00-04:00,267,6756211
1995-08-11 06:30:00-04:00,445,11479145
1995-08-11 06:45:00-04:00,379,6719796
1995-08-11 07:00:00-04:00,506,7848366
1995-08-11 07:15:00-04:00,392,12718676
1995-08-11 07:30:00-04:00,523,9039125
1995-08-11 07:45:00-04:00,566,7950568
1995-08-11 08:00:00-04:00,627,7426191
1995-08-11 08:15:00-04:00,683,8914432
1995-08-11 08:30:00-04:00,674,14962547
1995-08-11 08:45:00-04:00,669,9896843
1995-08-11 09:00:00-04:00,725,11564447
1995-08-11 09:15:00-04:00,750,9812208
1995-08-11 09:30:00-04:00,1014,17307586
1995-08-11 09:45:00-04:00,932,14024160
1995-08-11 10:00:00-04:00,935,11715704
1995-08-11 10:15:00-04:00,998,14123141
1995-08-11 10:30:00-04:00,966,20466735
1995-08-11 10:45:00-04:00,931,25492499
1995-08-11 11:00:00-04:00,1012,23981926
1995-08-11 11:15:00-04:00,837,21038237
1995-08-11 11:30:00-04:00,784,11768623
1995-08-11 11:45:00-04:00,843,15787238
1995-08-11 12:00:00-04:00,1028,26279559
1995-08-11 12:15:00-04:00,1294,25454390
1995-08-11 12:30:00-04:00,1085,22214866
1995-08-11 12:45:00-04:00,1152,14689285
1995-08-11 13:00:00-04:00,1108,22313609
1995-08-11 13:15:00-04:00,915,18384404
1995-08-11 13:30:00-04:00,1172,22830462
1995-08-11 13:45:00-04:00,994,16591565
1995-08-11 14:00:00-04:00,1032,17649415
1995-08-11 14:15:00-04:00,1202,18877569
1995-08-11 14:30:00-04:00,1107,15041676
1995-08-11 14:45:00-04:00,1345,18762576
1995-08-11 15:00:00-04:00,1096,16545227
1995-08-11 15:15:00-04:00,1165,26335436
1995-08-11 15:30:00-04:00,1271,22974109
1995-08-11 15:45:00-04:00,1194,17905319
1995-08-11 16:00:00-04:00,1057,14861630
1995-08-11 16:15:00-04:00,972,17589220
1995-08-11 16:30:00-04:00,1031,17839317
1995-08-11 16:45:00-04:00,990,17706375
1995-08-11 17:00:00-04:00,875,14834767
1995-08-11 17:15:00-04:00,825,17372629
1995-08-11 17:30:00-04:00,746,16530155
1995-08-11 17:45:00-04:00,686,12434038
1995-08-11 18:00:00-04:00,505,12482593
1995-08-11 18:15:00-04:00,621,12054461
1995-08-11 18:30:00-04:00,628,10979029
1995-08-11 18:45:00-04:00,532,7571007
1995-08-11 19:00:00-04:00,556,11710834
1995-08-11 19:15:00-04:00,519,14422358
1995-08-11 19:30:00-04:00,485,7860214
1995-08-11 19:45:00-04:00,418,9378033
1995-08-11 20:00:00-04:00,496,5436502
1995-08-11 20:15:00-04:00,548,8303784
1995-08-11 20:30:00-04:00,540,8456789
1995-08-11 20:45:00-04:00,607,11993705
1995-08-11 21:00:00-04:00,684,8544318
1995-08-11 21:15:00-04:00,626,11923299
1995-08-11 21:30:00-04:00,414,12422383
1995-08-11 21:45:00-04:00,416,7399698
1995-08-11 22:00:00-04:00,640,11980029
1995-08-11 22:15:00-04:00,537,7034877
1995-08-11 22:30:00-04:00,471,8992510
1995-08-11 22:45:00-04:00,214,4125411
1995-08-11 23:00:00-04:00,238,3751414
1995-08-11 23:15:00-04:00,304,3166050
1995-08-11 23:30:00-04:00,284,4723652
1995-08-11 23:45:00-04:00,368,6580203
1995-08-12 00:00:00-04:00,238,4385185
1995-08-12 00:15:00-04:00,371,6820409
1995-08-12 00:30:00-04:00,426,6877189
1995-08-12 00:45:00-04:00,451,6900508
1995-08-12 01:00:00-04:00,265,3205476
1995-08-12 01:15:00-04:00,355,5168209
1995-08-12 01:30:00-04:00,322,6178122
1995-08-12 01:45:00-04:00,265,3060630
1995-08-12 02:00:00-04:00,178,1746019
1995-08-12 02:15:00-04:00,225,3536958
1995-08-12 02:30:00-04:00,167,1685406
1995-08-12 02:45:00-04:00,183,2345653
1995-08-12 03:00:00-04:00,169,3354372
1995-08-12 03:15:00-04:00,239,4666456
1995-08-12 03:30:00-04:00,179,4954123
1995-08-12 03:45:00-04:00,160,2802280
1995-08-12 04:00:00-04:00,294,5460346
1995-08-12 04:15:00-04:00,150,5387387
1995-08-12 04:30:00-04:00,268,5419227
1995-08-12 04:45:00-04:00,225,2594844
1995-08-12 05:00:00-04:00,277,3626230
1995-08-12 05:15:00-04:00,230,5799617
1995-08-12 05:30:00-04:00,141,4225199
1995-08-12 05:45:00-04:00,176,1759412
1995-08-12 06:00:00-04:00,317,5947866
1995-08-12 06:15:00-04:00,133,2827471
1995-08-12 06:30:00-04:00,143,1971942
1995-08-12 06:45:00-04:00,210,3367991
1995-08-12 07:00:00-04:00,186,3551823
1995-08-12 07:15:00-04:00,217,4277754
1995-08-12 07:30:00-04:00,213,2938628
1995-08-12 07:45:00-04:00,233,3731625
1995-08-12 08:00:00-04:00,183,2103088
1995-08-12 08:15:00-04:00,287,4661360
1995-08-12 08:30:00-04:00,264,6064094
1995-08-12 08:45:00-04:00,266,4038029
1995-08-12 09:00:00-04:00,254,3584626
1995-08-12 09:15:00-04:00,325,5525328
1995-08-12 09:30:00-04:00,331,4451208
1995-08-12 09:45:00-04:00,257,3658240
1995-08-12 10:00:00-04:00,418,12639513
1995-08-12 10:15:00-04:00,381,4968901
1995-08-12 10:30:00-04:00,589,7398245
1995-08-12 10:45:00-04:00,654,10088690
1995-08-12 11:00:00-04:00,537,9989463
1995-08-12 11:15:00-04:00,322,6111835
1995-08-12 11:30:00-04:00,414,6504322
1995-08-12 11:45:00-04:00,528,9526607
1995-08-12 12:00:00-04:00,370,4700620
1995-08-12 12:15:00-04:00,413,5714042
1995-08-12 12:30:00-04:00,393,7071802
1995-08-12 12:45:00-04:00,436,11304890
1995-08-12 13:00:00-04:00,460,11427834
1995-08-12 13:15:00-04:00,597,13013460
1995-08-12 13:30:00-04:00,547,12145159
1995-08-12 13:45:00-04:00,470,7587388
1995-08-12 14:00:00-04:00,537,9734260
1995-08-12 14:15:00-04:00,444,9806465
1995-08-12 14:30:00-04:00,376,5856634
1995-08-12 14:45:00-04:00,430,7525023
1995-08-12 15:00:00-04:00,464,11460141
1995-08-12 15:15:00-04:00,464,10865473
1995-08-12 15:30:00-04:00,562,7400666
1995-08-12 15:45:00-04:00,659,11185035
1995-08-12 16:00:00-04:00,615,8885461
1995-08-12 16:15:00-04:00,505,13846393
1995-08-12 16:30:00-04:00,570,12162217
1995-08-12 16:45:00-04:00,405,10287117
1995-08-12 17:00:00-04:00,500,12502142
1995-08-12 17:15:00-04:00,500,8633799
1995-08-12 17:30:00-04:00,630,13120973
1995-08-12 17:45:00-04:00,686,9732187
1995-08-12 18:00:00-04:00,498,9798016
1995-08-12 18:15:00-04:00,522,10660638
1995-08-12 18:30:00-04:00,522,10296921
1995-08-12 18:45:00-04:00,470,8001676
1995-08-12 19:00:00-04:00,485,6187982
1995-08-12 19:15:00-04:00,413,7987845
1995-08-12 19:30:00-04:00,467,7650909
1995-08-12 19:45:00-04:00,486,5141180
1995-08-12 20:00:00-04:00,545,7320348
1995-08-12 20:15:00-04:00,488,8051116
1995-08-12 20:30:00-04:00,560,12644197
1995-08-12 20:45:00-04:00,446,7644643
1995-08-12 21:00:00-04:00,403,9451853
1995-08-12 21:15:00-04:00,499,6279163
1995-08-12 21:30:00-04:00,523,9435288
1995-08-12 21:45:00-04:00,373,7018681
1995-08-12 22:00:00-04:00,448,6898709
1995-08-12 22:15:00-04:00,630,9403373
1995-08-12 22:30:00-04:00,619,10182122
1995-08-12 22:45:00-04:00,683,18977884
1995-08-12 23:00:00-04:00,521,8408553
1995-08-12 23:15:00-04:00,719,13470184
1995-08-12 23:30:00-04:00,656,13397140
1995-08-12 23:45:00-04:00,446,13430711
1995-08-13 00:00:00-04:00,680,16184941
1995-08-13 00:15:00-04:00,587,14335666
1995-08-13 00:30:00-04:00,510,9917593
1995-08-13 00:45:00-04:00,476,9010359
1995-08-13 01:00:00-04:00,301,5708834
1995-08-13 01:15:00-04:00,325,5800002
1995-08-13 01:30:00-04:00,312,6518882
1995-08-13 01:45:00-04:00,320,4767382
1995-08-13 02:00:00-04:00,262,3392506
1995-08-13 02:15:00-04:00,3,516096
1995-08-13 02:30:00-04:00,1,57344
1995-08-13 02:45:00-04:00,0,0
1995-08-13 03:00:00-04:00,24,60196
1995-08-13 03:15:00-04:00,35,505672
1995-08-13 03:30:00-04:00,132,1129276
1995-08-13 03:45:00-04:00,254,2806635
1995-08-13 04:00:00-04:00,273,6480106
1995-08-13 04:15:00-04:00,257,7117672
1995-08-13 04:30:00-04:00,183,4158404
1995-08-13 04:45:00-04:00,192,2831086
1995-08-13 05:00:00-04:00,238,3885649
1995-08-13 05:15:00-04:00,195,4684311
1995-08-13 05:30:00-04:00,185,3742608
1995-08-13 05:45:00-04:00,154,2958852
1995-08-13 06:00:00-04:00,35,251009
1995-08-13 06:15:00-04:00,125,849029
1995-08-13 06:30:00-04:00,193,2767619
1995-08-13 06:45:00-04:00,150,2798479
1995-08-13 07:00:00-04:00,289,3436446
1995-08-13 07:15:00-04:00,258,4069487
1995-08-13 07:30:00-04:00,270,3456105
1995-08-13 07:45:00-04:00,197,2542127
1995-08-13 08:00:00-04:00,132,4185982
1995-08-13 08:15:00-04:00,80,1117094
1995-08-13 08:30:00-04:00,149,5700917
1995-08-13 08:45:00-04:00,239,3628242
1995-08-13 09:00:00-04:00,310,4404228
1995-08-13 09:15:00-04:00,283,3957652
1995-08-13 09:30:00-04:00,272,4683537
1995-08-13 09:45:00-04:00,393,6327200
1995-08-13 10:00:00-04:00,356,3761724
1995-08-13 10:15:00-04:00,249,5297102
1995-08-13 10:30:00-04:00,377,5467596
1995-08-13 10:45:00-04:00,389,7426750
1995-08-13 11:00:00-04:00,388,7418342
1995-08-13 11:15:00-04:00,412,6940549
1995-08-13 11:30:00-04:00,494,7751529
1995-08-13 11:45:00-04:00,336,6376792
1995-08-13 12:00:00-04:00,468,6959052
1995-08-13 12:15:00-04:00,260,4750672
1995-08-13 12:30:00-04:00,290,6574873
1995-08-13 12:45:00-04:00,519,8240463
1995-08-13 13:00:00-04:00,612,15076083
1995-08-13 13:15:00-04:00,519,11760123
1995-08-13 13:30:00-04:00,478,8981690
1995-08-13 13:45:00-04:00,442,9381920
1995-08-13 14:00:00-04:00,621,5524272
1995-08-13 14:15:00-04:00,499,17591757
1995-08-13 14:30:00-04:00,480,11341130
1995-08-13 14:45:00-04:00,693,14153371
1995-08-13 15:00:00-04:00,665,14294695
1995-08-13 15:15:00-04:00,381,8296752
1995-08-13 15:30:00-04:00,380,9804359
1995-08-13 15:45:00-04:00,581,8061932
1995-08-13 16:00:00-04:00,489,13662316
1995-08-13 16:15:00-04:00,555,7100167
1995-08-13 16:30:00-04:00,550,8661474
1995-08-13 16:45:00-04:00,624,11909737
1995-08-13 17:00:00-04:00,552,7683980
1995-08-13 17:15:00-04:00,580,11074561
1995-08-13 17:30:00-04:00,534,14263178
1995-08-13 17:45:00-04:00,571,17213792
1995-08-13 18:00:00-04:00,552,10632002
1995-08-13 18:15:00-04:00,588,12408216
1995-08-13 18:30:00-04:00,490,7306405
1995-08-13 18:45:00-04:00,442,7256720
1995-08-13 19:00:00-04:00,553,13077580
1995-08-13 19:15:00-04:00,466,8222203
1995-08-13 19:30:00-04:00,371,7480620
1995-08-13 19:45:00-04:00,433,14321463
1995-08-13 20:00:00-04:00,454,9208731
1995-08-13 20:15:00-04:00,455,7292180
1995-08-13 20:30:00-04:00,432,8168300
1995-08-13 20:45:00-04:00,430,6571228
1995-08-13 21:00:00-04:00,466,8517178
1995-08-13 21:15:00-04:00,431,5921367
1995-08-13 21:30:00-04:00,383,4617578
1995-08-13 21:45:00-04:00,453,9050014
1995-08-13 22:00:00-04:00,672,8609503
1995-08-13 22:15:00-04:00,512,8582543
1995-08-13 22:30:00-04:00,641,14092931
1995-08-13 22:45:00-04:00,607,10167026
1995-08-13 23:00:00-04:00,539,10285269
1995-08-13 23:15:00-04:00,461,15349186
1995-08-13 23:30:00-04:00,400,5767543
1995-08-13 23:45:00-04:00,631,10367059
1995-08-14 00:00:00-04:00,479,10305379
1995-08-14 00:15:00-04:00,620,19013189
1995-08-14 00:30:00-04:00,494,13193268
1995-08-14 00:45:00-04:00,442,11763785
1995-08-14 01:00:00-04:00,372,6958956
1995-08-14 01:15:00-04:00,382,5472166
1995-08-14 01:30:00-04:00,381,9151407
1995-08-14 01:45:00-04:00,329,7875924
1995-08-14 02:00:00-04:00,318,6311766
1995-08-14 02:15:00-04:00,318,7538574
1995-08-14 02:30:00-04:00,341,6564918
1995-08-14 02:45:00-04:00,297,3899428
1995-08-14 03:00:00-04:00,244,6498459
1995-08-14 03:15:00-04:00,196,6322980
1995-08-14 03:30:00-04:00,371,3554821
1995-08-14 03:45:00-04:00,220,6727667
1995-08-14 04:00:00-04:00,250,11255151
1995-08-14 04:15:00-04:00,127,3731914
1995-08-14 04:30:00-04:00,199,5666096
1995-08-14 04:45:00-04:00,215,4160243
1995-08-14 05:00:00-04:00,312,7132240
1995-08-14 05:15:00-04:00,230,4451981
1995-08-14 05:30:00-04:00,265,7171001
1995-08-14 05:45:00-04:00,294,7334299
1995-08-14 06:00:00-04:00,149,2541104
1995-08-14 06:15:00-04:00,300,4609733
1995-08-14 06:30:00-04:00,309,8232732
1995-08-14 06:45:00-04:00,330,9453158
1995-08-14 07:00:00-04:00,318,5649432
1995-08-14 07:15:00-04:00,452,8816466
1995-08-14 07:30:00-04:00,440,6744665
1995-08-14 07:45:00-04:00,443,6616416
1995-08-14 08:00:00-04:00,390,4651938
1995-08-14 08:15:00-04:00,559,7299310
1995-08-14 08:30:00-04:00,729,9910864
1995-08-14 08:45:00-04:00,831,12449814
1995-08-14 09:00:00-04:00,791,11101797
1995-08-14 09:15:00-04:00,760,10802468
1995-08-14 09:30:00-04:00,880,20862274
1995-08-14 09:45:00-04:00,795,13980355
1995-08-14 10:00:00-04:00,937,14832598
1995-08-14 10:15:00-04:00,848,15903246
1995-08-14 10:30:00-04:00,751,12561792
1995-08-14 10:45:00-04:00,790,16265818
1995-08-14 11:00:00-04:00,882,14323501
1995-08-14 11:15:00-04:00,976,18282902
1995-08-14 11:30:00-04:00,673,16933031
1995-08-14 11:45:00-04:00,799,12971794
1995-08-14 12:00:00-04:00,790,12640745
1995-08-14 12:15:00-04:00,1136,16328532
1995-08-14 12:30:00-04:00,1217,19432590
1995-08-14 12:45:00-04:00,1330,25527788
1995-08-14 13:00:00-04:00,1046,20562879
1995-08-14 13:15:00-04:00,1188,15660576
1995-08-14 13:30:00-04:00,1118,21427793
1995-08-14 13:45:00-04:00,1023,16910472
1995-08-14 14:00:00-04:00,888,13465042
1995-08-14 14:15:00-04:00,903,9378073
1995-08-14 14:30:00-04:00,1144,19081423
1995-08-14 14:45:00-04:00,1057,19764430
1995-08-14 15:00:00-04:00,1038,23777607
1995-08-14 15:15:00-04:00,1001,14342622
1995-08-14 15:30:00-04:00,695,18273764
1995-08-14 15:45:00-04:00,986,18366341
1995-08-14 16:00:00-04:00,914,11847197
1995-08-14 16:15:00-04:00,1036,18370308
1995-08-14 16:30:00-04:00,868,23311445
1995-08-14 16:45:00-04:00,918,14139030
1995-08-14 17:00:00-04:00,997,13689825
1995-08-14 17:15:00-04:00,793,12016843
1995-08-14 17:30:00-04:00,645,10405480
1995-08-14 17:45:00-04:00,732,16782316
1995-08-14 18:00:00-04:00,800,17944925
1995-08-14 18:15:00-04:00,488,8204023
1995-08-14 18:30:00-04:00,644,9680586
1995-08-14 18:45:00-04:00,646,12535124
1995-08-14 19:00:00-04:00,590,8628940
1995-08-14 19:15:00-04:00,667,14792175
1995-08-14 19:30:00-04:00,684,15227411
1995-08-14 19:45:00-04:00,502,9065075
1995-08-14 20:00:00-04:00,534,5809554
1995-08-14 20:15:00-04:00,636,12419002
1995-08-14 20:30:00-04:00,620,12274905
1995-08-14 20:45:00-04:00,545,8264075
1995-08-14 21:00:00-04:00,352,4555478
1995-08-14 21:15:00-04:00,679,10190459
1995-08-14 21:30:00-04:00,543,7971370
1995-08-14 21:45:00-04:00,479,9444945
1995-08-14 22:00:00-04:00,638,10714580
1995-08-14 22:15:00-04:00,585,10436136
1995-08-14 22:30:00-04:00,517,7617097
1995-08-14 22:45:00-04:00,456,7203098
1995-08-14 23:00:00-04:00,566,7591290
1995-08-14 23:15:00-04:00,484,5176020
1995-08-14 23:30:00-04:00,536,7648313
1995-08-14 23:45:00-04:00,396,6787652
1995-08-15 00:00:00-04:00,288,5086307
1995-08-15 00:15:00-04:00,354,8287220
1995-08-15 00:30:00-04:00,482,6712063
1995-08-15 00:45:00-04:00,476,6088697
1995-08-15 01:00:00-04:00,343,7305289
1995-08-15 01:15:00-04:00,229,4491362
1995-08-15 01:30:00-04:00,351,5617524
1995-08-15 01:45:00-04:00,238,5303217
1995-08-15 02:00:00-04:00,219,4497573
1995-08-15 02:15:00-04:00,308,8160680
1995-08-15 02:30:00-04:00,404,7290228
1995-08-15 02:45:00-04:00,384,5596432
1995-08-15 03:00:00-04:00,233,5482197
1995-08-15 03:15:00-04:00,286,5233962
1995-08-15 03:30:00-04:00,252,4984506
1995-08-15 03:45:00-04:00,154,2410396
1995-08-15 04:00:00-04:00,276,5280347
1995-08-15 04:15:00-04:00,211,3002724
1995-08-15 04:30:00-04:00,229,4539655
1995-08-15 04:45:00-04:00,305,5339740
1995-08-15 05:00:00-04:00,340,5715261
1995-08-15 05:15:00-04:00,309,4769823
1995-08-15 05:30:00-04:00,220,3911845
1995-08-15 05:45:00-04:00,119,4372772
1995-08-15 06:00:00-04:00,295,5807855
1995-08-15 06:15:00-04:00,232,4299769
1995-08-15 06:30:00-04:00,338,7788731
1995-08-15 06:45:00-04:00,352,4468496
1995-08-15 07:00:00-04:00,305,5209709
1995-08-15 07:15:00-04:00,414,7108869
1995-08-15 07:30:00-04:00,396,3456048
1995-08-15 07:45:00-04:00,465,6337412
1995-08-15 08:00:00-04:00,739,13821436
1995-08-15 08:15:00-04:00,886,12654927
1995-08-15 08:30:00-04:00,669,12795356
1995-08-15 08:45:00-04:00,680,11137454
1995-08-15 09:00:00-04:00,732,7433281
1995-08-15 09:15:00-04:00,649,7488575
1995-08-15 09:30:00-04:00,721,11213815
1995-08-15 09:45:00-04:00,699,8998174
1995-08-15 10:00:00-04:00,725,14588159
1995-08-15 10:15:00-04:00,762,19497582
1995-08-15 10:30:00-04:00,919,13104332
1995-08-15 10:45:00-04:00,1171,15115953
1995-08-15 11:00:00-04:00,1057,17740715
1995-08-15 11:15:00-04:00,1067,17688163
1995-08-15 11:30:00-04:00,1035,16203862
1995-08-15 11:45:00-04:00,897,19830928
1995-08-15 12:00:00-04:00,1091,25496570
1995-08-15 12:15:00-04:00,959,21384623
1995-08-15 12:30:00-04:00,883,17864128
1995-08-15 12:45:00-04:00,1260,28737161
1995-08-15 13:00:00-04:00,1021,17098331
1995-08-15 13:15:00-04:00,1166,20720252
1995-08-15 13:30:00-04:00,1086,26609611
1995-08-15 13:45:00-04:00,1021,19757750
1995-08-15 14:00:00-04:00,928,14241987
1995-08-15 14:15:00-04:00,747,8627986
1995-08-15 14:30:00-04:00,954,16433131
1995-08-15 14:45:00-04:00,1354,21688844
1995-08-15 15:00:00-04:00,957,15259647
1995-08-15 15:15:00-04:00,1118,15154825
1995-08-15 15:30:00-04:00,1144,17770410
1995-08-15 15:45:00-04:00,1076,15509981
1995-08-15 16:00:00-04:00,1250,23442892
1995-08-15 16:15:00-04:00,1115,21300868
1995-08-15 16:30:00-04:00,917,15249599
1995-08-15 16:45:00-04:00,897,17473628
1995-08-15 17:00:00-04:00,912,14709229
1995-08-15 17:15:00-04:00,779,13727468
1995-08-15 17:30:00-04:00,746,14128330
1995-08-15 17:45:00-04:00,698,14889147
1995-08-15 18:00:00-04:00,714,13045277
1995-08-15 18:15:00-04:00,563,9697984
1995-08-15 18:30:00-04:00,465,6403383
1995-08-15 18:45:00-04:00,521,10580553
1995-08-15 19:00:00-04:00,543,8728656
1995-08-15 19:15:00-04:00,596,11513911
1995-08-15 19:30:00-04:00,475,8049464
1995-08-15 19:45:00-04:00,460,7546280
1995-08-15 20:00:00-04:00,418,6833376
1995-08-15 20:15:00-04:00,365,6162807
1995-08-15 20:30:00-04:00,426,12670207
1995-08-15 20:45:00-04:00,463,8997184
1995-08-15 21:00:00-04:00,423,6622181
1995-08-15 21:15:00-04:00,458,12147692
1995-08-15 21:30:00-04:00,548,13713019
1995-08-15 21:45:00-04:00,459,8220935
1995-08-15 22:00:00-04:00,489,7162304
1995-08-15 22:15:00-04:00,450,7707619
1995-08-15 22:30:00-04:00,587,11675718
1995-08-15 22:45:00-04:00,442,8913076
1995-08-15 23:00:00-04:00,521,11274358
1995-08-15 23:15:00-04:00,452,10698854
1995-08-15 23:30:00-04:00,319,7910816
1995-08-15 23:45:00-04:00,396,7595374
1995-08-16 00:00:00-04:00,301,3726448
1995-08-16 00:15:00-04:00,353,5728927
1995-08-16 00:30:00-04:00,480,6476185
1995-08-16 00:45:00-04:00,300,14458196
1995-08-16 01:00:00-04:00,413,15223906
1995-08-16 01:15:00-04:00,273,5147159
1995-08-16 01:30:00-04:00,366,5702552
1995-08-16 01:45:00-04:00,328,5303885
1995-08-16 02:00:00-04:00,293,7865088
1995-08-16 02:15:00-04:00,240,4458296
1995-08-16 02:30:00-04:00,301,3809092
1995-08-16 02:45:00-04:00,264,5191724
1995-08-16 03:00:00-04:00,226,4543045
1995-08-16 03:15:00-04:00,253,3312905
1995-08-16 03:30:00-04:00,290,4411504
1995-08-16 03:45:00-04:00,305,6675106
1995-08-16 04:00:00-04:00,259,4191354
1995-08-16 04:15:00-04:00,272,3304171
1995-08-16 04:30:00-04:00,172,2164963
1995-08-16 04:45:00-04:00,127,2629729
1995-08-16 05:00:00-04:00,162,1375800
1995-08-16 05:15:00-04:00,257,3961126
1995-08-16 05:30:00-04:00,247,3850514
1995-08-16 05:45:00-04:00,169,5568007
1995-08-16 06:00:00-04:00,209,6365876
1995-08-16 06:15:00-04:00,266,5171399
1995-08-16 06:30:00-04:00,267,5349951
1995-08-16 06:45:00-04:00,337,5502650
1995-08-16 07:00:00-04:00,290,3456892
1995-08-16 07:15:00-04:00,354,4539056
1995-08-16 07:30:00-04:00,557,9908042
1995-08-16 07:45:00-04:00,480,5070281
1995-08-16 08:00:00-04:00,651,7101866
1995-08-16 08:15:00-04:00,578,15084083
1995-08-16 08:30:00-04:00,478,7371578
1995-08-16 08:45:00-04:00,631,9404815
1995-08-16 09:00:00-04:00,704,9301058
1995-08-16 09:15:00-04:00,647,8675830
1995-08-16 09:30:00-04:00,747,10843043
1995-08-16 09:45:00-04:00,811,13777994
1995-08-16 10:00:00-04:00,834,14927286
1995-08-16 10:15:00-04:00,916,17463855
1995-08-16 10:30:00-04:00,768,14416842
1995-08-16 10:45:00-04:00,868,16766970
1995-08-16 11:00:00-04:00,831,15132005
1995-08-16 11:15:00-04:00,807,11722461
1995-08-16 11:30:00-04:00,961,18997319
1995-08-16 11:45:00-04:00,991,15510088
1995-08-16 12:00:00-04:00,931,15878744
1995-08-16 12:15:00-04:00,836,10101082
1995-08-16 12:30:00-04:00,1002,17115477
1995-08-16 12:45:00-04:00,810,12475776
1995-08-16 13:00:00-04:00,826,13573451
1995-08-16 13:15:00-04:00,1066,18260202
1995-08-16 13:30:00-04:00,1055,28032498
1995-08-16 13:45:00-04:00,983,17644783
1995-08-16 14:00:00-04:00,1177,17564548
1995-08-16 14:15:00-04:00,1067,14472798
1995-08-16 14:30:00-04:00,1067,20953724
1995-08-16 14:45:00-04:00,867,13707736
1995-08-16 15:00:00-04:00,834,9238586
1995-08-16 15:15:00-04:00,1163,20020580
1995-08-16 15:30:00-04:00,1122,18846868
1995-08-16 15:45:00-04:00,824,14055281
1995-08-16 16:00:00-04:00,872,12579350
1995-08-16 16:15:00-04:00,1131,16740345
1995-08-16 16:30:00-04:00,671,14353622
1995-08-16 16:45:00-04:00,824,13837769
1995-08-16 17:00:00-04:00,943,21288033
1995-08-16 17:15:00-04:00,722,14571057
1995-08-16 17:30:00-04:00,815,15516895
1995-08-16 17:45:00-04:00,560,8601914
1995-08-16 18:00:00-04:00,646,15641334
1995-08-16 18:15:00-04:00,504,10717793
1995-08-16 18:30:00-04:00,658,11228416
1995-08-16 18:45:00-04:00,598,16209392
1995-08-16 19:00:00-04:00,598,8860134
1995-08-16 19:15:00-04:00,537,8424990
1995-08-16 19:30:00-04:00,549,9549168
1995-08-16 19:45:00-04:00,568,9925239
1995-08-16 20:00:00-04:00,676,9653581
1995-08-16 20:15:00-04:00,505,10729526
1995-08-16 20:30:00-04:00,525,7425003
1995-08-16 20:45:00-04:00,337,10841833
1995-08-16 21:00:00-04:00,599,10535157
1995-08-16 21:15:00-04:00,552,13341906
1995-08-16 21:30:00-04:00,660,9238324
1995-08-16 21:45:00-04:00,520,10309818
1995-08-16 22:00:00-04:00,610,12298821
1995-08-16 22:15:00-04:00,542,9631077
1995-08-16 22:30:00-04:00,406,6601325
1995-08-16 22:45:00-04:00,410,8032878
1995-08-16 23:00:00-04:00,374,4747406
1995-08-16 23:15:00-04:00,367,6041810
1995-08-16 23:30:00-04:00,671,8977567
1995-08-16 23:45:00-04:00,439,5317073
1995-08-17 00:00:00-04:00,400,5461314
1995-08-17 00:15:00-04:00,392,5234017
1995-08-17 00:30:00-04:00,379,7682963
1995-08-17 00:45:00-04:00,340,7436461
1995-08-17 01:00:00-04:00,373,7536519
1995-08-17 01:15:00-04:00,316,4208896
1995-08-17 01:30:00-04:00,272,6921099
1995-08-17 01:45:00-04:00,356,7920750
1995-08-17 02:00:00-04:00,322,6541776
1995-08-17 02:15:00-04:00,289,4558443
1995-08-17 02:30:00-04:00,232,3333212
1995-08-17 02:45:00-04:00,173,2242936
1995-08-17 03:00:00-04:00,183,2185624
1995-08-17 03:15:00-04:00,124,1097921
1995-08-17 03:30:00-04:00,179,2995149
1995-08-17 03:45:00-04:00,257,6765124
1995-08-17 04:00:00-04:00,376,6555931
1995-08-17 04:15:00-04:00,288,5687091
1995-08-17 04:30:00-04:00,242,4293809
1995-08-17 04:45:00-04:00,192,4901553
1995-08-17 05:00:00-04:00,187,2485669
1995-08-17 05:15:00-04:00,245,4837556
1995-08-17 05:30:00-04:00,204,2951722
1995-08-17 05:45:00-04:00,175,2566228
1995-08-17 06:00:00-04:00,211,3460829
1995-08-17 06:15:00-04:00,150,2697767
1995-08-17 06:30:00-04:00,232,2546347
1995-08-17 06:45:00-04:00,324,3459191
1995-08-17 07:00:00-04:00,457,6353872
1995-08-17 07:15:00-04:00,450,12741530
1995-08-17 07:30:00-04:00,380,10921262
1995-08-17 07:45:00-04:00,556,13230709
1995-08-17 08:00:00-04:00,663,12119265
1995-08-17 08:15:00-04:00,741,10086295
1995-08-17 08:30:00-04:00,546,8244399
1995-08-17 08:45:00-04:00,680,9896515
1995-08-17 09:00:00-04:00,770,11205976
1995-08-17 09:15:00-04:00,793,14210445
1995-08-17 09:30:00-04:00,755,13603073
1995-08-17 09:45:00-04:00,755,11897283
1995-08-17 10:00:00-04:00,799,16807422
1995-08-17 10:15:00-04:00,801,9628895
1995-08-17 10:30:00-04:00,1069,19562985
1995-08-17 10:45:00-04:00,1023,19240247
1995-08-17 11:00:00-04:00,1019,18061614
1995-08-17 11:15:00-04:00,944,16073725
1995-08-17 11:30:00-04:00,720,18077224
1995-08-17 11:45:00-04:00,794,12662654
1995-08-17 12:00:00-04:00,933,12318859
1995-08-17 12:15:00-04:00,903,17829575
1995-08-17 12:30:00-04:00,1054,21731036
1995-08-17 12:45:00-04:00,1157,25249390
1995-08-17 13:00:00-04:00,881,12234806
1995-08-17 13:15:00-04:00,1068,19969679
1995-08-17 13:30:00-04:00,997,23506286
1995-08-17 13:45:00-04:00,1088,17860865
1995-08-17 14:00:00-04:00,1101,16883764
1995-08-17 14:15:00-04:00,922,15763438
1995-08-17 14:30:00-04:00,799,11367140
1995-08-17 14:45:00-04:00,1239,16101295
1995-08-17 15:00:00-04:00,1196,21011201
1995-08-17 15:15:00-04:00,1078,16484398
1995-08-17 15:30:00-04:00,1124,12337499
1995-08-17 15:45:00-04:00,1241,17045333
1995-08-17 16:00:00-04:00,934,16369785
1995-08-17 16:15:00-04:00,1099,14099958
1995-08-17 16:30:00-04:00,973,14859155
1995-08-17 16:45:00-04:00,1080,15739482
1995-08-17 17:00:00-04:00,861,14346467
1995-08-17 17:15:00-04:00,867,16371542
1995-08-17 17:30:00-04:00,654,14091657
1995-08-17 17:45:00-04:00,725,12747838
1995-08-17 18:00:00-04:00,671,12565006
1995-08-17 18:15:00-04:00,631,15176563
1995-08-17 18:30:00-04:00,501,11641722
1995-08-17 18:45:00-04:00,741,17114966
1995-08-17 19:00:00-04:00,621,20527994
1995-08-17 19:15:00-04:00,574,15894994
1995-08-17 19:30:00-04:00,603,12472879
1995-08-17 19:45:00-04:00,571,14611910
1995-08-17 20:00:00-04:00,478,8231638
1995-08-17 20:15:00-04:00,739,8649441
1995-08-17 20:30:00-04:00,605,10910767
1995-08-17 20:45:00-04:00,508,12386109
1995-08-17 21:00:00-04:00,525,10178038
1995-08-17 21:15:00-04:00,452,9593897
1995-08-17 21:30:00-04:00,475,5395924
1995-08-17 21:45:00-04:00,497,11467018
1995-08-17 22:00:00-04:00,565,6766664
1995-08-17 22:15:00-04:00,454,5332447
1995-08-17 22:30:00-04:00,477,7097800
1995-08-17 22:45:00-04:00,368,5713515
1995-08-17 23:00:00-04:00,363,5086927
1995-08-17 23:15:00-04:00,647,12677542
1995-08-17 23:30:00-04:00,420,10975403
1995-08-17 23:45:00-04:00,400,5962580
1995-08-18 00:00:00-04:00,390,7958829
1995-08-18 00:15:00-04:00,346,4694121
1995-08-18 00:30:00-04:00,253,4223688
1995-08-18 00:45:00-04:00,279,2633621
1995-08-18 01:00:00-04:00,359,5787619
1995-08-18 01:15:00-04:00,382,6181742
1995-08-18 01:30:00-04:00,392,4377076
1995-08-18 01:45:00-04:00,489,9101075
1995-08-18 02:00:00-04:00,323,5923998
1995-08-18 02:15:00-04:00,212,4316713
1995-08-18 02:30:00-04:00,297,6882748
1995-08-18 02:45:00-04:00,316,4303362
1995-08-18 03:00:00-04:00,309,5714767
1995-08-18 03:15:00-04:00,239,5484708
1995-08-18 03:30:00-04:00,288,4311595
1995-08-18 03:45:00-04:00,295,4673534
1995-08-18 04:00:00-04:00,246,3678743
1995-08-18 04:15:00-04:00,240,2925469
1995-08-18 04:30:00-04:00,208,3194184
1995-08-18 04:45:00-04:00,237,5417271
1995-08-18 05:00:00-04:00,274,5116200
1995-08-18 05:15:00-04:00,211,2036492
1995-08-18 05:30:00-04:00,156,1427680
1995-08-18 05:45:00-04:00,295,2988544
1995-08-18 06:00:00-04:00,266,2932383
1995-08-18 06:15:00-04:00,197,2245140
1995-08-18 06:30:00-04:00,238,2741399
1995-08-18 06:45:00-04:00,339,4575774
1995-08-18 07:00:00-04:00,379,6543163
1995-08-18 07:15:00-04:00,432,9132441
1995-08-18 07:30:00-04:00,474,5085208
1995-08-18 07:45:00-04:00,473,4982114
1995-08-18 08:00:00-04:00,625,8029655
1995-08-18 08:15:00-04:00,574,8072274
1995-08-18 08:30:00-04:00,621,9111631
1995-08-18 08:45:00-04:00,852,13324964
1995-08-18 09:00:00-04:00,637,10150151
1995-08-18 09:15:00-04:00,646,12977593
1995-08-18 09:30:00-04:00,832,10779851
1995-08-18 09:45:00-04:00,858,13263873
1995-08-18 10:00:00-04:00,863,14103955
1995-08-18 10:15:00-04:00,855,9027389
1995-08-18 10:30:00-04:00,837,9630280
1995-08-18 10:45:00-04:00,932,18801260
1995-08-18 11:00:00-04:00,781,9705889
1995-08-18 11:15:00-04:00,1157,20402669
1995-08-18 11:30:00-04:00,1049,15184382
1995-08-18 11:45:00-04:00,771,10773280
1995-08-18 12:00:00-04:00,908,11141983
1995-08-18 12:15:00-04:00,790,12021450
1995-08-18 12:30:00-04:00,995,13691174
1995-08-18 12:45:00-04:00,955,15115692
1995-08-18 13:00:00-04:00,1034,18357788
1995-08-18 13:15:00-04:00,1034,18142605
1995-08-18 13:30:00-04:00,1119,17031654
1995-08-18 13:45:00-04:00,1133,22644607
1995-08-18 14:00:00-04:00,1252,17375045
1995-08-18 14:15:00-04:00,982,16838491
1995-08-18 14:30:00-04:00,906,12615573
1995-08-18 14:45:00-04:00,906,17236447
1995-08-18 15:00:00-04:00,980,22911166
1995-08-18 15:15:00-04:00,1012,18748543
1995-08-18 15:30:00-04:00,1106,17842612
1995-08-18 15:45:00-04:00,1160,13843830
1995-08-18 16:00:00-04:00,1225,24640944
1995-08-18 16:15:00-04:00,998,13695333
1995-08-18 16:30:00-04:00,840,12898894
1995-08-18 16:45:00-04:00,643,9220082
1995-08-18 17:00:00-04:00,503,6342216
1995-08-18 17:15:00-04:00,807,14054515
1995-08-18 17:30:00-04:00,874,15532652
1995-08-18 17:45:00-04:00,676,14024368
1995-08-18 18:00:00-04:00,517,10841177
1995-08-18 18:15:00-04:00,606,12825849
1995-08-18 18:30:00-04:00,448,10536532
1995-08-18 18:45:00-04:00,485,6146645
1995-08-18 19:00:00-04:00,459,5217352
1995-08-18 19:15:00-04:00,479,5910456
1995-08-18 19:30:00-04:00,401,7061899
1995-08-18 19:45:00-04:00,426,6238731
1995-08-18 20:00:00-04:00,451,7060199
1995-08-18 20:15:00-04:00,343,7971553
1995-08-18 20:30:00-04:00,330,12434142
1995-08-18 20:45:00-04:00,516,10864928
1995-08-18 21:00:00-04:00,543,12173243
1995-08-18 21:15:00-04:00,454,8166470
1995-08-18 21:30:00-04:00,347,4527843
1995-08-18 21:45:00-04:00,385,4919942
1995-08-18 22:00:00-04:00,431,7269798
1995-08-18 22:15:00-04:00,524,8955963
1995-08-18 22:30:00-04:00,508,7828539
1995-08-18 22:45:00-04:00,431,6068612
1995-08-18 23:00:00-04:00,353,5016716
1995-08-18 23:15:00-04:00,330,5693593
1995-08-18 23:30:00-04:00,374,5017673
1995-08-18 23:45:00-04:00,543,5759375
1995-08-19 00:00:00-04:00,580,8972361
1995-08-19 00:15:00-04:00,338,6228747
1995-08-19 00:30:00-04:00,374,4574884
1995-08-19 00:45:00-04:00,336,4773909
1995-08-19 01:00:00-04:00,243,7781882
1995-08-19 01:15:00-04:00,224,5467876
1995-08-19 01:30:00-04:00,198,5069763
1995-08-19 01:45:00-04:00,299,3704576
1995-08-19 02:00:00-04:00,374,6747547
1995-08-19 02:15:00-04:00,281,4947826
1995-08-19 02:30:00-04:00,235,4475768
1995-08-19 02:45:00-04:00,294,6075148
1995-08-19 03:00:00-04:00,178,3175547
1995-08-19 03:15:00-04:00,237,1889672
1995-08-19 03:30:00-04:00,309,4114546
1995-08-19 03:45:00-04:00,305,5317282
1995-08-19 04:00:00-04:00,166,4294549
1995-08-19 04:15:00-04:00,187,2121028
1995-08-19 04:30:00-04:00,192,3213351
1995-08-19 04:45:00-04:00,201,3448667
1995-08-19 05:00:00-04:00,164,982877
1995-08-19 05:15:00-04:00,151,2922738
1995-08-19 05:30:00-04:00,165,4236940
1995-08-19 05:45:00-04:00,138,1841752
1995-08-19 06:00:00-04:00,196,2611286
1995-08-19 06:15:00-04:00,257,8314547
1995-08-19 06:30:00-04:00,164,5044534
1995-08-19 06:45:00-04:00,203,3263922
1995-08-19 07:00:00-04:00,184,6839589
1995-08-19 07:15:00-04:00,160,1620402
1995-08-19 07:30:00-04:00,190,2651976
1995-08-19 07:45:00-04:00,390,4571200
1995-08-19 08:00:00-04:00,258,4665376
1995-08-19 08:15:00-04:00,323,4640076
1995-08-19 08:30:00-04:00,290,5308007
1995-08-19 08:45:00-04:00,208,2165221
1995-08-19 09:00:00-04:00,215,4003916
1995-08-19 09:15:00-04:00,346,7200719
1995-08-19 09:30:00-04:00,449,7892721
1995-08-19 09:45:00-04:00,336,8903381
1995-08-19 10:00:00-04:00,363,5999511
1995-08-19 10:15:00-04:00,462,6042162
1995-08-19 10:30:00-04:00,325,10211937
1995-08-19 10:45:00-04:00,359,6707694
1995-08-19 11:00:00-04:00,308,4323714
1995-08-19 11:15:00-04:00,352,6997636
1995-08-19 11:30:00-04:00,426,9923872
1995-08-19 11:45:00-04:00,429,6554167
1995-08-19 12:00:00-04:00,409,5675780
1995-08-19 12:15:00-04:00,348,7916499
1995-08-19 12:30:00-04:00,407,7668652
1995-08-19 12:45:00-04:00,346,3761122
1995-08-19 13:00:00-04:00,350,8498525
1995-08-19 13:15:00-04:00,346,6600324
1995-08-19 13:30:00-04:00,287,6694936
1995-08-19 13:45:00-04:00,428,6808013
1995-08-19 14:00:00-04:00,469,6138400
1995-08-19 14:15:00-04:00,402,7874160
1995-08-19 14:30:00-04:00,586,14522449
1995-08-19 14:45:00-04:00,521,10735355
1995-08-19 15:00:00-04:00,444,5909870
1995-08-19 15:15:00-04:00,483,10016690
1995-08-19 15:30:00-04:00,368,7634782
1995-08-19 15:45:00-04:00,431,8107653
1995-08-19 16:00:00-04:00,342,3467360
1995-08-19 16:15:00-04:00,377,5227558
1995-08-19 16:30:00-04:00,353,4861006
1995-08-19 16:45:00-04:00,472,8019624
1995-08-19 17:00:00-04:00,412,7669752
1995-08-19 17:15:00-04:00,447,5624445
1995-08-19 17:30:00-04:00,352,7047468
1995-08-19 17:45:00-04:00,428,8360372
1995-08-19 18:00:00-04:00,335,4588903
1995-08-19 18:15:00-04:00,435,6442987
1995-08-19 18:30:00-04:00,327,4374468
1995-08-19 18:45:00-04:00,237,4868561
1995-08-19 19:00:00-04:00,408,10460438
1995-08-19 19:15:00-04:00,280,8564387
1995-08-19 19:30:00-04:00,396,7782150
1995-08-19 19:45:00-04:00,306,3654933
1995-08-19 20:00:00-04:00,341,4890022
1995-08-19 20:15:00-04:00,408,6548609
1995-08-19 20:30:00-04:00,488,10646347
1995-08-19 20:45:00-04:00,279,3973284
1995-08-19 21:00:00-04:00,311,5187785
1995-08-19 21:15:00-04:00,475,7805676
1995-08-19 21:30:00-04:00,343,6916163
1995-08-19 21:45:00-04:00,403,8784768
1995-08-19 22:00:00-04:00,404,6810167
1995-08-19 22:15:00-04:00,468,7896794
1995-08-19 22:30:00-04:00,313,4319624
1995-08-19 22:45:00-04:00,339,5177237
1995-08-19 23:00:00-04:00,422,6132692
1995-08-19 23:15:00-04:00,535,10650581
1995-08-19 23:30:00-04:00,367,9172816
1995-08-19 23:45:00-04:00,304,6210191
1995-08-20 00:00:00-04:00,408,6478178
1995-08-20 00:15:00-04:00,445,7663873
1995-08-20 00:30:00-04:00,422,7626243
1995-08-20 00:45:00-04:00,391,5949835
1995-08-20 01:00:00-04:00,341,5125805
1995-08-20 01:15:00-04:00,422,7515367
1995-08-20 01:30:00-04:00,283,3947465
1995-08-20 01:45:00-04:00,308,4259472
1995-08-20 02:00:00-04:00,185,3003481
1995-08-20 02:15:00-04:00,225,5320348
1995-08-20 02:30:00-04:00,225,6120987
1995-08-20 02:45:00-04:00,212,4419320
1995-08-20 03:00:00-04:00,234,5290495
1995-08-20 03:15:00-04:00,192,4638995
1995-08-20 03:30:00-04:00,255,4147339
1995-08-20 03:45:00-04:00,229,3031617
1995-08-20 04:00:00-04:00,188,2829930
1995-08-20 04:15:00-04:00,202,3211918
1995-08-20 04:30:00-04:00,146,4382376
1995-08-20 04:45:00-04:00,182,4317691
1995-08-20 05:00:00-04:00,241,1629097
1995-08-20 05:15:00-04:00,82,2737765
1995-08-20 05:30:00-04:00,82,1149611
1995-08-20 05:45:00-04:00,172,2578882
1995-08-20 06:00:00-04:00,89,1901453
1995-08-20 06:15:00-04:00,179,2778687
1995-08-20 06:30:00-04:00,119,4757855
1995-08-20 06:45:00-04:00,115,3913460
1995-08-20 07:00:00-04:00,162,2416475
1995-08-20 07:15:00-04:00,249,3068633
1995-08-20 07:30:00-04:00,262,5674113
1995-08-20 07:45:00-04:00,176,7352841
1995-08-20 08:00:00-04:00,216,3584554
1995-08-20 08:15:00-04:00,195,4484454
1995-08-20 08:30:00-04:00,200,4914747
1995-08-20 08:45:00-04:00,258,5128990
1995-08-20 09:00:00-04:00,230,3864062
1995-08-20 09:15:00-04:00,271,3980049
1995-08-20 09:30:00-04:00,387,6076639
1995-08-20 09:45:00-04:00,403,5922389
1995-08-20 10:00:00-04:00,387,4238963
1995-08-20 10:15:00-04:00,466,8157271
1995-08-20 10:30:00-04:00,426,11926402
1995-08-20 10:45:00-04:00,389,8012622
1995-08-20 11:00:00-04:00,307,6812396
1995-08-20 11:15:00-04:00,320,8734426
1995-08-20 11:30:00-04:00,452,14277842
1995-08-20 11:45:00-04:00,430,12806921
1995-08-20 12:00:00-04:00,440,7086225
1995-08-20 12:15:00-04:00,456,6903202
1995-08-20 12:30:00-04:00,482,8633267
1995-08-20 12:45:00-04:00,331,14563142
1995-08-20 13:00:00-04:00,499,6076619
1995-08-20 13:15:00-04:00,331,6376368
1995-08-20 13:30:00-04:00,396,6516389
1995-08-20 13:45:00-04:00,452,6268671
1995-08-20 14:00:00-04:00,363,7865504
1995-08-20 14:15:00-04:00,386,4390706
1995-08-20 14:30:00-04:00,413,6114837
1995-08-20 14:45:00-04:00,542,12637829
1995-08-20 15:00:00-04:00,304,8208433
1995-08-20 15:15:00-04:00,384,8916093
1995-08-20 15:30:00-04:00,409,5212458
1995-08-20 15:45:00-04:00,497,10604557
1995-08-20 16:00:00-04:00,438,13093927
1995-08-20 16:15:00-04:00,551,11848293
1995-08-20 16:30:00-04:00,504,10031295
1995-08-20 16:45:00-04:00,492,8254750
1995-08-20 17:00:00-04:00,414,7107854
1995-08-20 17:15:00-04:00,353,4050833
1995-08-20 17:30:00-04:00,393,6112460
1995-08-20 17:45:00-04:00,432,6872828
1995-08-20 18:00:00-04:00,474,8138288
1995-08-20 18:15:00-04:00,406,7427794
1995-08-20 18:30:00-04:00,461,7220506
1995-08-20 18:45:00-04:00,260,4312050
1995-08-20 19:00:00-04:00,381,6685171
1995-08-20 19:15:00-04:00,310,4202233
1995-08-20 19:30:00-04:00,376,8222584
1995-08-20 19:45:00-04:00,451,4951716
1995-08-20 20:00:00-04:00,350,5723285
1995-08-20 20:15:00-04:00,423,7700883
1995-08-20 20:30:00-04:00,463,8260465
1995-08-20 20:45:00-04:00,381,6005201
1995-08-20 21:00:00-04:00,350,4496658
1995-08-20 21:15:00-04:00,357,5887777
1995-08-20 21:30:00-04:00,469,6345090
1995-08-20 21:45:00-04:00,394,5632735
1995-08-20 22:00:00-04:00,437,4707040
1995-08-20 22:15:00-04:00,364,10859717
1995-08-20 22:30:00-04:00,417,6341627
1995-08-20 22:45:00-04:00,487,8230228
1995-08-20 23:00:00-04:00,546,13440366
1995-08-20 23:15:00-04:00,475,5843103
1995-08-20 23:30:00-04:00,318,5059332
1995-08-20 23:45:00-04:00,591,8430251
1995-08-21 00:00:00-04:00,502,9218143
1995-08-21 00:15:00-04:00,360,3372477
1995-08-21 00:30:00-04:00,436,4845066
1995-08-21 00:45:00-04:00,393,5688892
1995-08-21 01:00:00-04:00,418,8477766
1995-08-21 01:15:00-04:00,405,9266134
1995-08-21 01:30:00-04:00,388,7773009
1995-08-21 01:45:00-04:00,374,7146423
1995-08-21 02:00:00-04:00,276,6140428
1995-08-21 02:15:00-04:00,230,5504648
1995-08-21 02:30:00-04:00,420,6510395
1995-08-21 02:45:00-04:00,289,4712535
1995-08-21 03:00:00-04:00,241,6548482
1995-08-21 03:15:00-04:00,204,2709059
1995-08-21 03:30:00-04:00,303,2821751
1995-08-21 03:45:00-04:00,314,3212590
1995-08-21 04:00:00-04:00,209,3136765
1995-08-21 04:15:00-04:00,224,1802656
1995-08-21 04:30:00-04:00,261,4487393
1995-08-21 04:45:00-04:00,165,1699463
1995-08-21 05:00:00-04:00,224,3626278
1995-08-21 05:15:00-04:00,286,2938819
1995-08-21 05:30:00-04:00,282,4799370
1995-08-21 05:45:00-04:00,319,5310461
1995-08-21 06:00:00-04:00,313,3191659
1995-08-21 06:15:00-04:00,276,3269740
1995-08-21 06:30:00-04:00,186,2849345
1995-08-21 06:45:00-04:00,315,4413360
1995-08-21 07:00:00-04:00,264,5330981
1995-08-21 07:15:00-04:00,335,6544991
1995-08-21 07:30:00-04:00,414,6997274
1995-08-21 07:45:00-04:00,457,8635460
1995-08-21 08:00:00-04:00,491,6252282
1995-08-21 08:15:00-04:00,511,6805789
1995-08-21 08:30:00-04:00,582,15291094
1995-08-21 08:45:00-04:00,437,5654510
1995-08-21 09:00:00-04:00,454,6107771
1995-08-21 09:15:00-04:00,512,7244546
1995-08-21 09:30:00-04:00,664,13223886
1995-08-21 09:45:00-04:00,770,9603314
1995-08-21 10:00:00-04:00,837,12412743
1995-08-21 10:15:00-04:00,668,7471796
1995-08-21 10:30:00-04:00,744,12085245
1995-08-21 10:45:00-04:00,749,11721182
1995-08-21 11:00:00-04:00,839,11937044
1995-08-21 11:15:00-04:00,808,9508094
1995-08-21 11:30:00-04:00,1014,16109798
1995-08-21 11:45:00-04:00,1033,15473667
1995-08-21 12:00:00-04:00,980,17152113
1995-08-21 12:15:00-04:00,1089,20937624
1995-08-21 12:30:00-04:00,1198,19408925
1995-08-21 12:45:00-04:00,1288,21585329
1995-08-21 13:00:00-04:00,1080,22533197
1995-08-21 13:15:00-04:00,1078,19282461
1995-08-21 13:30:00-04:00,995,15777693
1995-08-21 13:45:00-04:00,481,10352748
1995-08-21 14:00:00-04:00,653,7447233
1995-08-21 14:15:00-04:00,785,15867441
1995-08-21 14:30:00-04:00,911,17430525
1995-08-21 14:45:00-04:00,869,12829786
1995-08-21 15:00:00-04:00,794,11874973
1995-08-21 15:15:00-04:00,995,12489455
1995-08-21 15:30:00-04:00,1243,18452286
1995-08-21 15:45:00-04:00,1181,18282632
1995-08-21 16:00:00-04:00,867,9719947
1995-08-21 16:15:00-04:00,1280,14546322
1995-08-21 16:30:00-04:00,1047,18867810
1995-08-21 16:45:00-04:00,826,18908864
1995-08-21 17:00:00-04:00,861,11701799
1995-08-21 17:15:00-04:00,670,12183418
1995-08-21 17:30:00-04:00,699,14274199
1995-08-21 17:45:00-04:00,827,18674371
1995-08-21 18:00:00-04:00,688,14565810
1995-08-21 18:15:00-04:00,671,16275705
1995-08-21 18:30:00-04:00,799,16947997
1995-08-21 18:45:00-04:00,532,8387991
1995-08-21 19:00:00-04:00,458,8991069
1995-08-21 19:15:00-04:00,544,9072195
1995-08-21 19:30:00-04:00,387,6415133
1995-08-21 19:45:00-04:00,491,10813121
1995-08-21 20:00:00-04:00,625,13933147
1995-08-21 20:15:00-04:00,469,15983143
1995-08-21 20:30:00-04:00,594,10210761
1995-08-21 20:45:00-04:00,380,5408148
1995-08-21 21:00:00-04:00,471,5128087
1995-08-21 21:15:00-04:00,445,5389806
1995-08-21 21:30:00-04:00,563,9116736
1995-08-21 21:45:00-04:00,536,6133125
1995-08-21 22:00:00-04:00,417,5683758
1995-08-21 22:15:00-04:00,346,4827432
1995-08-21 22:30:00-04:00,381,8539476
1995-08-21 22:45:00-04:00,316,6002631
1995-08-21 23:00:00-04:00,427,8185811
1995-08-21 23:15:00-04:00,302,4250096
1995-08-21 23:30:00-04:00,445,5245929
1995-08-21 23:45:00-04:00,360,4441962
1995-08-22 00:00:00-04:00,483,9092298
1995-08-22 00:15:00-04:00,344,4438971
1995-08-22 00:30:00-04:00,322,4942172
1995-08-22 00:45:00-04:00,423,4270145
1995-08-22 01:00:00-04:00,249,6208298
1995-08-22 01:15:00-04:00,243,6871516
1995-08-22 01:30:00-04:00,307,5883979
1995-08-22 01:45:00-04:00,336,5379826
1995-08-22 02:00:00-04:00,186,2893023
1995-08-22 02:15:00-04:00,219,3813090
1995-08-22 02:30:00-04:00,289,3733887
1995-08-22 02:45:00-04:00,235,2503170
1995-08-22 03:00:00-04:00,341,3869912
1995-08-22 03:15:00-04:00,326,6098846
1995-08-22 03:30:00-04:00,222,6817066
1995-08-22 03:45:00-04:00,257,8733138
1995-08-22 04:00:00-04:00,277,3414995
1995-08-22 04:15:00-04:00,271,3837886
1995-08-22 04:30:00-04:00,168,2526217
1995-08-22 04:45:00-04:00,177,1695430
1995-08-22 05:00:00-04:00,309,5219107
1995-08-22 05:15:00-04:00,172,2637204
1995-08-22 05:30:00-04:00,166,3333819
1995-08-22 05:45:00-04:00,203,4922131
1995-08-22 06:00:00-04:00,225,2472790
1995-08-22 06:15:00-04:00,178,2356607
1995-08-22 06:30:00-04:00,262,2729192
1995-08-22 06:45:00-04:00,326,6618942
1995-08-22 07:00:00-04:00,305,5775586
1995-08-22 07:15:00-04:00,396,3735854
1995-08-22 07:30:00-04:00,588,8591858
1995-08-22 07:45:00-04:00,565,8320217
1995-08-22 08:00:00-04:00,519,4339181
1995-08-22 08:15:00-04:00,595,6871082
1995-08-22 08:30:00-04:00,697,14391879
1995-08-22 08:45:00-04:00,590,9754340
1995-08-22 09:00:00-04:00,739,9748618
1995-08-22 09:15:00-04:00,686,11520651
1995-08-22 09:30:00-04:00,870,16685052
1995-08-22 09:45:00-04:00,779,7561086
1995-08-22 10:00:00-04:00,515,10153942
1995-08-22 10:15:00-04:00,580,10163210
1995-08-22 10:30:00-04:00,766,10500288
1995-08-22 10:45:00-04:00,911,13010174
1995-08-22 11:00:00-04:00,838,10541100
1995-08-22 11:15:00-04:00,879,10709099
1995-08-22 11:30:00-04:00,1043,16379735
1995-08-22 11:45:00-04:00,983,14431315
1995-08-22 12:00:00-04:00,945,12002855
1995-08-22 12:15:00-04:00,1138,12137204
1995-08-22 12:30:00-04:00,1090,15644352
1995-08-22 12:45:00-04:00,1026,16564817
1995-08-22 13:00:00-04:00,1135,18747529
1995-08-22 13:15:00-04:00,1209,19307325
1995-08-22 13:30:00-04:00,1118,17772232
1995-08-22 13:45:00-04:00,971,14011893
1995-08-22 14:00:00-04:00,1026,16371271
1995-08-22 14:15:00-04:00,915,14828053
1995-08-22 14:30:00-04:00,851,9011208
1995-08-22 14:45:00-04:00,1092,14937466
1995-08-22 15:00:00-04:00,1014,14285969
1995-08-22 15:15:00-04:00,1252,14994081
1995-08-22 15:30:00-04:00,1065,13991368
1995-08-22 15:45:00-04:00,953,16190799
1995-08-22 16:00:00-04:00,1231,24117106
1995-08-22 16:15:00-04:00,1317,31285610
1995-08-22 16:30:00-04:00,786,15435587
1995-08-22 16:45:00-04:00,1032,18737034
1995-08-22 17:00:00-04:00,925,15002123
1995-08-22 17:15:00-04:00,645,17398164
1995-08-22 17:30:00-04:00,730,8365177
1995-08-22 17:45:00-04:00,776,12247148
1995-08-22 18:00:00-04:00,622,16075588
1995-08-22 18:15:00-04:00,615,9441245
1995-08-22 18:30:00-04:00,580,13723874
1995-08-22 18:45:00-04:00,703,17415447
1995-08-22 19:00:00-04:00,679,13192602
1995-08-22 19:15:00-04:00,405,7644181
1995-08-22 19:30:00-04:00,418,6157205
1995-08-22 19:45:00-04:00,560,7810687
1995-08-22 20:00:00-04:00,685,10783500
1995-08-22 20:15:00-04:00,444,15505066
1995-08-22 20:30:00-04:00,581,11869171
1995-08-22 20:45:00-04:00,300,8193644
1995-08-22 21:00:00-04:00,549,8322371
1995-08-22 21:15:00-04:00,439,10043928
1995-08-22 21:30:00-04:00,534,9939361
1995-08-22 21:45:00-04:00,567,8952425
1995-08-22 22:00:00-04:00,516,8432048
1995-08-22 22:15:00-04:00,488,7188371
1995-08-22 22:30:00-04:00,398,8205668
1995-08-22 22:45:00-04:00,435,7308498
1995-08-22 23:00:00-04:00,510,5480335
1995-08-22 23:15:00-04:00,393,6420996
1995-08-22 23:30:00-04:00,336,6792788
1995-08-22 23:45:00-04:00,403,4310539
