timestamp,target,target_scaled,hour,dayofweek,is_weekend,lag_31,lag_32,lag_34,lag_35,is_peak_hour
1995-08-23 00:00:00-04:00,443,-0.3216597422008489,0,2,0,-0.3216597422008489,-0.3216597422008489,-0.3216597422008489,-0.3216597422008489,0
1995-08-23 00:15:00-04:00,413,-0.39375930363910244,0,2,0,-0.3216597422008489,-0.3216597422008489,-0.3216597422008489,-0.3216597422008489,0
1995-08-23 00:30:00-04:00,313,-0.6340911750999475,0,2,0,-0.3216597422008489,-0.3216597422008489,-0.3216597422008489,-0.3216597422008489,0
1995-08-23 00:45:00-04:00,334,-0.58362148209317,0,2,0,-0.3216597422008489,-0.3216597422008489,-0.3216597422008489,-0.3216597422008489,0
1995-08-23 01:00:00-04:00,190,-0.9296993769967868,1,2,0,-0.3216597422008489,-0.3216597422008489,-0.3216597422008489,-0.3216597422008489,0
1995-08-23 01:15:00-04:00,328,-0.5980413943808207,1,2,0,-0.3216597422008489,-0.3216597422008489,-0.3216597422008489,-0.3216597422008489,0
1995-08-23 01:30:00-04:00,286,-0.6989807803943756,1,2,0,-0.3216597422008489,-0.3216597422008489,-0.3216597422008489,-0.3216597422008489,0
1995-08-23 01:45:00-04:00,289,-0.6917708242505503,1,2,0,-0.3216597422008489,-0.3216597422008489,-0.3216597422008489,-0.3216597422008489,0
1995-08-23 02:00:00-04:00,278,-0.7182073301112433,2,2,0,-0.3216597422008489,-0.3216597422008489,-0.3216597422008489,-0.3216597422008489,0
1995-08-23 02:15:00-04:00,356,-0.5307484703717841,2,2,0,-0.3216597422008489,-0.3216597422008489,-0.3216597422008489,-0.3216597422008489,0
1995-08-23 02:30:00-04:00,244,-0.7999201664079305,2,2,0,-0.3216597422008489,-0.3216597422008489,-0.3216597422008489,-0.3216597422008489,0
1995-08-23 02:45:00-04:00,277,-0.7206106488258517,2,2,0,-0.3216597422008489,-0.3216597422008489,-0.3216597422008489,-0.3216597422008489,0
1995-08-23 03:00:00-04:00,244,-0.7999201664079305,3,2,0,-0.3216597422008489,-0.3216597422008489,-0.3216597422008489,-0.3216597422008489,0
1995-08-23 03:15:00-04:00,313,-0.6340911750999475,3,2,0,-0.3216597422008489,-0.3216597422008489,-0.3216597422008489,-0.3216597422008489,0
1995-08-23 03:30:00-04:00,264,-0.7518537921157615,3,2,0,-0.3216597422008489,-0.3216597422008489,-0.3216597422008489,-0.3216597422008489,0
1995-08-23 03:45:00-04:00,286,-0.6989807803943756,3,2,0,-0.3216597422008489,-0.3216597422008489,-0.3216597422008489,-0.3216597422008489,0
1995-08-23 04:00:00-04:00,254,-0.775886979261846,4,2,0,-0.3216597422008489,-0.3216597422008489,-0.3216597422008489,-0.3216597422008489,0
1995-08-23 04:15:00-04:00,189,-0.9321026957113953,4,2,0,-0.3216597422008489,-0.3216597422008489,-0.3216597422008489,-0.3216597422008489,0
1995-08-23 04:30:00-04:00,251,-0.7830969354056714,4,2,0,-0.3216597422008489,-0.3216597422008489,-0.3216597422008489,-0.3216597422008489,0
1995-08-23 04:45:00-04:00,208,-0.8864396401338347,4,2,0,-0.3216597422008489,-0.3216597422008489,-0.3216597422008489,-0.3216597422008489,0
1995-08-23 05:00:00-04:00,215,-0.8696164091315756,5,2,0,-0.3216597422008489,-0.3216597422008489,-0.3216597422008489,-0.3216597422008489,0
1995-08-23 05:15:00-04:00,240,-0.8095334412663643,5,2,0,-0.3216597422008489,-0.3216597422008489,-0.3216597422008489,-0.3216597422008489,0
1995-08-23 05:30:00-04:00,281,-0.7109973739674179,5,2,0,-0.3216597422008489,-0.3216597422008489,-0.3216597422008489,-0.3216597422008489,0
1995-08-23 05:45:00-04:00,193,-0.9224894208529615,5,2,0,-0.3216597422008489,-0.3216597422008489,-0.3216597422008489,-0.3216597422008489,0
1995-08-23 06:00:00-04:00,323,-0.6100579879538629,6,2,0,-0.3216597422008489,-0.3216597422008489,-0.3216597422008489,-0.3216597422008489,0
1995-08-23 06:15:00-04:00,370,-0.4971020083672658,6,2,0,-0.3216597422008489,-0.3216597422008489,-0.3216597422008489,-0.3216597422008489,0
1995-08-23 06:30:00-04:00,320,-0.6172679440976883,6,2,0,-0.3216597422008489,-0.3216597422008489,-0.3216597422008489,-0.3216597422008489,0
1995-08-23 06:45:00-04:00,337,-0.5764115259493446,6,2,0,-0.3216597422008489,-0.3216597422008489,-0.3216597422008489,-0.3216597422008489,0
1995-08-23 07:00:00-04:00,318,-0.6220745815269052,7,2,0,-0.3216597422008489,-0.3216597422008489,-0.3216597422008489,-0.3216597422008489,0
1995-08-23 07:15:00-04:00,433,-0.3456929293469334,7,2,0,-0.3216597422008489,-0.3216597422008489,-0.3216597422008489,-0.3216597422008489,0
1995-08-23 07:30:00-04:00,486,-0.21831703747268555,7,2,0,-0.3216597422008489,-0.3216597422008489,-0.3216597422008489,-0.3216597422008489,0
1995-08-23 07:45:00-04:00,493,-0.2014938064704264,7,2,0,-0.3216597422008489,-0.3216597422008489,-0.3216597422008489,-0.3216597422008489,0
1995-08-23 08:00:00-04:00,592,0.03643474627581018,8,2,0,-0.39375930363910244,-0.3216597422008489,-0.3216597422008489,-0.3216597422008489,0
1995-08-23 08:15:00-04:00,650,0.1758272317231003,8,2,0,-0.6340911750999475,-0.39375930363910244,-0.3216597422008489,-0.3216597422008489,0
1995-08-23 08:30:00-04:00,719,0.3416562230310834,8,2,0,-0.58362148209317,-0.6340911750999475,-0.3216597422008489,-0.3216597422008489,0
1995-08-23 08:45:00-04:00,685,0.25994338673439604,8,2,0,-0.9296993769967868,-0.58362148209317,-0.39375930363910244,-0.3216597422008489,0
1995-08-23 09:00:00-04:00,672,0.2287002434444862,9,2,0,-0.5980413943808207,-0.9296993769967868,-0.6340911750999475,-0.39375930363910244,1
1995-08-23 09:15:00-04:00,714,0.3296396294580411,9,2,0,-0.6989807803943756,-0.5980413943808207,-0.58362148209317,-0.6340911750999475,1
1995-08-23 09:30:00-04:00,630,0.1277608574309313,9,2,0,-0.6917708242505503,-0.6989807803943756,-0.9296993769967868,-0.58362148209317,1
1995-08-23 09:45:00-04:00,832,0.6132312377818383,9,2,0,-0.7182073301112433,-0.6917708242505503,-0.5980413943808207,-0.9296993769967868,1
1995-08-23 10:00:00-04:00,611,0.08209780185337073,10,2,0,-0.5307484703717841,-0.7182073301112433,-0.6989807803943756,-0.5980413943808207,1
1995-08-23 10:15:00-04:00,686,0.2623467054490045,10,2,0,-0.7999201664079305,-0.5307484703717841,-0.6917708242505503,-0.6989807803943756,1
1995-08-23 10:30:00-04:00,867,0.697347392793134,10,2,0,-0.7206106488258517,-0.7999201664079305,-0.7182073301112433,-0.6917708242505503,1
1995-08-23 10:45:00-04:00,739,0.3897225973232524,10,2,0,-0.7999201664079305,-0.7206106488258517,-0.5307484703717841,-0.7182073301112433,1
1995-08-23 11:00:00-04:00,1027,1.081878387130486,11,2,0,-0.6340911750999475,-0.7999201664079305,-0.7999201664079305,-0.5307484703717841,1
1995-08-23 11:15:00-04:00,770,0.4642254774761143,11,2,0,-0.7518537921157615,-0.6340911750999475,-0.7206106488258517,-0.7999201664079305,1
1995-08-23 11:30:00-04:00,1201,1.5000558434723563,11,2,0,-0.6989807803943756,-0.7518537921157615,-0.7999201664079305,-0.7206106488258517,1
1995-08-23 11:45:00-04:00,664,0.2094736937276186,11,2,0,-0.775886979261846,-0.6989807803943756,-0.6340911750999475,-0.7999201664079305,1
1995-08-23 12:00:00-04:00,1013,1.0482319251259677,12,2,0,-0.9321026957113953,-0.775886979261846,-0.7518537921157615,-0.6340911750999475,1
1995-08-23 12:15:00-04:00,1194,1.4832326124700972,12,2,0,-0.7830969354056714,-0.9321026957113953,-0.6989807803943756,-0.7518537921157615,1
1995-08-23 12:30:00-04:00,1175,1.4375695568925366,12,2,0,-0.8864396401338347,-0.7830969354056714,-0.775886979261846,-0.6989807803943756,1
1995-08-23 12:45:00-04:00,1040,1.1131215304203959,12,2,0,-0.8696164091315756,-0.8864396401338347,-0.9321026957113953,-0.775886979261846,1
1995-08-23 13:00:00-04:00,974,0.9545024952562382,13,2,0,-0.8095334412663643,-0.8696164091315756,-0.7830969354056714,-0.9321026957113953,1
1995-08-23 13:15:00-04:00,1190,1.4736193376116635,13,2,0,-0.7109973739674179,-0.8095334412663643,-0.8864396401338347,-0.7830969354056714,1
1995-08-23 13:30:00-04:00,1030,1.0890883432743115,13,2,0,-0.9224894208529615,-0.7109973739674179,-0.8696164091315756,-0.8864396401338347,1
1995-08-23 13:45:00-04:00,1145,1.3654699954542833,13,2,0,-0.6100579879538629,-0.9224894208529615,-0.8095334412663643,-0.8696164091315756,1
1995-08-23 14:00:00-04:00,1083,1.2164642351485593,14,2,0,-0.4971020083672658,-0.6100579879538629,-0.7109973739674179,-0.8095334412663643,1
1995-08-23 14:15:00-04:00,987,0.985745638546148,14,2,0,-0.6172679440976883,-0.4971020083672658,-0.9224894208529615,-0.7109973739674179,1
1995-08-23 14:30:00-04:00,876,0.71897726122461,14,2,0,-0.5764115259493446,-0.6172679440976883,-0.6100579879538629,-0.9224894208529615,1
1995-08-23 14:45:00-04:00,1000,1.016988781836058,14,2,0,-0.6220745815269052,-0.5764115259493446,-0.4971020083672658,-0.6100579879538629,1
1995-08-23 15:00:00-04:00,1021,1.0674584748428353,15,2,0,-0.3456929293469334,-0.6220745815269052,-0.6172679440976883,-0.4971020083672658,1
1995-08-23 15:15:00-04:00,943,0.8799996151033762,15,2,0,-0.21831703747268555,-0.3456929293469334,-0.5764115259493446,-0.6172679440976883,1
1995-08-23 15:30:00-04:00,1071,1.1876244105732578,15,2,0,-0.2014938064704264,-0.21831703747268555,-0.6220745815269052,-0.5764115259493446,1
1995-08-23 15:45:00-04:00,1334,1.8196972325152803,15,2,0,0.03643474627581018,-0.2014938064704264,-0.3456929293469334,-0.6220745815269052,1
1995-08-23 16:00:00-04:00,1362,1.886990156524317,16,2,0,0.1758272317231003,0.03643474627581018,-0.21831703747268555,-0.3456929293469334,1
1995-08-23 16:15:00-04:00,1333,1.8172939138006718,16,2,0,0.3416562230310834,0.1758272317231003,-0.2014938064704264,-0.21831703747268555,1
1995-08-23 16:30:00-04:00,1139,1.3510500831666326,16,2,0,0.25994338673439604,0.3416562230310834,0.03643474627581018,-0.2014938064704264,1
1995-08-23 16:45:00-04:00,738,0.3873192786086439,16,2,0,0.2287002434444862,0.25994338673439604,0.1758272317231003,0.03643474627581018,1
1995-08-23 17:00:00-04:00,661,0.20226373758379326,17,2,0,0.3296396294580411,0.2287002434444862,0.3416562230310834,0.1758272317231003,1
1995-08-23 17:15:00-04:00,753,0.4233690593277707,17,2,0,0.1277608574309313,0.3296396294580411,0.25994338673439604,0.3416562230310834,1
1995-08-23 17:30:00-04:00,728,0.3632860914625594,17,2,0,0.6132312377818383,0.1277608574309313,0.2287002434444862,0.25994338673439604,1
1995-08-23 17:45:00-04:00,703,0.3032031235973482,17,2,0,0.08209780185337073,0.6132312377818383,0.3296396294580411,0.2287002434444862,1
1995-08-23 18:00:00-04:00,660,0.1998604188691848,18,2,0,0.2623467054490045,0.08209780185337073,0.1277608574309313,0.3296396294580411,0
1995-08-23 18:15:00-04:00,657,0.19265046272535946,18,2,0,0.697347392793134,0.2623467054490045,0.6132312377818383,0.1277608574309313,0
1995-08-23 18:30:00-04:00,586,0.02201483398815948,18,2,0,0.3897225973232524,0.697347392793134,0.08209780185337073,0.6132312377818383,0
1995-08-23 18:45:00-04:00,553,-0.057294683593919385,18,2,0,1.081878387130486,0.3897225973232524,0.2623467054490045,0.08209780185337073,0
1995-08-23 19:00:00-04:00,560,-0.04047145259166023,19,2,0,0.4642254774761143,1.081878387130486,0.697347392793134,0.2623467054490045,0
1995-08-23 19:15:00-04:00,519,-0.1390075198906067,19,2,0,1.5000558434723563,0.4642254774761143,0.3897225973232524,0.697347392793134,0
1995-08-23 19:30:00-04:00,529,-0.11497433274452219,19,2,0,0.2094736937276186,1.5000558434723563,1.081878387130486,0.3897225973232524,0
1995-08-23 19:45:00-04:00,592,0.03643474627581018,19,2,0,1.0482319251259677,0.2094736937276186,0.4642254774761143,1.081878387130486,0
1995-08-23 20:00:00-04:00,636,0.14218076971858198,20,2,0,1.4832326124700972,1.0482319251259677,1.5000558434723563,0.4642254774761143,0
1995-08-23 20:15:00-04:00,487,-0.2159137187580771,20,2,0,1.4375695568925366,1.4832326124700972,0.2094736937276186,1.5000558434723563,0
1995-08-23 20:30:00-04:00,563,-0.03326149644783488,20,2,0,1.1131215304203959,1.4375695568925366,1.0482319251259677,0.2094736937276186,0
1995-08-23 20:45:00-04:00,464,-0.27119004919407147,20,2,0,0.9545024952562382,1.1131215304203959,1.4832326124700972,1.0482319251259677,0
1995-08-23 21:00:00-04:00,366,-0.5067152832256996,21,2,0,1.4736193376116635,0.9545024952562382,1.4375695568925366,1.4832326124700972,0
1995-08-23 21:15:00-04:00,292,-0.6845608681067249,21,2,0,1.0890883432743115,1.4736193376116635,1.1131215304203959,1.4375695568925366,0
1995-08-23 21:30:00-04:00,309,-0.6437044499583813,21,2,0,1.3654699954542833,1.0890883432743115,0.9545024952562382,1.1131215304203959,0
1995-08-23 21:45:00-04:00,364,-0.5115219206549165,21,2,0,1.2164642351485593,1.3654699954542833,1.4736193376116635,0.9545024952562382,0
1995-08-23 22:00:00-04:00,409,-0.4033725784975362,22,2,0,0.985745638546148,1.2164642351485593,1.0890883432743115,1.4736193376116635,0
1995-08-23 22:15:00-04:00,455,-0.2928199176255475,22,2,0,0.71897726122461,0.985745638546148,1.3654699954542833,1.0890883432743115,0
1995-08-23 22:30:00-04:00,448,-0.3096431486278067,22,2,0,1.016988781836058,0.71897726122461,1.2164642351485593,1.3654699954542833,0
1995-08-23 22:45:00-04:00,538,-0.09334446431304613,22,2,0,1.0674584748428353,1.016988781836058,0.985745638546148,1.2164642351485593,0
1995-08-23 23:00:00-04:00,504,-0.17505730060973346,23,2,0,0.8799996151033762,1.0674584748428353,0.71897726122461,0.985745638546148,0
1995-08-23 23:15:00-04:00,416,-0.3865493474952771,23,2,0,1.1876244105732578,0.8799996151033762,1.016988781836058,0.71897726122461,0
1995-08-23 23:30:00-04:00,506,-0.17025066318051654,23,2,0,1.8196972325152803,1.1876244105732578,1.0674584748428353,1.016988781836058,0
1995-08-23 23:45:00-04:00,363,-0.5139252393695249,23,2,0,1.886990156524317,1.8196972325152803,0.8799996151033762,1.0674584748428353,0
1995-08-24 00:00:00-04:00,394,-0.439422359216663,0,3,0,1.8172939138006718,1.886990156524317,1.1876244105732578,0.8799996151033762,0
1995-08-24 00:15:00-04:00,244,-0.7999201664079305,0,3,0,1.3510500831666326,1.8172939138006718,1.8196972325152803,1.1876244105732578,0
1995-08-24 00:30:00-04:00,431,-0.3504995667761503,0,3,0,0.3873192786086439,1.3510500831666326,1.886990156524317,1.8196972325152803,0
1995-08-24 00:45:00-04:00,343,-0.5619916136616939,0,3,0,0.20226373758379326,0.3873192786086439,1.8172939138006718,1.886990156524317,0
1995-08-24 01:00:00-04:00,304,-0.6557210435314235,1,3,0,0.4233690593277707,0.20226373758379326,1.3510500831666326,1.8172939138006718,0
1995-08-24 01:15:00-04:00,322,-0.6124613066684714,1,3,0,0.3632860914625594,0.4233690593277707,0.3873192786086439,1.3510500831666326,0
1995-08-24 01:30:00-04:00,247,-0.7927102102641052,1,3,0,0.3032031235973482,0.3632860914625594,0.20226373758379326,0.3873192786086439,0
1995-08-24 01:45:00-04:00,191,-0.9272960582821784,1,3,0,0.1998604188691848,0.3032031235973482,0.4233690593277707,0.20226373758379326,0
1995-08-24 02:00:00-04:00,193,-0.9224894208529615,2,3,0,0.19265046272535946,0.1998604188691848,0.3632860914625594,0.4233690593277707,0
1995-08-24 02:15:00-04:00,182,-0.9489259267136545,2,3,0,0.02201483398815948,0.19265046272535946,0.3032031235973482,0.3632860914625594,0
1995-08-24 02:30:00-04:00,240,-0.8095334412663643,2,3,0,-0.057294683593919385,0.02201483398815948,0.1998604188691848,0.3032031235973482,0
1995-08-24 02:45:00-04:00,245,-0.7975168476933221,2,3,0,-0.04047145259166023,-0.057294683593919385,0.19265046272535946,0.1998604188691848,0
1995-08-24 03:00:00-04:00,206,-0.8912462775630516,3,3,0,-0.1390075198906067,-0.04047145259166023,0.02201483398815948,0.19265046272535946,0
1995-08-24 03:15:00-04:00,165,-0.9897823448619981,3,3,0,-0.11497433274452219,-0.1390075198906067,-0.057294683593919385,0.02201483398815948,0
1995-08-24 03:30:00-04:00,196,-0.9152794647091361,3,3,0,0.03643474627581018,-0.11497433274452219,-0.04047145259166023,-0.057294683593919385,0
1995-08-24 03:45:00-04:00,103,-1.138788105167722,3,3,0,0.14218076971858198,0.03643474627581018,-0.1390075198906067,-0.04047145259166023,0
1995-08-24 04:00:00-04:00,138,-1.0546719501564263,4,3,0,-0.2159137187580771,0.14218076971858198,-0.11497433274452219,-0.1390075198906067,0
1995-08-24 04:15:00-04:00,145,-1.0378487191541672,4,3,0,-0.03326149644783488,-0.2159137187580771,0.03643474627581018,-0.11497433274452219,0
1995-08-24 04:30:00-04:00,159,-1.0042022571496487,4,3,0,-0.27119004919407147,-0.03326149644783488,0.14218076971858198,0.03643474627581018,0
1995-08-24 04:45:00-04:00,154,-1.016218850722691,4,3,0,-0.5067152832256996,-0.27119004919407147,-0.2159137187580771,0.14218076971858198,0
1995-08-24 05:00:00-04:00,169,-0.9801690700035643,5,3,0,-0.6845608681067249,-0.5067152832256996,-0.03326149644783488,-0.2159137187580771,0
1995-08-24 05:15:00-04:00,104,-1.1363847864531136,5,3,0,-0.6437044499583813,-0.6845608681067249,-0.27119004919407147,-0.03326149644783488,0
1995-08-24 05:30:00-04:00,182,-0.9489259267136545,5,3,0,-0.5115219206549165,-0.6437044499583813,-0.5067152832256996,-0.27119004919407147,0
1995-08-24 05:45:00-04:00,179,-0.9561358828574797,5,3,0,-0.4033725784975362,-0.5115219206549165,-0.6845608681067249,-0.5067152832256996,0
1995-08-24 06:00:00-04:00,197,-0.9128761459945277,6,3,0,-0.2928199176255475,-0.4033725784975362,-0.6437044499583813,-0.6845608681067249,0
1995-08-24 06:15:00-04:00,228,-0.8383732658416657,6,3,0,-0.3096431486278067,-0.2928199176255475,-0.5115219206549165,-0.6437044499583813,0
1995-08-24 06:30:00-04:00,264,-0.7518537921157615,6,3,0,-0.09334446431304613,-0.3096431486278067,-0.4033725784975362,-0.5115219206549165,0
1995-08-24 06:45:00-04:00,211,-0.8792296839900093,6,3,0,-0.17505730060973346,-0.09334446431304613,-0.2928199176255475,-0.4033725784975362,0
1995-08-24 07:00:00-04:00,199,-0.9080695085653108,7,3,0,-0.3865493474952771,-0.17505730060973346,-0.3096431486278067,-0.2928199176255475,0
1995-08-24 07:15:00-04:00,337,-0.5764115259493446,7,3,0,-0.17025066318051654,-0.3865493474952771,-0.09334446431304613,-0.3096431486278067,0
1995-08-24 07:30:00-04:00,323,-0.6100579879538629,7,3,0,-0.5139252393695249,-0.17025066318051654,-0.17505730060973346,-0.09334446431304613,0
1995-08-24 07:45:00-04:00,603,0.06287125213650313,7,3,0,-0.439422359216663,-0.5139252393695249,-0.3865493474952771,-0.17505730060973346,0
1995-08-24 08:00:00-04:00,478,-0.23754358718955315,8,3,0,-0.7999201664079305,-0.439422359216663,-0.17025066318051654,-0.3865493474952771,0
1995-08-24 08:15:00-04:00,663,0.20707037501301015,8,3,0,-0.3504995667761503,-0.7999201664079305,-0.5139252393695249,-0.17025066318051654,0
1995-08-24 08:30:00-04:00,591,0.03403142756120173,8,3,0,-0.5619916136616939,-0.3504995667761503,-0.439422359216663,-0.5139252393695249,0
1995-08-24 08:45:00-04:00,760,0.4401922903300298,8,3,0,-0.6557210435314235,-0.5619916136616939,-0.7999201664079305,-0.439422359216663,0
1995-08-24 09:00:00-04:00,746,0.4065458283255115,9,3,0,-0.6124613066684714,-0.6557210435314235,-0.3504995667761503,-0.7999201664079305,1
1995-08-24 09:15:00-04:00,810,0.5603582260604524,9,3,0,-0.7927102102641052,-0.6124613066684714,-0.5619916136616939,-0.3504995667761503,1
1995-08-24 09:30:00-04:00,628,0.1229542200017144,9,3,0,-0.9272960582821784,-0.7927102102641052,-0.6557210435314235,-0.5619916136616939,1
1995-08-24 09:45:00-04:00,594,0.04124138370502708,9,3,0,-0.9224894208529615,-0.9272960582821784,-0.6124613066684714,-0.6557210435314235,1
1995-08-24 10:00:00-04:00,777,0.4810487084783735,10,3,0,-0.9489259267136545,-0.9224894208529615,-0.7927102102641052,-0.6124613066684714,1
1995-08-24 10:15:00-04:00,836,0.6228445126402721,10,3,0,-0.8095334412663643,-0.9489259267136545,-0.9272960582821784,-0.7927102102641052,1
1995-08-24 10:30:00-04:00,1002,1.0217954192652747,10,3,0,-0.7975168476933221,-0.8095334412663643,-0.9224894208529615,-0.9272960582821784,1
1995-08-24 10:45:00-04:00,1221,1.5481222177645255,10,3,0,-0.8912462775630516,-0.7975168476933221,-0.9489259267136545,-0.9224894208529615,1
1995-08-24 11:00:00-04:00,979,0.9665190888292804,11,3,0,-0.9897823448619981,-0.8912462775630516,-0.8095334412663643,-0.9489259267136545,1
1995-08-24 11:15:00-04:00,1018,1.06024851869901,11,3,0,-0.9152794647091361,-0.9897823448619981,-0.7975168476933221,-0.8095334412663643,1
1995-08-24 11:30:00-04:00,874,0.7141706237953932,11,3,0,-1.138788105167722,-0.9152794647091361,-0.8912462775630516,-0.7975168476933221,1
1995-08-24 11:45:00-04:00,1040,1.1131215304203959,11,3,0,-1.0546719501564263,-1.138788105167722,-0.9897823448619981,-0.8912462775630516,1
1995-08-24 12:00:00-04:00,1003,1.0241987379798831,12,3,0,-1.0378487191541672,-1.0546719501564263,-0.9152794647091361,-0.9897823448619981,1
1995-08-24 12:15:00-04:00,982,0.9737290449731058,12,3,0,-1.0042022571496487,-1.0378487191541672,-1.138788105167722,-0.9152794647091361,1
1995-08-24 12:30:00-04:00,1077,1.2020443228609086,12,3,0,-1.016218850722691,-1.0042022571496487,-1.0546719501564263,-1.138788105167722,1
1995-08-24 12:45:00-04:00,1197,1.4904425686139227,12,3,0,-0.9801690700035643,-1.016218850722691,-1.0378487191541672,-1.0546719501564263,1
1995-08-24 13:00:00-04:00,1080,1.209254279004734,13,3,0,-1.1363847864531136,-0.9801690700035643,-1.0042022571496487,-1.0378487191541672,1
1995-08-24 13:15:00-04:00,693,0.27916993645126364,13,3,0,-0.9489259267136545,-1.1363847864531136,-1.016218850722691,-1.0042022571496487,1
1995-08-24 13:30:00-04:00,514,-0.15102411346364894,13,3,0,-0.9561358828574797,-0.9489259267136545,-0.9801690700035643,-1.016218850722691,1
1995-08-24 13:45:00-04:00,422,-0.37212943520762637,13,3,0,-0.9128761459945277,-0.9561358828574797,-1.1363847864531136,-0.9801690700035643,1
1995-08-24 14:00:00-04:00,383,-0.4658588650773559,14,3,0,-0.8383732658416657,-0.9128761459945277,-0.9489259267136545,-1.1363847864531136,1
1995-08-24 14:15:00-04:00,899,0.7742535916606044,14,3,0,-0.7518537921157615,-0.8383732658416657,-0.9561358828574797,-0.9489259267136545,1
1995-08-24 14:30:00-04:00,321,-0.6148646253830798,14,3,0,-0.8792296839900093,-0.7518537921157615,-0.9128761459945277,-0.9561358828574797,1
1995-08-24 14:45:00-04:00,993,1.0001655508337988,14,3,0,-0.9080695085653108,-0.8792296839900093,-0.8383732658416657,-0.9128761459945277,1
1995-08-24 15:00:00-04:00,860,0.6805241617908748,15,3,0,-0.5764115259493446,-0.9080695085653108,-0.7518537921157615,-0.8383732658416657,1
1995-08-24 15:15:00-04:00,1056,1.1515746298541312,15,3,0,-0.6100579879538629,-0.5764115259493446,-0.8792296839900093,-0.7518537921157615,1
1995-08-24 15:30:00-04:00,1214,1.5312989867622662,15,3,0,0.06287125213650313,-0.6100579879538629,-0.9080695085653108,-0.8792296839900093,1
1995-08-24 15:45:00-04:00,965,0.9328726268247621,15,3,0,-0.23754358718955315,0.06287125213650313,-0.5764115259493446,-0.9080695085653108,1
1995-08-24 16:00:00-04:00,945,0.8848062525325932,16,3,0,0.20707037501301015,-0.23754358718955315,-0.6100579879538629,-0.5764115259493446,1
1995-08-24 16:15:00-04:00,975,0.9569058139708466,16,3,0,0.03403142756120173,0.20707037501301015,0.06287125213650313,-0.6100579879538629,1
1995-08-24 16:30:00-04:00,867,0.697347392793134,16,3,0,0.4401922903300298,0.03403142756120173,-0.23754358718955315,0.06287125213650313,1
1995-08-24 16:45:00-04:00,739,0.3897225973232524,16,3,0,0.4065458283255115,0.4401922903300298,0.20707037501301015,-0.23754358718955315,1
1995-08-24 17:00:00-04:00,747,0.40894914704012,17,3,0,0.5603582260604524,0.4065458283255115,0.03403142756120173,0.20707037501301015,1
1995-08-24 17:15:00-04:00,654,0.1854405065815341,17,3,0,0.1229542200017144,0.5603582260604524,0.4401922903300298,0.03403142756120173,1
1995-08-24 17:30:00-04:00,873,0.7117673050807847,17,3,0,0.04124138370502708,0.1229542200017144,0.4065458283255115,0.4401922903300298,1
1995-08-24 17:45:00-04:00,511,-0.1582340696074743,17,3,0,0.4810487084783735,0.04124138370502708,0.5603582260604524,0.4065458283255115,1
1995-08-24 18:00:00-04:00,654,0.1854405065815341,18,3,0,0.6228445126402721,0.4810487084783735,0.1229542200017144,0.5603582260604524,0
1995-08-24 18:15:00-04:00,702,0.3007998048827397,18,3,0,1.0217954192652747,0.6228445126402721,0.04124138370502708,0.1229542200017144,0
1995-08-24 18:30:00-04:00,672,0.2287002434444862,18,3,0,1.5481222177645255,1.0217954192652747,0.4810487084783735,0.04124138370502708,0
1995-08-24 18:45:00-04:00,492,-0.20389712518503486,18,3,0,0.9665190888292804,1.5481222177645255,0.6228445126402721,0.4810487084783735,0
1995-08-24 19:00:00-04:00,444,-0.31925642348624045,19,3,0,1.06024851869901,0.9665190888292804,1.0217954192652747,0.6228445126402721,0
1995-08-24 19:15:00-04:00,479,-0.2351402684749447,19,3,0,0.7141706237953932,1.06024851869901,1.5481222177645255,1.0217954192652747,0
1995-08-24 19:30:00-04:00,465,-0.268786730479463,19,3,0,1.1131215304203959,0.7141706237953932,0.9665190888292804,1.5481222177645255,0
1995-08-24 19:45:00-04:00,502,-0.17986393803895034,19,3,0,1.0241987379798831,1.1131215304203959,1.06024851869901,0.9665190888292804,0
1995-08-24 20:00:00-04:00,493,-0.2014938064704264,20,3,0,0.9737290449731058,1.0241987379798831,0.7141706237953932,1.06024851869901,0
1995-08-24 20:15:00-04:00,500,-0.18467057546816726,20,3,0,1.2020443228609086,0.9737290449731058,1.1131215304203959,0.7141706237953932,0
1995-08-24 20:30:00-04:00,463,-0.2735933679086799,20,3,0,1.4904425686139227,1.2020443228609086,1.0241987379798831,1.1131215304203959,0
1995-08-24 20:45:00-04:00,609,0.07729116442415383,20,3,0,1.209254279004734,1.4904425686139227,0.9737290449731058,1.0241987379798831,0
1995-08-24 21:00:00-04:00,387,-0.45624559021892214,21,3,0,0.27916993645126364,1.209254279004734,1.2020443228609086,0.9737290449731058,0
1995-08-24 21:15:00-04:00,428,-0.35770952291997565,21,3,0,-0.15102411346364894,0.27916993645126364,1.4904425686139227,1.2020443228609086,0
1995-08-24 21:30:00-04:00,573,-0.009228309301750377,21,3,0,-0.37212943520762637,-0.15102411346364894,1.209254279004734,1.4904425686139227,0
1995-08-24 21:45:00-04:00,539,-0.09094114559843769,21,3,0,-0.4658588650773559,-0.37212943520762637,0.27916993645126364,1.209254279004734,0
1995-08-24 22:00:00-04:00,395,-0.43701904050205453,22,3,0,0.7742535916606044,-0.4658588650773559,-0.15102411346364894,0.27916993645126364,0
1995-08-24 22:15:00-04:00,609,0.07729116442415383,22,3,0,-0.6148646253830798,0.7742535916606044,-0.37212943520762637,-0.15102411346364894,0
1995-08-24 22:30:00-04:00,565,-0.028454859018617978,22,3,0,1.0001655508337988,-0.6148646253830798,-0.4658588650773559,-0.37212943520762637,0
1995-08-24 22:45:00-04:00,479,-0.2351402684749447,22,3,0,0.6805241617908748,1.0001655508337988,0.7742535916606044,-0.4658588650773559,0
1995-08-24 23:00:00-04:00,400,-0.4250024469290123,23,3,0,1.1515746298541312,0.6805241617908748,-0.6148646253830798,0.7742535916606044,0
1995-08-24 23:15:00-04:00,390,-0.4490356340750968,23,3,0,1.5312989867622662,1.1515746298541312,1.0001655508337988,-0.6148646253830798,0
1995-08-24 23:30:00-04:00,412,-0.39616262235371086,23,3,0,0.9328726268247621,1.5312989867622662,0.6805241617908748,1.0001655508337988,0
1995-08-24 23:45:00-04:00,315,-0.6292845376707306,23,3,0,0.8848062525325932,0.9328726268247621,1.1515746298541312,0.6805241617908748,0
1995-08-25 00:00:00-04:00,367,-0.5043119645110912,0,4,0,0.9569058139708466,0.8848062525325932,1.5312989867622662,1.1515746298541312,0
1995-08-25 00:15:00-04:00,358,-0.5259418329425672,0,4,0,0.697347392793134,0.9569058139708466,0.9328726268247621,1.5312989867622662,0
1995-08-25 00:30:00-04:00,444,-0.31925642348624045,0,4,0,0.3897225973232524,0.697347392793134,0.8848062525325932,0.9328726268247621,0
1995-08-25 00:45:00-04:00,338,-0.5740082072347362,0,4,0,0.40894914704012,0.3897225973232524,0.9569058139708466,0.8848062525325932,0
1995-08-25 01:00:00-04:00,332,-0.5884281195223869,1,4,0,0.1854405065815341,0.40894914704012,0.697347392793134,0.9569058139708466,0
1995-08-25 01:15:00-04:00,281,-0.7109973739674179,1,4,0,0.7117673050807847,0.1854405065815341,0.3897225973232524,0.697347392793134,0
1995-08-25 01:30:00-04:00,287,-0.6965774616797672,1,4,0,-0.1582340696074743,0.7117673050807847,0.40894914704012,0.3897225973232524,0
1995-08-25 01:45:00-04:00,411,-0.39856594106831933,1,4,0,0.1854405065815341,-0.1582340696074743,0.1854405065815341,0.40894914704012,0
1995-08-25 02:00:00-04:00,363,-0.5139252393695249,2,4,0,0.3007998048827397,0.1854405065815341,0.7117673050807847,0.1854405065815341,0
1995-08-25 02:15:00-04:00,233,-0.8263566722686235,2,4,0,0.2287002434444862,0.3007998048827397,-0.1582340696074743,0.7117673050807847,0
1995-08-25 02:30:00-04:00,286,-0.6989807803943756,2,4,0,-0.20389712518503486,0.2287002434444862,0.1854405065815341,-0.1582340696074743,0
1995-08-25 02:45:00-04:00,296,-0.6749475932482911,2,4,0,-0.31925642348624045,-0.20389712518503486,0.3007998048827397,0.1854405065815341,0
1995-08-25 03:00:00-04:00,255,-0.7734836605472376,3,4,0,-0.2351402684749447,-0.31925642348624045,0.2287002434444862,0.3007998048827397,0
1995-08-25 03:15:00-04:00,232,-0.8287599909832319,3,4,0,-0.268786730479463,-0.2351402684749447,-0.20389712518503486,0.2287002434444862,0
1995-08-25 03:30:00-04:00,294,-0.6797542306775081,3,4,0,-0.17986393803895034,-0.268786730479463,-0.31925642348624045,-0.20389712518503486,0
1995-08-25 03:45:00-04:00,178,-0.9585392015720883,3,4,0,-0.2014938064704264,-0.17986393803895034,-0.2351402684749447,-0.31925642348624045,0
1995-08-25 04:00:00-04:00,215,-0.8696164091315756,4,4,0,-0.18467057546816726,-0.2014938064704264,-0.268786730479463,-0.2351402684749447,0
1995-08-25 04:15:00-04:00,201,-0.9032628711360939,4,4,0,-0.2735933679086799,-0.18467057546816726,-0.17986393803895034,-0.268786730479463,0
1995-08-25 04:30:00-04:00,215,-0.8696164091315756,4,4,0,0.07729116442415383,-0.2735933679086799,-0.2014938064704264,-0.17986393803895034,0
1995-08-25 04:45:00-04:00,219,-0.8600031342731418,4,4,0,-0.45624559021892214,0.07729116442415383,-0.18467057546816726,-0.2014938064704264,0
1995-08-25 05:00:00-04:00,366,-0.5067152832256996,5,4,0,-0.35770952291997565,-0.45624559021892214,-0.2735933679086799,-0.18467057546816726,0
1995-08-25 05:15:00-04:00,260,-0.7614670669741953,5,4,0,-0.009228309301750377,-0.35770952291997565,0.07729116442415383,-0.2735933679086799,0
1995-08-25 05:30:00-04:00,346,-0.5547816575178686,5,4,0,-0.09094114559843769,-0.009228309301750377,-0.45624559021892214,0.07729116442415383,0
1995-08-25 05:45:00-04:00,188,-0.9345060144260038,5,4,0,-0.43701904050205453,-0.09094114559843769,-0.35770952291997565,-0.45624559021892214,0
1995-08-25 06:00:00-04:00,199,-0.9080695085653108,6,4,0,0.07729116442415383,-0.43701904050205453,-0.009228309301750377,-0.35770952291997565,0
1995-08-25 06:15:00-04:00,303,-0.658124362246032,6,4,0,-0.028454859018617978,0.07729116442415383,-0.09094114559843769,-0.009228309301750377,0
1995-08-25 06:30:00-04:00,263,-0.75425711083037,6,4,0,-0.2351402684749447,-0.028454859018617978,-0.43701904050205453,-0.09094114559843769,0
1995-08-25 06:45:00-04:00,295,-0.6773509119628995,6,4,0,-0.4250024469290123,-0.2351402684749447,0.07729116442415383,-0.43701904050205453,0
1995-08-25 07:00:00-04:00,393,-0.4418256779312714,7,4,0,-0.4490356340750968,-0.4250024469290123,-0.028454859018617978,0.07729116442415383,0
1995-08-25 07:15:00-04:00,544,-0.07892455202539543,7,4,0,-0.39616262235371086,-0.4490356340750968,-0.2351402684749447,-0.028454859018617978,0
1995-08-25 07:30:00-04:00,545,-0.07652123331078699,7,4,0,-0.6292845376707306,-0.39616262235371086,-0.4250024469290123,-0.2351402684749447,0
1995-08-25 07:45:00-04:00,600,0.05566129599267778,7,4,0,-0.5043119645110912,-0.6292845376707306,-0.4490356340750968,-0.4250024469290123,0
1995-08-25 08:00:00-04:00,788,0.5074852143390665,8,4,0,-0.5259418329425672,-0.5043119645110912,-0.39616262235371086,-0.4490356340750968,0
1995-08-25 08:15:00-04:00,648,0.1710205942938834,8,4,0,-0.31925642348624045,-0.5259418329425672,-0.6292845376707306,-0.39616262235371086,0
1995-08-25 08:30:00-04:00,660,0.1998604188691848,8,4,0,-0.5740082072347362,-0.31925642348624045,-0.5043119645110912,-0.6292845376707306,0
1995-08-25 08:45:00-04:00,882,0.7333971735122607,8,4,0,-0.5884281195223869,-0.5740082072347362,-0.5259418329425672,-0.5043119645110912,0
1995-08-25 09:00:00-04:00,616,0.09411439542641299,9,4,0,-0.7109973739674179,-0.5884281195223869,-0.31925642348624045,-0.5259418329425672,1
1995-08-25 09:15:00-04:00,731,0.37049604760638477,9,4,0,-0.6965774616797672,-0.7109973739674179,-0.5740082072347362,-0.31925642348624045,1
1995-08-25 09:30:00-04:00,959,0.9184527145371114,9,4,0,-0.39856594106831933,-0.6965774616797672,-0.5884281195223869,-0.5740082072347362,1
1995-08-25 09:45:00-04:00,964,0.9304693081101537,9,4,0,-0.5139252393695249,-0.39856594106831933,-0.7109973739674179,-0.5884281195223869,1
1995-08-25 10:00:00-04:00,836,0.6228445126402721,10,4,0,-0.8263566722686235,-0.5139252393695249,-0.6965774616797672,-0.7109973739674179,1
1995-08-25 10:15:00-04:00,869,0.7021540302223509,10,4,0,-0.6989807803943756,-0.8263566722686235,-0.39856594106831933,-0.6965774616797672,1
1995-08-25 10:30:00-04:00,905,0.7886735039482551,10,4,0,-0.6749475932482911,-0.6989807803943756,-0.5139252393695249,-0.39856594106831933,1
1995-08-25 10:45:00-04:00,833,0.6156345564964467,10,4,0,-0.7734836605472376,-0.6749475932482911,-0.8263566722686235,-0.5139252393695249,1
1995-08-25 11:00:00-04:00,861,0.6829274805054834,11,4,0,-0.8287599909832319,-0.7734836605472376,-0.6989807803943756,-0.8263566722686235,1
1995-08-25 11:15:00-04:00,763,0.4474022464738552,11,4,0,-0.6797542306775081,-0.8287599909832319,-0.6749475932482911,-0.6989807803943756,1
1995-08-25 11:30:00-04:00,1065,1.1732044982856071,11,4,0,-0.9585392015720883,-0.6797542306775081,-0.7734836605472376,-0.6749475932482911,1
1995-08-25 11:45:00-04:00,1063,1.1683978608563903,11,4,0,-0.8696164091315756,-0.9585392015720883,-0.8287599909832319,-0.7734836605472376,1
1995-08-25 12:00:00-04:00,1072,1.1900277292878663,12,4,0,-0.9032628711360939,-0.8696164091315756,-0.6797542306775081,-0.8287599909832319,1
1995-08-25 12:15:00-04:00,1119,1.3029837088744636,12,4,0,-0.8696164091315756,-0.9032628711360939,-0.9585392015720883,-0.6797542306775081,1
1995-08-25 12:30:00-04:00,867,0.697347392793134,12,4,0,-0.8600031342731418,-0.8696164091315756,-0.8696164091315756,-0.9585392015720883,1
1995-08-25 12:45:00-04:00,1033,1.0962982994181367,12,4,0,-0.5067152832256996,-0.8600031342731418,-0.9032628711360939,-0.8696164091315756,1
1995-08-25 13:00:00-04:00,860,0.6805241617908748,13,4,0,-0.7614670669741953,-0.5067152832256996,-0.8696164091315756,-0.9032628711360939,1
1995-08-25 13:15:00-04:00,1066,1.1756078170002155,13,4,0,-0.5547816575178686,-0.7614670669741953,-0.8600031342731418,-0.8696164091315756,1
1995-08-25 13:30:00-04:00,1134,1.3390334895935903,13,4,0,-0.9345060144260038,-0.5547816575178686,-0.5067152832256996,-0.8600031342731418,1
1995-08-25 13:45:00-04:00,986,0.9833423198315396,13,4,0,-0.9080695085653108,-0.9345060144260038,-0.7614670669741953,-0.5067152832256996,1
1995-08-25 14:00:00-04:00,838,0.6276511500694889,14,4,0,-0.658124362246032,-0.9080695085653108,-0.5547816575178686,-0.7614670669741953,1
1995-08-25 14:15:00-04:00,1051,1.1395580362810889,14,4,0,-0.75425711083037,-0.658124362246032,-0.9345060144260038,-0.5547816575178686,1
1995-08-25 14:30:00-04:00,990,0.9929555946899734,14,4,0,-0.6773509119628995,-0.75425711083037,-0.9080695085653108,-0.9345060144260038,1
1995-08-25 14:45:00-04:00,993,1.0001655508337988,14,4,0,-0.4418256779312714,-0.6773509119628995,-0.658124362246032,-0.9080695085653108,1
1995-08-25 15:00:00-04:00,931,0.8511597905280748,15,4,0,-0.07892455202539543,-0.4418256779312714,-0.75425711083037,-0.658124362246032,1
1995-08-25 15:15:00-04:00,1017,1.0578451999844016,15,4,0,-0.07652123331078699,-0.07892455202539543,-0.6773509119628995,-0.75425711083037,1
1995-08-25 15:30:00-04:00,1103,1.2645306094407283,15,4,0,0.05566129599267778,-0.07652123331078699,-0.4418256779312714,-0.6773509119628995,1
1995-08-25 15:45:00-04:00,940,0.8727896589595509,15,4,0,0.5074852143390665,0.05566129599267778,-0.07892455202539543,-0.4418256779312714,1
1995-08-25 16:00:00-04:00,797,0.5291150827705425,16,4,0,0.1710205942938834,0.5074852143390665,-0.07652123331078699,-0.07892455202539543,1
1995-08-25 16:15:00-04:00,929,0.846353153098858,16,4,0,0.1998604188691848,0.1710205942938834,0.05566129599267778,-0.07652123331078699,1
1995-08-25 16:30:00-04:00,938,0.867983021530334,16,4,0,0.7333971735122607,0.1998604188691848,0.5074852143390665,0.05566129599267778,1
1995-08-25 16:45:00-04:00,728,0.3632860914625594,16,4,0,0.09411439542641299,0.7333971735122607,0.1710205942938834,0.5074852143390665,1
1995-08-25 17:00:00-04:00,854,0.6661042495032241,17,4,0,0.37049604760638477,0.09411439542641299,0.1998604188691848,0.1710205942938834,1
1995-08-25 17:15:00-04:00,691,0.27436329902204676,17,4,0,0.9184527145371114,0.37049604760638477,0.7333971735122607,0.1998604188691848,1
1995-08-25 17:30:00-04:00,702,0.3007998048827397,17,4,0,0.9304693081101537,0.9184527145371114,0.09411439542641299,0.7333971735122607,1
1995-08-25 17:45:00-04:00,555,-0.052488046164702484,17,4,0,0.6228445126402721,0.9304693081101537,0.37049604760638477,0.09411439542641299,1
1995-08-25 18:00:00-04:00,513,-0.15342743217825738,18,4,0,0.7021540302223509,0.6228445126402721,0.9184527145371114,0.37049604760638477,0
1995-08-25 18:15:00-04:00,459,-0.2832066427671137,18,4,0,0.7886735039482551,0.7021540302223509,0.9304693081101537,0.9184527145371114,0
1995-08-25 18:30:00-04:00,551,-0.062101321023136286,18,4,0,0.6156345564964467,0.7886735039482551,0.6228445126402721,0.9304693081101537,0
1995-08-25 18:45:00-04:00,640,0.15179404457701579,18,4,0,0.6829274805054834,0.6156345564964467,0.7021540302223509,0.6228445126402721,0
1995-08-25 19:00:00-04:00,537,-0.09574778302765459,19,4,0,0.4474022464738552,0.6829274805054834,0.7886735039482551,0.7021540302223509,0
1995-08-25 19:15:00-04:00,442,-0.3240630609154574,19,4,0,1.1732044982856071,0.4474022464738552,0.6156345564964467,0.7886735039482551,0
1995-08-25 19:30:00-04:00,449,-0.3072398299131982,19,4,0,1.1683978608563903,1.1732044982856071,0.6829274805054834,0.6156345564964467,0
1995-08-25 19:45:00-04:00,412,-0.39616262235371086,19,4,0,1.1900277292878663,1.1683978608563903,0.4474022464738552,0.6829274805054834,0
1995-08-25 20:00:00-04:00,328,-0.5980413943808207,20,4,0,1.3029837088744636,1.1900277292878663,1.1732044982856071,0.4474022464738552,0
1995-08-25 20:15:00-04:00,489,-0.2111070813288602,20,4,0,0.697347392793134,1.3029837088744636,1.1683978608563903,1.1732044982856071,0
1995-08-25 20:30:00-04:00,508,-0.16544402575129966,20,4,0,1.0962982994181367,0.697347392793134,1.1900277292878663,1.1683978608563903,0
1995-08-25 20:45:00-04:00,486,-0.21831703747268555,20,4,0,0.6805241617908748,1.0962982994181367,1.3029837088744636,1.1900277292878663,0
1995-08-25 21:00:00-04:00,497,-0.1918805316119926,21,4,0,1.1756078170002155,0.6805241617908748,0.697347392793134,1.3029837088744636,0
1995-08-25 21:15:00-04:00,570,-0.016438265445575726,21,4,0,1.3390334895935903,1.1756078170002155,1.0962982994181367,0.697347392793134,0
1995-08-25 21:30:00-04:00,598,0.05085465856346088,21,4,0,0.9833423198315396,1.3390334895935903,0.6805241617908748,1.0962982994181367,0
1995-08-25 21:45:00-04:00,462,-0.27599668662328836,21,4,0,0.6276511500694889,0.9833423198315396,1.1756078170002155,0.6805241617908748,0
1995-08-25 22:00:00-04:00,379,-0.47547213993578974,22,4,0,1.1395580362810889,0.6276511500694889,1.3390334895935903,1.1756078170002155,0
1995-08-25 22:15:00-04:00,392,-0.4442289966458799,22,4,0,0.9929555946899734,1.1395580362810889,0.9833423198315396,1.3390334895935903,0
1995-08-25 22:30:00-04:00,508,-0.16544402575129966,22,4,0,1.0001655508337988,0.9929555946899734,0.6276511500694889,0.9833423198315396,0
1995-08-25 22:45:00-04:00,441,-0.3264663796300658,22,4,0,0.8511597905280748,1.0001655508337988,1.1395580362810889,0.6276511500694889,0
1995-08-25 23:00:00-04:00,535,-0.10055442045687149,23,4,0,1.0578451999844016,0.8511597905280748,0.9929555946899734,1.1395580362810889,0
1995-08-25 23:15:00-04:00,563,-0.03326149644783488,23,4,0,1.2645306094407283,1.0578451999844016,1.0001655508337988,0.9929555946899734,0
1995-08-25 23:30:00-04:00,461,-0.2784000053378968,23,4,0,0.8727896589595509,1.2645306094407283,0.8511597905280748,1.0001655508337988,0
1995-08-25 23:45:00-04:00,357,-0.5283451516571757,23,4,0,0.5291150827705425,0.8727896589595509,1.0578451999844016,0.8511597905280748,0
1995-08-26 00:00:00-04:00,406,-0.4105825346413616,0,5,1,0.846353153098858,0.5291150827705425,1.2645306094407283,1.0578451999844016,0
1995-08-26 00:15:00-04:00,388,-0.45384227150431367,0,5,1,0.867983021530334,0.846353153098858,0.8727896589595509,1.2645306094407283,0
1995-08-26 00:30:00-04:00,204,-0.8960529149922686,0,5,1,0.3632860914625594,0.867983021530334,0.5291150827705425,0.8727896589595509,0
1995-08-26 00:45:00-04:00,357,-0.5283451516571757,0,5,1,0.6661042495032241,0.3632860914625594,0.846353153098858,0.5291150827705425,0
1995-08-26 01:00:00-04:00,350,-0.5451683826594348,1,5,1,0.27436329902204676,0.6661042495032241,0.867983021530334,0.846353153098858,0
1995-08-26 01:15:00-04:00,387,-0.45624559021892214,1,5,1,0.3007998048827397,0.27436329902204676,0.3632860914625594,0.867983021530334,0
1995-08-26 01:30:00-04:00,319,-0.6196712628122968,1,5,1,-0.052488046164702484,0.3007998048827397,0.6661042495032241,0.3632860914625594,0
1995-08-26 01:45:00-04:00,174,-0.968152476430522,1,5,1,-0.15342743217825738,-0.052488046164702484,0.27436329902204676,0.6661042495032241,0
1995-08-26 02:00:00-04:00,142,-1.0450586752979925,2,5,1,-0.2832066427671137,-0.15342743217825738,0.3007998048827397,0.27436329902204676,0
1995-08-26 02:15:00-04:00,227,-0.8407765845562741,2,5,1,-0.062101321023136286,-0.2832066427671137,-0.052488046164702484,0.3007998048827397,0
1995-08-26 02:30:00-04:00,192,-0.9248927395675699,2,5,1,0.15179404457701579,-0.062101321023136286,-0.15342743217825738,-0.052488046164702484,0
1995-08-26 02:45:00-04:00,209,-0.8840363214192263,2,5,1,-0.09574778302765459,0.15179404457701579,-0.2832066427671137,-0.15342743217825738,0
1995-08-26 03:00:00-04:00,202,-0.9008595524214854,3,5,1,-0.3240630609154574,-0.09574778302765459,-0.062101321023136286,-0.2832066427671137,0
1995-08-26 03:15:00-04:00,185,-0.9417159705698291,3,5,1,-0.3072398299131982,-0.3240630609154574,0.15179404457701579,-0.062101321023136286,0
1995-08-26 03:30:00-04:00,283,-0.706190736538201,3,5,1,-0.39616262235371086,-0.3072398299131982,-0.09574778302765459,0.15179404457701579,0
1995-08-26 03:45:00-04:00,193,-0.9224894208529615,3,5,1,-0.5980413943808207,-0.39616262235371086,-0.3240630609154574,-0.09574778302765459,0
1995-08-26 04:00:00-04:00,196,-0.9152794647091361,4,5,1,-0.2111070813288602,-0.5980413943808207,-0.3072398299131982,-0.3240630609154574,0
1995-08-26 04:15:00-04:00,89,-1.1724345671722403,4,5,1,-0.16544402575129966,-0.2111070813288602,-0.39616262235371086,-0.3072398299131982,0
1995-08-26 04:30:00-04:00,176,-0.9633458390013051,4,5,1,-0.21831703747268555,-0.16544402575129966,-0.5980413943808207,-0.39616262235371086,0
1995-08-26 04:45:00-04:00,129,-1.0763018185879023,4,5,1,-0.1918805316119926,-0.21831703747268555,-0.2111070813288602,-0.5980413943808207,0
1995-08-26 05:00:00-04:00,167,-0.9849757074327812,5,5,1,-0.016438265445575726,-0.1918805316119926,-0.16544402575129966,-0.2111070813288602,0
1995-08-26 05:15:00-04:00,79,-1.1964677543183249,5,5,1,0.05085465856346088,-0.016438265445575726,-0.21831703747268555,-0.16544402575129966,0
1995-08-26 05:30:00-04:00,104,-1.1363847864531136,5,5,1,-0.27599668662328836,0.05085465856346088,-0.1918805316119926,-0.21831703747268555,0
1995-08-26 05:45:00-04:00,73,-1.2108876666059756,5,5,1,-0.47547213993578974,-0.27599668662328836,-0.016438265445575726,-0.1918805316119926,0
1995-08-26 06:00:00-04:00,98,-1.1508046987407643,6,5,1,-0.4442289966458799,-0.47547213993578974,0.05085465856346088,-0.016438265445575726,0
1995-08-26 06:15:00-04:00,161,-0.9993956197204319,6,5,1,-0.16544402575129966,-0.4442289966458799,-0.27599668662328836,0.05085465856346088,0
1995-08-26 06:30:00-04:00,126,-1.0835117747317278,6,5,1,-0.3264663796300658,-0.16544402575129966,-0.47547213993578974,-0.27599668662328836,0
1995-08-26 06:45:00-04:00,94,-1.160417973599198,6,5,1,-0.10055442045687149,-0.3264663796300658,-0.4442289966458799,-0.47547213993578974,0
1995-08-26 07:00:00-04:00,88,-1.1748378858868487,7,5,1,-0.03326149644783488,-0.10055442045687149,-0.16544402575129966,-0.4442289966458799,0
1995-08-26 07:15:00-04:00,106,-1.1315781490238968,7,5,1,-0.2784000053378968,-0.03326149644783488,-0.3264663796300658,-0.16544402575129966,0
1995-08-26 07:30:00-04:00,219,-0.8600031342731418,7,5,1,-0.5283451516571757,-0.2784000053378968,-0.10055442045687149,-0.3264663796300658,0
1995-08-26 07:45:00-04:00,189,-0.9321026957113953,7,5,1,-0.4105825346413616,-0.5283451516571757,-0.03326149644783488,-0.10055442045687149,0
1995-08-26 08:00:00-04:00,303,-0.658124362246032,8,5,1,-0.45384227150431367,-0.4105825346413616,-0.2784000053378968,-0.03326149644783488,0
1995-08-26 08:15:00-04:00,253,-0.7782902979764544,8,5,1,-0.8960529149922686,-0.45384227150431367,-0.5283451516571757,-0.2784000053378968,0
1995-08-26 08:30:00-04:00,278,-0.7182073301112433,8,5,1,-0.5283451516571757,-0.8960529149922686,-0.4105825346413616,-0.5283451516571757,0
1995-08-26 08:45:00-04:00,241,-0.8071301225517559,8,5,1,-0.5451683826594348,-0.5283451516571757,-0.45384227150431367,-0.4105825346413616,0
1995-08-26 09:00:00-04:00,302,-0.6605276809606404,9,5,1,-0.45624559021892214,-0.5451683826594348,-0.8960529149922686,-0.45384227150431367,1
1995-08-26 09:15:00-04:00,302,-0.6605276809606404,9,5,1,-0.6196712628122968,-0.45624559021892214,-0.5283451516571757,-0.8960529149922686,1
1995-08-26 09:30:00-04:00,266,-0.7470471546865446,9,5,1,-0.968152476430522,-0.6196712628122968,-0.5451683826594348,-0.5283451516571757,1
1995-08-26 09:45:00-04:00,349,-0.5475717013740432,9,5,1,-1.0450586752979925,-0.968152476430522,-0.45624559021892214,-0.5451683826594348,1
1995-08-26 10:00:00-04:00,237,-0.8167433974101896,10,5,1,-0.8407765845562741,-1.0450586752979925,-0.6196712628122968,-0.45624559021892214,1
1995-08-26 10:15:00-04:00,219,-0.8600031342731418,10,5,1,-0.9248927395675699,-0.8407765845562741,-0.968152476430522,-0.6196712628122968,1
1995-08-26 10:30:00-04:00,291,-0.6869641868213333,10,5,1,-0.8840363214192263,-0.9248927395675699,-1.0450586752979925,-0.968152476430522,1
1995-08-26 10:45:00-04:00,364,-0.5115219206549165,10,5,1,-0.9008595524214854,-0.8840363214192263,-0.8407765845562741,-1.0450586752979925,1
1995-08-26 11:00:00-04:00,276,-0.7230139675404601,11,5,1,-0.9417159705698291,-0.9008595524214854,-0.9248927395675699,-0.8407765845562741,1
1995-08-26 11:15:00-04:00,354,-0.535555107801001,11,5,1,-0.706190736538201,-0.9417159705698291,-0.8840363214192263,-0.9248927395675699,1
1995-08-26 11:30:00-04:00,222,-0.8527931781293164,11,5,1,-0.9224894208529615,-0.706190736538201,-0.9008595524214854,-0.8840363214192263,1
1995-08-26 11:45:00-04:00,327,-0.6004447130954291,11,5,1,-0.9152794647091361,-0.9224894208529615,-0.9417159705698291,-0.9008595524214854,1
1995-08-26 12:00:00-04:00,290,-0.6893675055359418,12,5,1,-1.1724345671722403,-0.9152794647091361,-0.706190736538201,-0.9417159705698291,1
1995-08-26 12:15:00-04:00,427,-0.3601128416345841,12,5,1,-0.9633458390013051,-1.1724345671722403,-0.9224894208529615,-0.706190736538201,1
1995-08-26 12:30:00-04:00,291,-0.6869641868213333,12,5,1,-1.0763018185879023,-0.9633458390013051,-0.9152794647091361,-0.9224894208529615,1
1995-08-26 12:45:00-04:00,276,-0.7230139675404601,12,5,1,-0.9849757074327812,-1.0763018185879023,-1.1724345671722403,-0.9152794647091361,1
1995-08-26 13:00:00-04:00,445,-0.31685310477163203,13,5,1,-1.1964677543183249,-0.9849757074327812,-0.9633458390013051,-1.1724345671722403,1
1995-08-26 13:15:00-04:00,407,-0.4081792159267531,13,5,1,-1.1363847864531136,-1.1964677543183249,-1.0763018185879023,-0.9633458390013051,1
1995-08-26 13:30:00-04:00,338,-0.5740082072347362,13,5,1,-1.2108876666059756,-1.1363847864531136,-0.9849757074327812,-1.0763018185879023,1
1995-08-26 13:45:00-04:00,383,-0.4658588650773559,13,5,1,-1.1508046987407643,-1.2108876666059756,-1.1964677543183249,-0.9849757074327812,1
1995-08-26 14:00:00-04:00,392,-0.4442289966458799,14,5,1,-0.9993956197204319,-1.1508046987407643,-1.1363847864531136,-1.1964677543183249,1
1995-08-26 14:15:00-04:00,512,-0.15583075089286585,14,5,1,-1.0835117747317278,-0.9993956197204319,-1.2108876666059756,-1.1363847864531136,1
1995-08-26 14:30:00-04:00,433,-0.3456929293469334,14,5,1,-1.160417973599198,-1.0835117747317278,-1.1508046987407643,-1.2108876666059756,1
1995-08-26 14:45:00-04:00,459,-0.2832066427671137,14,5,1,-1.1748378858868487,-1.160417973599198,-0.9993956197204319,-1.1508046987407643,1
1995-08-26 15:00:00-04:00,440,-0.3288696983446743,15,5,1,-1.1315781490238968,-1.1748378858868487,-1.0835117747317278,-0.9993956197204319,1
1995-08-26 15:15:00-04:00,522,-0.13179756374678134,15,5,1,-0.8600031342731418,-1.1315781490238968,-1.160417973599198,-1.0835117747317278,1
1995-08-26 15:30:00-04:00,474,-0.24715686204798695,15,5,1,-0.9321026957113953,-0.8600031342731418,-1.1748378858868487,-1.160417973599198,1
1995-08-26 15:45:00-04:00,551,-0.062101321023136286,15,5,1,-0.658124362246032,-0.9321026957113953,-1.1315781490238968,-1.1748378858868487,1
1995-08-26 16:00:00-04:00,377,-0.4802787773650066,16,5,1,-0.7782902979764544,-0.658124362246032,-0.8600031342731418,-1.1315781490238968,1
1995-08-26 16:15:00-04:00,396,-0.43461572178744606,16,5,1,-0.7182073301112433,-0.7782902979764544,-0.9321026957113953,-0.8600031342731418,1
1995-08-26 16:30:00-04:00,475,-0.2447535433333785,16,5,1,-0.8071301225517559,-0.7182073301112433,-0.658124362246032,-0.9321026957113953,1
1995-08-26 16:45:00-04:00,502,-0.17986393803895034,16,5,1,-0.6605276809606404,-0.8071301225517559,-0.7782902979764544,-0.658124362246032,1
1995-08-26 17:00:00-04:00,474,-0.24715686204798695,17,5,1,-0.6605276809606404,-0.6605276809606404,-0.7182073301112433,-0.7782902979764544,1
1995-08-26 17:15:00-04:00,349,-0.5475717013740432,17,5,1,-0.7470471546865446,-0.6605276809606404,-0.8071301225517559,-0.7182073301112433,1
1995-08-26 17:30:00-04:00,404,-0.41538917207057846,17,5,1,-0.5475717013740432,-0.7470471546865446,-0.6605276809606404,-0.8071301225517559,1
1995-08-26 17:45:00-04:00,434,-0.343289610632325,17,5,1,-0.8167433974101896,-0.5475717013740432,-0.6605276809606404,-0.6605276809606404,1
1995-08-26 18:00:00-04:00,385,-0.461052227648139,18,5,1,-0.8600031342731418,-0.8167433974101896,-0.7470471546865446,-0.6605276809606404,0
1995-08-26 18:15:00-04:00,400,-0.4250024469290123,18,5,1,-0.6869641868213333,-0.8600031342731418,-0.5475717013740432,-0.7470471546865446,0
1995-08-26 18:30:00-04:00,499,-0.1870738941827757,18,5,1,-0.5115219206549165,-0.6869641868213333,-0.8167433974101896,-0.5475717013740432,0
1995-08-26 18:45:00-04:00,503,-0.1774606193243419,18,5,1,-0.7230139675404601,-0.5115219206549165,-0.8600031342731418,-0.8167433974101896,0
1995-08-26 19:00:00-04:00,467,-0.2639800930502461,19,5,1,-0.535555107801001,-0.7230139675404601,-0.6869641868213333,-0.8600031342731418,0
1995-08-26 19:15:00-04:00,346,-0.5547816575178686,19,5,1,-0.8527931781293164,-0.535555107801001,-0.5115219206549165,-0.6869641868213333,0
1995-08-26 19:30:00-04:00,608,0.07488784570954539,19,5,1,-0.6004447130954291,-0.8527931781293164,-0.7230139675404601,-0.5115219206549165,0
1995-08-26 19:45:00-04:00,428,-0.35770952291997565,19,5,1,-0.6893675055359418,-0.6004447130954291,-0.535555107801001,-0.7230139675404601,0
1995-08-26 20:00:00-04:00,348,-0.5499750200886517,20,5,1,-0.3601128416345841,-0.6893675055359418,-0.8527931781293164,-0.535555107801001,0
1995-08-26 20:15:00-04:00,326,-0.6028480318100377,20,5,1,-0.6869641868213333,-0.3601128416345841,-0.6004447130954291,-0.8527931781293164,0
1995-08-26 20:30:00-04:00,333,-0.5860248008077784,20,5,1,-0.7230139675404601,-0.6869641868213333,-0.6893675055359418,-0.6004447130954291,0
1995-08-26 20:45:00-04:00,483,-0.2255269936165109,20,5,1,-0.31685310477163203,-0.7230139675404601,-0.3601128416345841,-0.6893675055359418,0
1995-08-26 21:00:00-04:00,440,-0.3288696983446743,21,5,1,-0.4081792159267531,-0.31685310477163203,-0.6869641868213333,-0.3601128416345841,0
1995-08-26 21:15:00-04:00,388,-0.45384227150431367,21,5,1,-0.5740082072347362,-0.4081792159267531,-0.7230139675404601,-0.6869641868213333,0
1995-08-26 21:30:00-04:00,402,-0.4201958094997954,21,5,1,-0.4658588650773559,-0.5740082072347362,-0.31685310477163203,-0.7230139675404601,0
1995-08-26 21:45:00-04:00,383,-0.4658588650773559,21,5,1,-0.4442289966458799,-0.4658588650773559,-0.4081792159267531,-0.31685310477163203,0
1995-08-26 22:00:00-04:00,547,-0.07171459588157009,22,5,1,-0.15583075089286585,-0.4442289966458799,-0.5740082072347362,-0.4081792159267531,0
1995-08-26 22:15:00-04:00,467,-0.2639800930502461,22,5,1,-0.3456929293469334,-0.15583075089286585,-0.4658588650773559,-0.5740082072347362,0
1995-08-26 22:30:00-04:00,481,-0.2303336310457278,22,5,1,-0.2832066427671137,-0.3456929293469334,-0.4442289966458799,-0.4658588650773559,0
1995-08-26 22:45:00-04:00,472,-0.25196349947720387,22,5,1,-0.3288696983446743,-0.2832066427671137,-0.15583075089286585,-0.4442289966458799,0
1995-08-26 23:00:00-04:00,476,-0.24235022461877007,23,5,1,-0.13179756374678134,-0.3288696983446743,-0.3456929293469334,-0.15583075089286585,0
1995-08-26 23:15:00-04:00,602,0.06046793342189468,23,5,1,-0.24715686204798695,-0.13179756374678134,-0.2832066427671137,-0.3456929293469334,0
1995-08-26 23:30:00-04:00,528,-0.11737765145913064,23,5,1,-0.062101321023136286,-0.24715686204798695,-0.3288696983446743,-0.2832066427671137,0
1995-08-26 23:45:00-04:00,349,-0.5475717013740432,23,5,1,-0.4802787773650066,-0.062101321023136286,-0.13179756374678134,-0.3288696983446743,0
1995-08-27 00:00:00-04:00,542,-0.08373118945461233,0,6,1,-0.43461572178744606,-0.4802787773650066,-0.24715686204798695,-0.13179756374678134,0
1995-08-27 00:15:00-04:00,633,0.13497081357475665,0,6,1,-0.2447535433333785,-0.43461572178744606,-0.062101321023136286,-0.24715686204798695,0
1995-08-27 00:30:00-04:00,550,-0.06450463973774473,0,6,1,-0.17986393803895034,-0.2447535433333785,-0.4802787773650066,-0.062101321023136286,0
1995-08-27 00:45:00-04:00,381,-0.47066550250657285,0,6,1,-0.24715686204798695,-0.17986393803895034,-0.43461572178744606,-0.4802787773650066,0
1995-08-27 01:00:00-04:00,374,-0.487488733508832,1,6,1,-0.5475717013740432,-0.24715686204798695,-0.2447535433333785,-0.43461572178744606,0
1995-08-27 01:15:00-04:00,377,-0.4802787773650066,1,6,1,-0.41538917207057846,-0.5475717013740432,-0.17986393803895034,-0.2447535433333785,0
1995-08-27 01:30:00-04:00,265,-0.7494504734011531,1,6,1,-0.343289610632325,-0.41538917207057846,-0.24715686204798695,-0.17986393803895034,0
1995-08-27 01:45:00-04:00,300,-0.6653343183898573,1,6,1,-0.461052227648139,-0.343289610632325,-0.5475717013740432,-0.24715686204798695,0
1995-08-27 02:00:00-04:00,375,-0.4850854147942235,2,6,1,-0.4250024469290123,-0.461052227648139,-0.41538917207057846,-0.5475717013740432,0
1995-08-27 02:15:00-04:00,238,-0.8143400786955812,2,6,1,-0.1870738941827757,-0.4250024469290123,-0.343289610632325,-0.41538917207057846,0
1995-08-27 02:30:00-04:00,161,-0.9993956197204319,2,6,1,-0.1774606193243419,-0.1870738941827757,-0.461052227648139,-0.343289610632325,0
1995-08-27 02:45:00-04:00,329,-0.5956380756662123,2,6,1,-0.2639800930502461,-0.1774606193243419,-0.4250024469290123,-0.461052227648139,0
1995-08-27 03:00:00-04:00,223,-0.850389859414708,3,6,1,-0.5547816575178686,-0.2639800930502461,-0.1870738941827757,-0.4250024469290123,0
1995-08-27 03:15:00-04:00,151,-1.0234288068665165,3,6,1,0.07488784570954539,-0.5547816575178686,-0.1774606193243419,-0.1870738941827757,0
1995-08-27 03:30:00-04:00,135,-1.0618819063002516,3,6,1,-0.35770952291997565,0.07488784570954539,-0.2639800930502461,-0.1774606193243419,0
1995-08-27 03:45:00-04:00,139,-1.0522686314418177,3,6,1,-0.5499750200886517,-0.35770952291997565,-0.5547816575178686,-0.2639800930502461,0
1995-08-27 04:00:00-04:00,100,-1.1459980613115475,4,6,1,-0.6028480318100377,-0.5499750200886517,0.07488784570954539,-0.5547816575178686,0
1995-08-27 04:15:00-04:00,125,-1.0859150934463362,4,6,1,-0.5860248008077784,-0.6028480318100377,-0.35770952291997565,0.07488784570954539,0
1995-08-27 04:30:00-04:00,177,-0.9609425202866967,4,6,1,-0.2255269936165109,-0.5860248008077784,-0.5499750200886517,-0.35770952291997565,0
1995-08-27 04:45:00-04:00,166,-0.9873790261473897,4,6,1,-0.3288696983446743,-0.2255269936165109,-0.6028480318100377,-0.5499750200886517,0
1995-08-27 05:00:00-04:00,205,-0.89364959627766,5,6,1,-0.45384227150431367,-0.3288696983446743,-0.5860248008077784,-0.6028480318100377,0
1995-08-27 05:15:00-04:00,183,-0.946522607999046,5,6,1,-0.4201958094997954,-0.45384227150431367,-0.2255269936165109,-0.5860248008077784,0
1995-08-27 05:30:00-04:00,175,-0.9657491577159136,5,6,1,-0.4658588650773559,-0.4201958094997954,-0.3288696983446743,-0.2255269936165109,0
1995-08-27 05:45:00-04:00,113,-1.1147549180216376,5,6,1,-0.07171459588157009,-0.4658588650773559,-0.45384227150431367,-0.3288696983446743,0
1995-08-27 06:00:00-04:00,215,-0.8696164091315756,6,6,1,-0.2639800930502461,-0.07171459588157009,-0.4201958094997954,-0.45384227150431367,0
1995-08-27 06:15:00-04:00,148,-1.0306387630103417,6,6,1,-0.2303336310457278,-0.2639800930502461,-0.4658588650773559,-0.4201958094997954,0
1995-08-27 06:30:00-04:00,198,-0.9104728272799193,6,6,1,-0.25196349947720387,-0.2303336310457278,-0.07171459588157009,-0.4658588650773559,0
1995-08-27 06:45:00-04:00,220,-0.8575998155585334,6,6,1,-0.24235022461877007,-0.25196349947720387,-0.2639800930502461,-0.07171459588157009,0
1995-08-27 07:00:00-04:00,266,-0.7470471546865446,7,6,1,0.06046793342189468,-0.24235022461877007,-0.2303336310457278,-0.2639800930502461,0
1995-08-27 07:15:00-04:00,272,-0.7326272423988939,7,6,1,-0.11737765145913064,0.06046793342189468,-0.25196349947720387,-0.2303336310457278,0
1995-08-27 07:30:00-04:00,180,-0.9537325641428713,7,6,1,-0.5475717013740432,-0.11737765145913064,-0.24235022461877007,-0.25196349947720387,0
1995-08-27 07:45:00-04:00,162,-0.9969923010058235,7,6,1,-0.08373118945461233,-0.5475717013740432,0.06046793342189468,-0.24235022461877007,0
1995-08-27 08:00:00-04:00,171,-0.9753624325743474,8,6,1,0.13497081357475665,-0.08373118945461233,-0.11737765145913064,0.06046793342189468,0
1995-08-27 08:15:00-04:00,192,-0.9248927395675699,8,6,1,-0.06450463973774473,0.13497081357475665,-0.5475717013740432,-0.11737765145913064,0
1995-08-27 08:30:00-04:00,254,-0.775886979261846,8,6,1,-0.47066550250657285,-0.06450463973774473,-0.08373118945461233,-0.5475717013740432,0
1995-08-27 08:45:00-04:00,272,-0.7326272423988939,8,6,1,-0.487488733508832,-0.47066550250657285,0.13497081357475665,-0.08373118945461233,0
1995-08-27 09:00:00-04:00,306,-0.6509144061022066,9,6,1,-0.4802787773650066,-0.487488733508832,-0.06450463973774473,0.13497081357475665,1
1995-08-27 09:15:00-04:00,283,-0.706190736538201,9,6,1,-0.7494504734011531,-0.4802787773650066,-0.47066550250657285,-0.06450463973774473,1
1995-08-27 09:30:00-04:00,203,-0.898456233706877,9,6,1,-0.6653343183898573,-0.7494504734011531,-0.487488733508832,-0.47066550250657285,1
1995-08-27 09:45:00-04:00,255,-0.7734836605472376,9,6,1,-0.4850854147942235,-0.6653343183898573,-0.4802787773650066,-0.487488733508832,1
1995-08-27 10:00:00-04:00,189,-0.9321026957113953,10,6,1,-0.8143400786955812,-0.4850854147942235,-0.7494504734011531,-0.4802787773650066,1
1995-08-27 10:15:00-04:00,227,-0.8407765845562741,10,6,1,-0.9993956197204319,-0.8143400786955812,-0.6653343183898573,-0.7494504734011531,1
1995-08-27 10:30:00-04:00,313,-0.6340911750999475,10,6,1,-0.5956380756662123,-0.9993956197204319,-0.4850854147942235,-0.6653343183898573,1
1995-08-27 10:45:00-04:00,384,-0.4634555463627475,10,6,1,-0.850389859414708,-0.5956380756662123,-0.8143400786955812,-0.4850854147942235,1
1995-08-27 11:00:00-04:00,361,-0.5187318767987419,11,6,1,-1.0234288068665165,-0.850389859414708,-0.9993956197204319,-0.8143400786955812,1
1995-08-27 11:15:00-04:00,266,-0.7470471546865446,11,6,1,-1.0618819063002516,-1.0234288068665165,-0.5956380756662123,-0.9993956197204319,1
1995-08-27 11:30:00-04:00,276,-0.7230139675404601,11,6,1,-1.0522686314418177,-1.0618819063002516,-0.850389859414708,-0.5956380756662123,1
1995-08-27 11:45:00-04:00,245,-0.7975168476933221,11,6,1,-1.1459980613115475,-1.0522686314418177,-1.0234288068665165,-0.850389859414708,1
1995-08-27 12:00:00-04:00,445,-0.31685310477163203,12,6,1,-1.0859150934463362,-1.1459980613115475,-1.0618819063002516,-1.0234288068665165,1
1995-08-27 12:15:00-04:00,428,-0.35770952291997565,12,6,1,-0.9609425202866967,-1.0859150934463362,-1.0522686314418177,-1.0618819063002516,1
1995-08-27 12:30:00-04:00,380,-0.47306882122118127,12,6,1,-0.9873790261473897,-0.9609425202866967,-1.1459980613115475,-1.0522686314418177,1
1995-08-27 12:45:00-04:00,335,-0.5812181633785616,12,6,1,-0.89364959627766,-0.9873790261473897,-1.0859150934463362,-1.1459980613115475,1
1995-08-27 13:00:00-04:00,400,-0.4250024469290123,13,6,1,-0.946522607999046,-0.89364959627766,-0.9609425202866967,-1.0859150934463362,1
1995-08-27 13:15:00-04:00,386,-0.4586489089335306,13,6,1,-0.9657491577159136,-0.946522607999046,-0.9873790261473897,-0.9609425202866967,1
1995-08-27 13:30:00-04:00,349,-0.5475717013740432,13,6,1,-1.1147549180216376,-0.9657491577159136,-0.89364959627766,-0.9873790261473897,1
1995-08-27 13:45:00-04:00,446,-0.31444978605702356,13,6,1,-0.8696164091315756,-1.1147549180216376,-0.946522607999046,-0.89364959627766,1
1995-08-27 14:00:00-04:00,473,-0.2495601807625954,14,6,1,-1.0306387630103417,-0.8696164091315756,-0.9657491577159136,-0.946522607999046,1
1995-08-27 14:15:00-04:00,273,-0.7302239236842855,14,6,1,-0.9104728272799193,-1.0306387630103417,-1.1147549180216376,-0.9657491577159136,1
1995-08-27 14:30:00-04:00,280,-0.7134006926820263,14,6,1,-0.8575998155585334,-0.9104728272799193,-0.8696164091315756,-1.1147549180216376,1
1995-08-27 14:45:00-04:00,367,-0.5043119645110912,14,6,1,-0.7470471546865446,-0.8575998155585334,-1.0306387630103417,-0.8696164091315756,1
1995-08-27 15:00:00-04:00,363,-0.5139252393695249,15,6,1,-0.7326272423988939,-0.7470471546865446,-0.9104728272799193,-1.0306387630103417,1
1995-08-27 15:15:00-04:00,358,-0.5259418329425672,15,6,1,-0.9537325641428713,-0.7326272423988939,-0.8575998155585334,-0.9104728272799193,1
1995-08-27 15:30:00-04:00,415,-0.3889526662098855,15,6,1,-0.9969923010058235,-0.9537325641428713,-0.7470471546865446,-0.8575998155585334,1
1995-08-27 15:45:00-04:00,336,-0.578814844663953,15,6,1,-0.9753624325743474,-0.9969923010058235,-0.7326272423988939,-0.7470471546865446,1
1995-08-27 16:00:00-04:00,370,-0.4971020083672658,16,6,1,-0.9248927395675699,-0.9753624325743474,-0.9537325641428713,-0.7326272423988939,1
1995-08-27 16:15:00-04:00,521,-0.13420088246138978,16,6,1,-0.775886979261846,-0.9248927395675699,-0.9969923010058235,-0.9537325641428713,1
1995-08-27 16:30:00-04:00,323,-0.6100579879538629,16,6,1,-0.7326272423988939,-0.775886979261846,-0.9753624325743474,-0.9969923010058235,1
1995-08-27 16:45:00-04:00,466,-0.2663834117648546,16,6,1,-0.6509144061022066,-0.7326272423988939,-0.9248927395675699,-0.9753624325743474,1
1995-08-27 17:00:00-04:00,430,-0.35290288549075877,17,6,1,-0.706190736538201,-0.6509144061022066,-0.775886979261846,-0.9248927395675699,1
1995-08-27 17:15:00-04:00,324,-0.6076546692392545,17,6,1,-0.898456233706877,-0.706190736538201,-0.7326272423988939,-0.775886979261846,1
1995-08-27 17:30:00-04:00,437,-0.33607965448849964,17,6,1,-0.7734836605472376,-0.898456233706877,-0.6509144061022066,-0.7326272423988939,1
1995-08-27 17:45:00-04:00,389,-0.45143895278970525,17,6,1,-0.9321026957113953,-0.7734836605472376,-0.706190736538201,-0.6509144061022066,1
1995-08-27 18:00:00-04:00,380,-0.47306882122118127,18,6,1,-0.8407765845562741,-0.9321026957113953,-0.898456233706877,-0.706190736538201,0
1995-08-27 18:15:00-04:00,348,-0.5499750200886517,18,6,1,-0.6340911750999475,-0.8407765845562741,-0.7734836605472376,-0.898456233706877,0
1995-08-27 18:30:00-04:00,325,-0.6052513505246461,18,6,1,-0.4634555463627475,-0.6340911750999475,-0.9321026957113953,-0.7734836605472376,0
1995-08-27 18:45:00-04:00,524,-0.12699092631756445,18,6,1,-0.5187318767987419,-0.4634555463627475,-0.8407765845562741,-0.9321026957113953,0
1995-08-27 19:00:00-04:00,494,-0.19909048775581795,19,6,1,-0.7470471546865446,-0.5187318767987419,-0.6340911750999475,-0.8407765845562741,0
1995-08-27 19:15:00-04:00,371,-0.49469868965265734,19,6,1,-0.7230139675404601,-0.7470471546865446,-0.4634555463627475,-0.6340911750999475,0
1995-08-27 19:30:00-04:00,448,-0.3096431486278067,19,6,1,-0.7975168476933221,-0.7230139675404601,-0.5187318767987419,-0.4634555463627475,0
1995-08-27 19:45:00-04:00,355,-0.5331517890863925,19,6,1,-0.31685310477163203,-0.7975168476933221,-0.7470471546865446,-0.5187318767987419,0
1995-08-27 20:00:00-04:00,562,-0.03566481516244333,20,6,1,-0.35770952291997565,-0.31685310477163203,-0.7230139675404601,-0.7470471546865446,0
1995-08-27 20:15:00-04:00,550,-0.06450463973774473,20,6,1,-0.47306882122118127,-0.35770952291997565,-0.7975168476933221,-0.7230139675404601,0
1995-08-27 20:30:00-04:00,562,-0.03566481516244333,20,6,1,-0.5812181633785616,-0.47306882122118127,-0.31685310477163203,-0.7975168476933221,0
1995-08-27 20:45:00-04:00,611,0.08209780185337073,20,6,1,-0.4250024469290123,-0.5812181633785616,-0.35770952291997565,-0.31685310477163203,0
1995-08-27 21:00:00-04:00,428,-0.35770952291997565,21,6,1,-0.4586489089335306,-0.4250024469290123,-0.47306882122118127,-0.35770952291997565,0
1995-08-27 21:15:00-04:00,539,-0.09094114559843769,21,6,1,-0.5475717013740432,-0.4586489089335306,-0.5812181633785616,-0.47306882122118127,0
1995-08-27 21:30:00-04:00,620,0.10372767028484679,21,6,1,-0.31444978605702356,-0.5475717013740432,-0.4250024469290123,-0.5812181633785616,0
1995-08-27 21:45:00-04:00,511,-0.1582340696074743,21,6,1,-0.2495601807625954,-0.31444978605702356,-0.4586489089335306,-0.4250024469290123,0
1995-08-27 22:00:00-04:00,462,-0.27599668662328836,22,6,1,-0.7302239236842855,-0.2495601807625954,-0.5475717013740432,-0.4586489089335306,0
1995-08-27 22:15:00-04:00,533,-0.10536105788608839,22,6,1,-0.7134006926820263,-0.7302239236842855,-0.31444978605702356,-0.5475717013740432,0
1995-08-27 22:30:00-04:00,478,-0.23754358718955315,22,6,1,-0.5043119645110912,-0.7134006926820263,-0.2495601807625954,-0.31444978605702356,0
1995-08-27 22:45:00-04:00,473,-0.2495601807625954,22,6,1,-0.5139252393695249,-0.5043119645110912,-0.7302239236842855,-0.2495601807625954,0
1995-08-27 23:00:00-04:00,431,-0.3504995667761503,23,6,1,-0.5259418329425672,-0.5139252393695249,-0.7134006926820263,-0.7302239236842855,0
1995-08-27 23:15:00-04:00,417,-0.3841460287806686,23,6,1,-0.3889526662098855,-0.5259418329425672,-0.5043119645110912,-0.7134006926820263,0
1995-08-27 23:30:00-04:00,434,-0.343289610632325,23,6,1,-0.578814844663953,-0.3889526662098855,-0.5139252393695249,-0.5043119645110912,0
1995-08-27 23:45:00-04:00,398,-0.4298090843582292,23,6,1,-0.4971020083672658,-0.578814844663953,-0.5259418329425672,-0.5139252393695249,0
1995-08-28 00:00:00-04:00,404,-0.41538917207057846,0,0,0,-0.13420088246138978,-0.4971020083672658,-0.3889526662098855,-0.5259418329425672,0
1995-08-28 00:15:00-04:00,286,-0.6989807803943756,0,0,0,-0.6100579879538629,-0.13420088246138978,-0.578814844663953,-0.3889526662098855,0
1995-08-28 00:30:00-04:00,402,-0.4201958094997954,0,0,0,-0.2663834117648546,-0.6100579879538629,-0.4971020083672658,-0.578814844663953,0
1995-08-28 00:45:00-04:00,285,-0.701384099108984,0,0,0,-0.35290288549075877,-0.2663834117648546,-0.13420088246138978,-0.4971020083672658,0
1995-08-28 01:00:00-04:00,332,-0.5884281195223869,1,0,0,-0.6076546692392545,-0.35290288549075877,-0.6100579879538629,-0.13420088246138978,0
1995-08-28 01:15:00-04:00,218,-0.8624064529877502,1,0,0,-0.33607965448849964,-0.6076546692392545,-0.2663834117648546,-0.6100579879538629,0
1995-08-28 01:30:00-04:00,239,-0.8119367599809728,1,0,0,-0.45143895278970525,-0.33607965448849964,-0.35290288549075877,-0.2663834117648546,0
1995-08-28 01:45:00-04:00,316,-0.6268812189561221,1,0,0,-0.47306882122118127,-0.45143895278970525,-0.6076546692392545,-0.35290288549075877,0
1995-08-28 02:00:00-04:00,252,-0.780693616691063,2,0,0,-0.5499750200886517,-0.47306882122118127,-0.33607965448849964,-0.6076546692392545,0
1995-08-28 02:15:00-04:00,337,-0.5764115259493446,2,0,0,-0.6052513505246461,-0.5499750200886517,-0.45143895278970525,-0.33607965448849964,0
1995-08-28 02:30:00-04:00,343,-0.5619916136616939,2,0,0,-0.12699092631756445,-0.6052513505246461,-0.47306882122118127,-0.45143895278970525,0
1995-08-28 02:45:00-04:00,162,-0.9969923010058235,2,0,0,-0.19909048775581795,-0.12699092631756445,-0.5499750200886517,-0.47306882122118127,0
1995-08-28 03:00:00-04:00,293,-0.6821575493921165,3,0,0,-0.49469868965265734,-0.19909048775581795,-0.6052513505246461,-0.5499750200886517,0
1995-08-28 03:15:00-04:00,248,-0.7903068915494967,3,0,0,-0.3096431486278067,-0.49469868965265734,-0.12699092631756445,-0.6052513505246461,0
1995-08-28 03:30:00-04:00,292,-0.6845608681067249,3,0,0,-0.5331517890863925,-0.3096431486278067,-0.19909048775581795,-0.12699092631756445,0
1995-08-28 03:45:00-04:00,236,-0.8191467161247982,3,0,0,-0.03566481516244333,-0.5331517890863925,-0.49469868965265734,-0.19909048775581795,0
1995-08-28 04:00:00-04:00,210,-0.8816330027046179,4,0,0,-0.06450463973774473,-0.03566481516244333,-0.3096431486278067,-0.49469868965265734,0
1995-08-28 04:15:00-04:00,182,-0.9489259267136545,4,0,0,-0.03566481516244333,-0.06450463973774473,-0.5331517890863925,-0.3096431486278067,0
1995-08-28 04:30:00-04:00,194,-0.9200861021383531,4,0,0,0.08209780185337073,-0.03566481516244333,-0.03566481516244333,-0.5331517890863925,0
1995-08-28 04:45:00-04:00,178,-0.9585392015720883,4,0,0,-0.35770952291997565,0.08209780185337073,-0.06450463973774473,-0.03566481516244333,0
1995-08-28 05:00:00-04:00,183,-0.946522607999046,5,0,0,-0.09094114559843769,-0.35770952291997565,-0.03566481516244333,-0.06450463973774473,0
1995-08-28 05:15:00-04:00,255,-0.7734836605472376,5,0,0,0.10372767028484679,-0.09094114559843769,0.08209780185337073,-0.03566481516244333,0
1995-08-28 05:30:00-04:00,198,-0.9104728272799193,5,0,0,-0.1582340696074743,0.10372767028484679,-0.35770952291997565,0.08209780185337073,0
1995-08-28 05:45:00-04:00,236,-0.8191467161247982,5,0,0,-0.27599668662328836,-0.1582340696074743,-0.09094114559843769,-0.35770952291997565,0
1995-08-28 06:00:00-04:00,269,-0.7398371985427192,6,0,0,-0.10536105788608839,-0.27599668662328836,0.10372767028484679,-0.09094114559843769,0
1995-08-28 06:15:00-04:00,274,-0.727820604969677,6,0,0,-0.23754358718955315,-0.10536105788608839,-0.1582340696074743,0.10372767028484679,0
1995-08-28 06:30:00-04:00,277,-0.7206106488258517,6,0,0,-0.2495601807625954,-0.23754358718955315,-0.27599668662328836,-0.1582340696074743,0
1995-08-28 06:45:00-04:00,427,-0.3601128416345841,6,0,0,-0.3504995667761503,-0.2495601807625954,-0.10536105788608839,-0.27599668662328836,0
1995-08-28 07:00:00-04:00,419,-0.3793393913514517,7,0,0,-0.3841460287806686,-0.3504995667761503,-0.23754358718955315,-0.10536105788608839,0
1995-08-28 07:15:00-04:00,354,-0.535555107801001,7,0,0,-0.343289610632325,-0.3841460287806686,-0.2495601807625954,-0.23754358718955315,0
1995-08-28 07:30:00-04:00,377,-0.4802787773650066,7,0,0,-0.4298090843582292,-0.343289610632325,-0.3504995667761503,-0.2495601807625954,0
1995-08-28 07:45:00-04:00,526,-0.12218428888834754,7,0,0,-0.41538917207057846,-0.4298090843582292,-0.3841460287806686,-0.3504995667761503,0
1995-08-28 08:00:00-04:00,489,-0.2111070813288602,8,0,0,-0.6989807803943756,-0.41538917207057846,-0.343289610632325,-0.3841460287806686,0
1995-08-28 08:15:00-04:00,511,-0.1582340696074743,8,0,0,-0.4201958094997954,-0.6989807803943756,-0.4298090843582292,-0.343289610632325,0
1995-08-28 08:30:00-04:00,484,-0.22312367490190246,8,0,0,-0.701384099108984,-0.4201958094997954,-0.41538917207057846,-0.4298090843582292,0
1995-08-28 08:45:00-04:00,685,0.25994338673439604,8,0,0,-0.5884281195223869,-0.701384099108984,-0.6989807803943756,-0.41538917207057846,0
1995-08-28 09:00:00-04:00,494,-0.19909048775581795,9,0,0,-0.8624064529877502,-0.5884281195223869,-0.4201958094997954,-0.6989807803943756,1
1995-08-28 09:15:00-04:00,747,0.40894914704012,9,0,0,-0.8119367599809728,-0.8624064529877502,-0.701384099108984,-0.4201958094997954,1
1995-08-28 09:30:00-04:00,783,0.4954686207660242,9,0,0,-0.6268812189561221,-0.8119367599809728,-0.5884281195223869,-0.701384099108984,1
1995-08-28 09:45:00-04:00,926,0.8391431969550326,9,0,0,-0.780693616691063,-0.6268812189561221,-0.8624064529877502,-0.5884281195223869,1
1995-08-28 10:00:00-04:00,863,0.6877341179347002,10,0,0,-0.5764115259493446,-0.780693616691063,-0.8119367599809728,-0.8624064529877502,1
1995-08-28 10:15:00-04:00,600,0.05566129599267778,10,0,0,-0.5619916136616939,-0.5764115259493446,-0.6268812189561221,-0.8119367599809728,1
1995-08-28 10:30:00-04:00,691,0.27436329902204676,10,0,0,-0.9969923010058235,-0.5619916136616939,-0.780693616691063,-0.6268812189561221,1
1995-08-28 10:45:00-04:00,834,0.6180378752110551,10,0,0,-0.6821575493921165,-0.9969923010058235,-0.5764115259493446,-0.780693616691063,1
1995-08-28 11:00:00-04:00,747,0.40894914704012,11,0,0,-0.7903068915494967,-0.6821575493921165,-0.5619916136616939,-0.5764115259493446,1
1995-08-28 11:15:00-04:00,902,0.7814635478044297,11,0,0,-0.6845608681067249,-0.7903068915494967,-0.9969923010058235,-0.5619916136616939,1
1995-08-28 11:30:00-04:00,906,0.7910768226628636,11,0,0,-0.8191467161247982,-0.6845608681067249,-0.6821575493921165,-0.9969923010058235,1
1995-08-28 11:45:00-04:00,845,0.6444743810717481,11,0,0,-0.8816330027046179,-0.8191467161247982,-0.7903068915494967,-0.6821575493921165,1
1995-08-28 12:00:00-04:00,686,0.2623467054490045,12,0,0,-0.9489259267136545,-0.8816330027046179,-0.6845608681067249,-0.7903068915494967,1
1995-08-28 12:15:00-04:00,935,0.8607730653865087,12,0,0,-0.9200861021383531,-0.9489259267136545,-0.8191467161247982,-0.6845608681067249,1
1995-08-28 12:30:00-04:00,946,0.8872095712472016,12,0,0,-0.9585392015720883,-0.9200861021383531,-0.8816330027046179,-0.8191467161247982,1
1995-08-28 12:45:00-04:00,1113,1.2885637965868129,12,0,0,-0.946522607999046,-0.9585392015720883,-0.9489259267136545,-0.8816330027046179,1
1995-08-28 13:00:00-04:00,1161,1.4039230948880184,13,0,0,-0.7734836605472376,-0.946522607999046,-0.9200861021383531,-0.9489259267136545,1
1995-08-28 13:15:00-04:00,1002,1.0217954192652747,13,0,0,-0.9104728272799193,-0.7734836605472376,-0.9585392015720883,-0.9200861021383531,1
1995-08-28 13:30:00-04:00,831,0.6108279190672298,13,0,0,-0.8191467161247982,-0.9104728272799193,-0.946522607999046,-0.9585392015720883,1
1995-08-28 13:45:00-04:00,858,0.675717524361658,13,0,0,-0.7398371985427192,-0.8191467161247982,-0.7734836605472376,-0.946522607999046,1
1995-08-28 14:00:00-04:00,831,0.6108279190672298,14,0,0,-0.727820604969677,-0.7398371985427192,-0.9104728272799193,-0.7734836605472376,1
1995-08-28 14:15:00-04:00,851,0.6588942933593988,14,0,0,-0.7206106488258517,-0.727820604969677,-0.8191467161247982,-0.9104728272799193,1
1995-08-28 14:30:00-04:00,918,0.8199166472381649,14,0,0,-0.3601128416345841,-0.7206106488258517,-0.7398371985427192,-0.8191467161247982,1
1995-08-28 14:45:00-04:00,981,0.9713257262584973,14,0,0,-0.3793393913514517,-0.3601128416345841,-0.727820604969677,-0.7398371985427192,1
1995-08-28 15:00:00-04:00,1188,1.4688127001824465,15,0,0,-0.535555107801001,-0.3793393913514517,-0.7206106488258517,-0.727820604969677,1
1995-08-28 15:15:00-04:00,887,0.745413767085303,15,0,0,-0.4802787773650066,-0.535555107801001,-0.3601128416345841,-0.7206106488258517,1
1995-08-28 15:30:00-04:00,1120,1.305387027589072,15,0,0,-0.12218428888834754,-0.4802787773650066,-0.3793393913514517,-0.3601128416345841,1
1995-08-28 15:45:00-04:00,1257,1.6346416914904296,15,0,0,-0.2111070813288602,-0.12218428888834754,-0.535555107801001,-0.3793393913514517,1
1995-08-28 16:00:00-04:00,980,0.9689224075438889,16,0,0,-0.1582340696074743,-0.2111070813288602,-0.4802787773650066,-0.535555107801001,1
1995-08-28 16:15:00-04:00,1117,1.2981770714452465,16,0,0,-0.22312367490190246,-0.1582340696074743,-0.12218428888834754,-0.4802787773650066,1
1995-08-28 16:30:00-04:00,942,0.8775962963887678,16,0,0,0.25994338673439604,-0.22312367490190246,-0.2111070813288602,-0.12218428888834754,1
1995-08-28 16:45:00-04:00,794,0.5219051266267172,16,0,0,-0.19909048775581795,0.25994338673439604,-0.1582340696074743,-0.2111070813288602,1
1995-08-28 17:00:00-04:00,960,0.9208560332517199,17,0,0,0.40894914704012,-0.19909048775581795,-0.22312367490190246,-0.1582340696074743,1
1995-08-28 17:15:00-04:00,734,0.37770600375021013,17,0,0,0.4954686207660242,0.40894914704012,0.25994338673439604,-0.22312367490190246,1
1995-08-28 17:30:00-04:00,697,0.2887832113096975,17,0,0,0.8391431969550326,0.4954686207660242,-0.19909048775581795,0.25994338673439604,1
1995-08-28 17:45:00-04:00,622,0.1085343077140637,17,0,0,0.6877341179347002,0.8391431969550326,0.40894914704012,-0.19909048775581795,1
1995-08-28 18:00:00-04:00,560,-0.04047145259166023,18,0,0,0.05566129599267778,0.6877341179347002,0.4954686207660242,0.40894914704012,0
1995-08-28 18:15:00-04:00,590,0.03162810884659328,18,0,0,0.27436329902204676,0.05566129599267778,0.8391431969550326,0.4954686207660242,0
1995-08-28 18:30:00-04:00,551,-0.062101321023136286,18,0,0,0.6180378752110551,0.27436329902204676,0.6877341179347002,0.8391431969550326,0
1995-08-28 18:45:00-04:00,487,-0.2159137187580771,18,0,0,0.40894914704012,0.6180378752110551,0.05566129599267778,0.6877341179347002,0
1995-08-28 19:00:00-04:00,465,-0.268786730479463,19,0,0,0.7814635478044297,0.40894914704012,0.27436329902204676,0.05566129599267778,0
1995-08-28 19:15:00-04:00,450,-0.3048365111985898,19,0,0,0.7910768226628636,0.7814635478044297,0.6180378752110551,0.27436329902204676,0
1995-08-28 19:30:00-04:00,530,-0.11257101402991374,19,0,0,0.6444743810717481,0.7910768226628636,0.40894914704012,0.6180378752110551,0
1995-08-28 19:45:00-04:00,449,-0.3072398299131982,19,0,0,0.2623467054490045,0.6444743810717481,0.7814635478044297,0.40894914704012,0
1995-08-28 20:00:00-04:00,446,-0.31444978605702356,20,0,0,0.8607730653865087,0.2623467054490045,0.7910768226628636,0.7814635478044297,0
1995-08-28 20:15:00-04:00,511,-0.1582340696074743,20,0,0,0.8872095712472016,0.8607730653865087,0.6444743810717481,0.7910768226628636,0
1995-08-28 20:30:00-04:00,541,-0.08613450816922079,20,0,0,1.2885637965868129,0.8872095712472016,0.2623467054490045,0.6444743810717481,0
1995-08-28 20:45:00-04:00,529,-0.11497433274452219,20,0,0,1.4039230948880184,1.2885637965868129,0.8607730653865087,0.2623467054490045,0
1995-08-28 21:00:00-04:00,576,-0.002018353157925025,21,0,0,1.0217954192652747,1.4039230948880184,0.8872095712472016,0.8607730653865087,0
1995-08-28 21:15:00-04:00,630,0.1277608574309313,21,0,0,0.6108279190672298,1.0217954192652747,1.2885637965868129,0.8872095712472016,0
1995-08-28 21:30:00-04:00,567,-0.023648221589401077,21,0,0,0.675717524361658,0.6108279190672298,1.4039230948880184,1.2885637965868129,0
1995-08-28 21:45:00-04:00,466,-0.2663834117648546,21,0,0,0.6108279190672298,0.675717524361658,1.0217954192652747,1.4039230948880184,0
1995-08-28 22:00:00-04:00,528,-0.11737765145913064,22,0,0,0.6588942933593988,0.6108279190672298,0.6108279190672298,1.0217954192652747,0
1995-08-28 22:15:00-04:00,539,-0.09094114559843769,22,0,0,0.8199166472381649,0.6588942933593988,0.675717524361658,0.6108279190672298,0
1995-08-28 22:30:00-04:00,416,-0.3865493474952771,22,0,0,0.9713257262584973,0.8199166472381649,0.6108279190672298,0.675717524361658,0
1995-08-28 22:45:00-04:00,517,-0.14381415731982358,22,0,0,1.4688127001824465,0.9713257262584973,0.6588942933593988,0.6108279190672298,0
1995-08-28 23:00:00-04:00,607,0.07248452699493693,23,0,0,0.745413767085303,1.4688127001824465,0.8199166472381649,0.6588942933593988,0
1995-08-28 23:15:00-04:00,455,-0.2928199176255475,23,0,0,1.305387027589072,0.745413767085303,0.9713257262584973,0.8199166472381649,0
1995-08-28 23:30:00-04:00,453,-0.29762655505476443,23,0,0,1.6346416914904296,1.305387027589072,1.4688127001824465,0.9713257262584973,0
1995-08-28 23:45:00-04:00,511,-0.1582340696074743,23,0,0,0.9689224075438889,1.6346416914904296,0.745413767085303,1.4688127001824465,0
1995-08-29 00:00:00-04:00,348,-0.5499750200886517,0,1,0,1.2981770714452465,0.9689224075438889,1.305387027589072,0.745413767085303,0
1995-08-29 00:15:00-04:00,434,-0.343289610632325,0,1,0,0.8775962963887678,1.2981770714452465,1.6346416914904296,1.305387027589072,0
1995-08-29 00:30:00-04:00,442,-0.3240630609154574,0,1,0,0.5219051266267172,0.8775962963887678,0.9689224075438889,1.6346416914904296,0
1995-08-29 00:45:00-04:00,360,-0.5211351955133503,0,1,0,0.9208560332517199,0.5219051266267172,1.2981770714452465,0.9689224075438889,0
1995-08-29 01:00:00-04:00,349,-0.5475717013740432,1,1,0,0.37770600375021013,0.9208560332517199,0.8775962963887678,1.2981770714452465,0
1995-08-29 01:15:00-04:00,473,-0.2495601807625954,1,1,0,0.2887832113096975,0.37770600375021013,0.5219051266267172,0.8775962963887678,0
1995-08-29 01:30:00-04:00,366,-0.5067152832256996,1,1,0,0.1085343077140637,0.2887832113096975,0.9208560332517199,0.5219051266267172,0
1995-08-29 01:45:00-04:00,416,-0.3865493474952771,1,1,0,-0.04047145259166023,0.1085343077140637,0.37770600375021013,0.9208560332517199,0
1995-08-29 02:00:00-04:00,271,-0.7350305611135024,2,1,0,0.03162810884659328,-0.04047145259166023,0.2887832113096975,0.37770600375021013,0
1995-08-29 02:15:00-04:00,244,-0.7999201664079305,2,1,0,-0.062101321023136286,0.03162810884659328,0.1085343077140637,0.2887832113096975,0
1995-08-29 02:30:00-04:00,212,-0.8768263652754009,2,1,0,-0.2159137187580771,-0.062101321023136286,-0.04047145259166023,0.1085343077140637,0
1995-08-29 02:45:00-04:00,173,-0.9705557951451305,2,1,0,-0.268786730479463,-0.2159137187580771,0.03162810884659328,-0.04047145259166023,0
1995-08-29 03:00:00-04:00,272,-0.7326272423988939,3,1,0,-0.3048365111985898,-0.268786730479463,-0.062101321023136286,0.03162810884659328,0
1995-08-29 03:15:00-04:00,292,-0.6845608681067249,3,1,0,-0.11257101402991374,-0.3048365111985898,-0.2159137187580771,-0.062101321023136286,0
1995-08-29 03:30:00-04:00,329,-0.5956380756662123,3,1,0,-0.3072398299131982,-0.11257101402991374,-0.268786730479463,-0.2159137187580771,0
1995-08-29 03:45:00-04:00,314,-0.631687856385339,3,1,0,-0.31444978605702356,-0.3072398299131982,-0.3048365111985898,-0.268786730479463,0
1995-08-29 04:00:00-04:00,307,-0.6485110873875981,4,1,0,-0.1582340696074743,-0.31444978605702356,-0.11257101402991374,-0.3048365111985898,0
1995-08-29 04:15:00-04:00,261,-0.7590637482595869,4,1,0,-0.08613450816922079,-0.1582340696074743,-0.3072398299131982,-0.11257101402991374,0
1995-08-29 04:30:00-04:00,207,-0.8888429588484432,4,1,0,-0.11497433274452219,-0.08613450816922079,-0.31444978605702356,-0.3072398299131982,0
1995-08-29 04:45:00-04:00,314,-0.631687856385339,4,1,0,-0.002018353157925025,-0.11497433274452219,-0.1582340696074743,-0.31444978605702356,0
1995-08-29 05:00:00-04:00,376,-0.4826820960796151,5,1,0,0.1277608574309313,-0.002018353157925025,-0.08613450816922079,-0.1582340696074743,0
1995-08-29 05:15:00-04:00,354,-0.535555107801001,5,1,0,-0.023648221589401077,0.1277608574309313,-0.11497433274452219,-0.08613450816922079,0
1995-08-29 05:30:00-04:00,322,-0.6124613066684714,5,1,0,-0.2663834117648546,-0.023648221589401077,-0.002018353157925025,-0.11497433274452219,0
1995-08-29 05:45:00-04:00,272,-0.7326272423988939,5,1,0,-0.11737765145913064,-0.2663834117648546,0.1277608574309313,-0.002018353157925025,0
1995-08-29 06:00:00-04:00,385,-0.461052227648139,6,1,0,-0.09094114559843769,-0.11737765145913064,-0.023648221589401077,0.1277608574309313,0
1995-08-29 06:15:00-04:00,339,-0.5716048885201277,6,1,0,-0.3865493474952771,-0.09094114559843769,-0.2663834117648546,-0.023648221589401077,0
1995-08-29 06:30:00-04:00,365,-0.509118601940308,6,1,0,-0.14381415731982358,-0.3865493474952771,-0.11737765145913064,-0.2663834117648546,0
1995-08-29 06:45:00-04:00,306,-0.6509144061022066,6,1,0,0.07248452699493693,-0.14381415731982358,-0.09094114559843769,-0.11737765145913064,0
1995-08-29 07:00:00-04:00,431,-0.3504995667761503,7,1,0,-0.2928199176255475,0.07248452699493693,-0.3865493474952771,-0.09094114559843769,0
1995-08-29 07:15:00-04:00,429,-0.35530620420536724,7,1,0,-0.29762655505476443,-0.2928199176255475,-0.14381415731982358,-0.3865493474952771,0
1995-08-29 07:30:00-04:00,677,0.24071683701752847,7,1,0,-0.1582340696074743,-0.29762655505476443,0.07248452699493693,-0.14381415731982358,0
1995-08-29 07:45:00-04:00,665,0.21187701244222706,7,1,0,-0.5499750200886517,-0.1582340696074743,-0.2928199176255475,0.07248452699493693,0
1995-08-29 08:00:00-04:00,646,0.1662139568646665,8,1,0,-0.343289610632325,-0.5499750200886517,-0.29762655505476443,-0.2928199176255475,0
1995-08-29 08:15:00-04:00,709,0.31762303588499885,8,1,0,-0.3240630609154574,-0.343289610632325,-0.1582340696074743,-0.29762655505476443,0
1995-08-29 08:30:00-04:00,652,0.1806338691523172,8,1,0,-0.5211351955133503,-0.3240630609154574,-0.5499750200886517,-0.1582340696074743,0
1995-08-29 08:45:00-04:00,634,0.1373741322893651,8,1,0,-0.5475717013740432,-0.5211351955133503,-0.343289610632325,-0.5499750200886517,0
1995-08-29 09:00:00-04:00,676,0.23831351830292,9,1,0,-0.2495601807625954,-0.5475717013740432,-0.3240630609154574,-0.343289610632325,1
1995-08-29 09:15:00-04:00,791,0.5146951704828918,9,1,0,-0.5067152832256996,-0.2495601807625954,-0.5211351955133503,-0.3240630609154574,1
1995-08-29 09:30:00-04:00,638,0.1469874071477989,9,1,0,-0.3865493474952771,-0.5067152832256996,-0.5475717013740432,-0.5211351955133503,1
1995-08-29 09:45:00-04:00,921,0.8271266033819903,9,1,0,-0.7350305611135024,-0.3865493474952771,-0.2495601807625954,-0.5475717013740432,1
1995-08-29 10:00:00-04:00,940,0.8727896589595509,10,1,0,-0.7999201664079305,-0.7350305611135024,-0.5067152832256996,-0.2495601807625954,1
1995-08-29 10:15:00-04:00,929,0.846353153098858,10,1,0,-0.8768263652754009,-0.7999201664079305,-0.3865493474952771,-0.5067152832256996,1
1995-08-29 10:30:00-04:00,1029,1.086685024559703,10,1,0,-0.9705557951451305,-0.8768263652754009,-0.7350305611135024,-0.3865493474952771,1
1995-08-29 10:45:00-04:00,1118,1.300580390159855,10,1,0,-0.7326272423988939,-0.9705557951451305,-0.7999201664079305,-0.7350305611135024,1
1995-08-29 11:00:00-04:00,868,0.6997507115077425,11,1,0,-0.6845608681067249,-0.7326272423988939,-0.8768263652754009,-0.7999201664079305,1
1995-08-29 11:15:00-04:00,1012,1.0458286064113593,11,1,0,-0.5956380756662123,-0.6845608681067249,-0.9705557951451305,-0.8768263652754009,1
1995-08-29 11:30:00-04:00,1087,1.2260775100069932,11,1,0,-0.631687856385339,-0.5956380756662123,-0.7326272423988939,-0.9705557951451305,1
1995-08-29 11:45:00-04:00,1310,1.7620175833646774,11,1,0,-0.6485110873875981,-0.631687856385339,-0.6845608681067249,-0.7326272423988939,1
1995-08-29 12:00:00-04:00,1069,1.182817773144041,12,1,0,-0.7590637482595869,-0.6485110873875981,-0.5956380756662123,-0.6845608681067249,1
1995-08-29 12:15:00-04:00,1231,1.57215540491061,12,1,0,-0.8888429588484432,-0.7590637482595869,-0.631687856385339,-0.5956380756662123,1
1995-08-29 12:30:00-04:00,1211,1.524089030618441,12,1,0,-0.631687856385339,-0.8888429588484432,-0.6485110873875981,-0.631687856385339,1
1995-08-29 12:45:00-04:00,1356,1.8725702442366663,12,1,0,-0.4826820960796151,-0.631687856385339,-0.7590637482595869,-0.6485110873875981,1
1995-08-29 13:00:00-04:00,1155,1.3895031826003676,13,1,0,-0.535555107801001,-0.4826820960796151,-0.8888429588484432,-0.7590637482595869,1
1995-08-29 13:15:00-04:00,1144,1.3630666767396749,13,1,0,-0.6124613066684714,-0.535555107801001,-0.631687856385339,-0.8888429588484432,1
1995-08-29 13:30:00-04:00,1248,1.6130118230589536,13,1,0,-0.7326272423988939,-0.6124613066684714,-0.4826820960796151,-0.631687856385339,1
1995-08-29 13:45:00-04:00,1474,2.1561618525604636,13,1,0,-0.461052227648139,-0.7326272423988939,-0.535555107801001,-0.4826820960796151,1
1995-08-29 14:00:00-04:00,1201,1.5000558434723563,14,1,0,-0.5716048885201277,-0.461052227648139,-0.6124613066684714,-0.535555107801001,1
1995-08-29 14:15:00-04:00,1235,1.5817686797690438,14,1,0,-0.509118601940308,-0.5716048885201277,-0.7326272423988939,-0.6124613066684714,1
1995-08-29 14:30:00-04:00,1128,1.3246135773059395,14,1,0,-0.6509144061022066,-0.509118601940308,-0.461052227648139,-0.7326272423988939,1
1995-08-29 14:45:00-04:00,1277,1.6827080657825986,14,1,0,-0.3504995667761503,-0.6509144061022066,-0.5716048885201277,-0.461052227648139,1
1995-08-29 15:00:00-04:00,1205,1.5096691183307902,15,1,0,-0.35530620420536724,-0.3504995667761503,-0.509118601940308,-0.5716048885201277,1
1995-08-29 15:15:00-04:00,1457,2.11530543441212,15,1,0,0.24071683701752847,-0.35530620420536724,-0.6509144061022066,-0.509118601940308,1
1995-08-29 15:30:00-04:00,1375,1.9182332998142269,15,1,0,0.21187701244222706,0.24071683701752847,-0.3504995667761503,-0.6509144061022066,1
1995-08-29 15:45:00-04:00,1570,2.3868804491628746,15,1,0,0.1662139568646665,0.21187701244222706,-0.35530620420536724,-0.3504995667761503,1
1995-08-29 16:00:00-04:00,1152,1.3822932264565424,16,1,0,0.31762303588499885,0.1662139568646665,0.24071683701752847,-0.35530620420536724,1
1995-08-29 16:15:00-04:00,1081,1.2116575977193424,16,1,0,0.1806338691523172,0.31762303588499885,0.21187701244222706,0.24071683701752847,1
1995-08-29 16:30:00-04:00,1108,1.2765472030137706,16,1,0,0.1373741322893651,0.1806338691523172,0.1662139568646665,0.21187701244222706,1
1995-08-29 16:45:00-04:00,928,0.8439498343842495,16,1,0,0.23831351830292,0.1373741322893651,0.31762303588499885,0.1662139568646665,1
1995-08-29 17:00:00-04:00,984,0.9785356824023227,17,1,0,0.5146951704828918,0.23831351830292,0.1806338691523172,0.31762303588499885,1
1995-08-29 17:15:00-04:00,849,0.6540876559301819,17,1,0,0.1469874071477989,0.5146951704828918,0.1373741322893651,0.1806338691523172,1
1995-08-29 17:30:00-04:00,732,0.37289936632099324,17,1,0,0.8271266033819903,0.1469874071477989,0.23831351830292,0.1373741322893651,1
1995-08-29 17:45:00-04:00,800,0.5363250389143679,17,1,0,0.8727896589595509,0.8271266033819903,0.5146951704828918,0.23831351830292,1
1995-08-29 18:00:00-04:00,802,0.5411316763435847,18,1,0,0.846353153098858,0.8727896589595509,0.1469874071477989,0.5146951704828918,0
1995-08-29 18:15:00-04:00,659,0.19745710015457635,18,1,0,1.086685024559703,0.846353153098858,0.8271266033819903,0.1469874071477989,0
1995-08-29 18:30:00-04:00,615,0.09171107671180453,18,1,0,1.300580390159855,1.086685024559703,0.8727896589595509,0.8271266033819903,0
1995-08-29 18:45:00-04:00,691,0.27436329902204676,18,1,0,0.6997507115077425,1.300580390159855,0.846353153098858,0.8727896589595509,0
1995-08-29 19:00:00-04:00,704,0.3056064423119566,19,1,0,1.0458286064113593,0.6997507115077425,1.086685024559703,0.846353153098858,0
1995-08-29 19:15:00-04:00,541,-0.08613450816922079,19,1,0,1.2260775100069932,1.0458286064113593,1.300580390159855,1.086685024559703,0
1995-08-29 19:30:00-04:00,473,-0.2495601807625954,19,1,0,1.7620175833646774,1.2260775100069932,0.6997507115077425,1.300580390159855,0
1995-08-29 19:45:00-04:00,450,-0.3048365111985898,19,1,0,1.182817773144041,1.7620175833646774,1.0458286064113593,0.6997507115077425,0
1995-08-29 20:00:00-04:00,518,-0.14141083860521514,20,1,0,1.57215540491061,1.182817773144041,1.2260775100069932,1.0458286064113593,0
1995-08-29 20:15:00-04:00,685,0.25994338673439604,20,1,0,1.524089030618441,1.57215540491061,1.7620175833646774,1.2260775100069932,0
1995-08-29 20:30:00-04:00,612,0.08450112056797919,20,1,0,1.8725702442366663,1.524089030618441,1.182817773144041,1.7620175833646774,0
1995-08-29 20:45:00-04:00,596,0.04604802113424398,20,1,0,1.3895031826003676,1.8725702442366663,1.57215540491061,1.182817773144041,0
1995-08-29 21:00:00-04:00,717,0.33684958560186645,21,1,0,1.3630666767396749,1.3895031826003676,1.524089030618441,1.57215540491061,0
1995-08-29 21:15:00-04:00,663,0.20707037501301015,21,1,0,1.6130118230589536,1.3630666767396749,1.8725702442366663,1.524089030618441,0
1995-08-29 21:30:00-04:00,773,0.47143543361993967,21,1,0,2.1561618525604636,1.6130118230589536,1.3895031826003676,1.8725702442366663,0
1995-08-29 21:45:00-04:00,633,0.13497081357475665,21,1,0,1.5000558434723563,2.1561618525604636,1.3630666767396749,1.3895031826003676,0
1995-08-29 22:00:00-04:00,506,-0.17025066318051654,22,1,0,1.5817686797690438,1.5000558434723563,1.6130118230589536,1.3630666767396749,0
1995-08-29 22:15:00-04:00,549,-0.06690795845235319,22,1,0,1.3246135773059395,1.5817686797690438,2.1561618525604636,1.6130118230589536,0
1995-08-29 22:30:00-04:00,643,0.15900400072084114,22,1,0,1.6827080657825986,1.3246135773059395,1.5000558434723563,2.1561618525604636,0
1995-08-29 22:45:00-04:00,527,-0.11978097017373909,22,1,0,1.5096691183307902,1.6827080657825986,1.5817686797690438,1.5000558434723563,0
1995-08-29 23:00:00-04:00,752,0.4209657406131622,23,1,0,2.11530543441212,1.5096691183307902,1.3246135773059395,1.5817686797690438,0
1995-08-29 23:15:00-04:00,490,-0.20870376261425175,23,1,0,1.9182332998142269,2.11530543441212,1.6827080657825986,1.3246135773059395,0
1995-08-29 23:30:00-04:00,647,0.16861727557927494,23,1,0,2.3868804491628746,1.9182332998142269,1.5096691183307902,1.6827080657825986,0
1995-08-29 23:45:00-04:00,507,-0.1678473444659081,23,1,0,1.3822932264565424,2.3868804491628746,2.11530543441212,1.5096691183307902,0
1995-08-30 00:00:00-04:00,522,-0.13179756374678134,0,2,0,1.2116575977193424,1.3822932264565424,1.9182332998142269,2.11530543441212,0
1995-08-30 00:15:00-04:00,559,-0.04287477130626868,0,2,0,1.2765472030137706,1.2116575977193424,2.3868804491628746,1.9182332998142269,0
1995-08-30 00:30:00-04:00,554,-0.054891364879310935,0,2,0,0.8439498343842495,1.2765472030137706,1.3822932264565424,2.3868804491628746,0
1995-08-30 00:45:00-04:00,350,-0.5451683826594348,0,2,0,0.9785356824023227,0.8439498343842495,1.2116575977193424,1.3822932264565424,0
1995-08-30 01:00:00-04:00,286,-0.6989807803943756,1,2,0,0.6540876559301819,0.9785356824023227,1.2765472030137706,1.2116575977193424,0
1995-08-30 01:15:00-04:00,242,-0.8047268038371475,1,2,0,0.37289936632099324,0.6540876559301819,0.8439498343842495,1.2765472030137706,0
1995-08-30 01:30:00-04:00,285,-0.701384099108984,1,2,0,0.5363250389143679,0.37289936632099324,0.9785356824023227,0.8439498343842495,0
1995-08-30 01:45:00-04:00,305,-0.653317724816815,1,2,0,0.5411316763435847,0.5363250389143679,0.6540876559301819,0.9785356824023227,0
1995-08-30 02:00:00-04:00,403,-0.41779249078518693,2,2,0,0.19745710015457635,0.5411316763435847,0.37289936632099324,0.6540876559301819,0
1995-08-30 02:15:00-04:00,318,-0.6220745815269052,2,2,0,0.09171107671180453,0.19745710015457635,0.5363250389143679,0.37289936632099324,0
1995-08-30 02:30:00-04:00,279,-0.7158040113966347,2,2,0,0.27436329902204676,0.09171107671180453,0.5411316763435847,0.5363250389143679,0
1995-08-30 02:45:00-04:00,366,-0.5067152832256996,2,2,0,0.3056064423119566,0.27436329902204676,0.19745710015457635,0.5411316763435847,0
1995-08-30 03:00:00-04:00,245,-0.7975168476933221,3,2,0,-0.08613450816922079,0.3056064423119566,0.09171107671180453,0.19745710015457635,0
1995-08-30 03:15:00-04:00,226,-0.8431799032708827,3,2,0,-0.2495601807625954,-0.08613450816922079,0.27436329902204676,0.09171107671180453,0
1995-08-30 03:30:00-04:00,392,-0.4442289966458799,3,2,0,-0.3048365111985898,-0.2495601807625954,0.3056064423119566,0.27436329902204676,0
1995-08-30 03:45:00-04:00,337,-0.5764115259493446,3,2,0,-0.14141083860521514,-0.3048365111985898,-0.08613450816922079,0.3056064423119566,0
1995-08-30 04:00:00-04:00,389,-0.45143895278970525,4,2,0,0.25994338673439604,-0.14141083860521514,-0.2495601807625954,-0.08613450816922079,0
1995-08-30 04:15:00-04:00,312,-0.6364944938145559,4,2,0,0.08450112056797919,0.25994338673439604,-0.3048365111985898,-0.2495601807625954,0
1995-08-30 04:30:00-04:00,295,-0.6773509119628995,4,2,0,0.04604802113424398,0.08450112056797919,-0.14141083860521514,-0.3048365111985898,0
1995-08-30 04:45:00-04:00,361,-0.5187318767987419,4,2,0,0.33684958560186645,0.04604802113424398,0.25994338673439604,-0.14141083860521514,0
1995-08-30 05:00:00-04:00,366,-0.5067152832256996,5,2,0,0.20707037501301015,0.33684958560186645,0.08450112056797919,0.25994338673439604,0
1995-08-30 05:15:00-04:00,244,-0.7999201664079305,5,2,0,0.47143543361993967,0.20707037501301015,0.04604802113424398,0.08450112056797919,0
1995-08-30 05:30:00-04:00,293,-0.6821575493921165,5,2,0,0.13497081357475665,0.47143543361993967,0.33684958560186645,0.04604802113424398,0
1995-08-30 05:45:00-04:00,257,-0.7686770231180207,5,2,0,-0.17025066318051654,0.13497081357475665,0.20707037501301015,0.33684958560186645,0
1995-08-30 06:00:00-04:00,291,-0.6869641868213333,6,2,0,-0.06690795845235319,-0.17025066318051654,0.47143543361993967,0.20707037501301015,0
1995-08-30 06:15:00-04:00,387,-0.45624559021892214,6,2,0,0.15900400072084114,-0.06690795845235319,0.13497081357475665,0.47143543361993967,0
1995-08-30 06:30:00-04:00,379,-0.47547213993578974,6,2,0,-0.11978097017373909,0.15900400072084114,-0.17025066318051654,0.13497081357475665,0
1995-08-30 06:45:00-04:00,479,-0.2351402684749447,6,2,0,0.4209657406131622,-0.11978097017373909,-0.06690795845235319,-0.17025066318051654,0
1995-08-30 07:00:00-04:00,437,-0.33607965448849964,7,2,0,-0.20870376261425175,0.4209657406131622,0.15900400072084114,-0.06690795845235319,0
1995-08-30 07:15:00-04:00,528,-0.11737765145913064,7,2,0,0.16861727557927494,-0.20870376261425175,-0.11978097017373909,0.15900400072084114,0
1995-08-30 07:30:00-04:00,583,0.014804877844334126,7,2,0,-0.1678473444659081,0.16861727557927494,0.4209657406131622,-0.11978097017373909,0
1995-08-30 07:45:00-04:00,810,0.5603582260604524,7,2,0,-0.13179756374678134,-0.1678473444659081,-0.20870376261425175,0.4209657406131622,0
1995-08-30 08:00:00-04:00,922,0.8295299220965988,8,2,0,-0.04287477130626868,-0.13179756374678134,0.16861727557927494,-0.20870376261425175,0
1995-08-30 08:15:00-04:00,889,0.7502204045145199,8,2,0,-0.054891364879310935,-0.04287477130626868,-0.1678473444659081,0.16861727557927494,0
1995-08-30 08:30:00-04:00,1004,1.0266020566944918,8,2,0,-0.5451683826594348,-0.054891364879310935,-0.13179756374678134,-0.1678473444659081,0
1995-08-30 08:45:00-04:00,1121,1.3077903463036804,8,2,0,-0.6989807803943756,-0.5451683826594348,-0.04287477130626868,-0.13179756374678134,0
1995-08-30 09:00:00-04:00,968,0.9400825829685875,9,2,0,-0.8047268038371475,-0.6989807803943756,-0.054891364879310935,-0.04287477130626868,1
1995-08-30 09:15:00-04:00,1094,1.2429007410092523,9,2,0,-0.701384099108984,-0.8047268038371475,-0.5451683826594348,-0.054891364879310935,1
1995-08-30 09:30:00-04:00,1174,1.4351662381779282,9,2,0,-0.653317724816815,-0.701384099108984,-0.6989807803943756,-0.5451683826594348,1
1995-08-30 09:45:00-04:00,1222,1.550525536479134,9,2,0,-0.41779249078518693,-0.653317724816815,-0.8047268038371475,-0.6989807803943756,1
1995-08-30 10:00:00-04:00,1170,1.4255529633194945,10,2,0,-0.6220745815269052,-0.41779249078518693,-0.701384099108984,-0.8047268038371475,1
1995-08-30 10:15:00-04:00,1088,1.2284808287216016,10,2,0,-0.7158040113966347,-0.6220745815269052,-0.653317724816815,-0.701384099108984,1
1995-08-30 10:30:00-04:00,1269,1.663481516065731,10,2,0,-0.5067152832256996,-0.7158040113966347,-0.41779249078518693,-0.653317724816815,1
1995-08-30 10:45:00-04:00,1387,1.947073124389528,10,2,0,-0.7975168476933221,-0.5067152832256996,-0.6220745815269052,-0.41779249078518693,1
1995-08-30 11:00:00-04:00,1519,2.264311194717844,11,2,0,-0.8431799032708827,-0.7975168476933221,-0.7158040113966347,-0.6220745815269052,1
1995-08-30 11:15:00-04:00,1211,1.524089030618441,11,2,0,-0.4442289966458799,-0.8431799032708827,-0.5067152832256996,-0.7158040113966347,1
1995-08-30 11:30:00-04:00,1025,1.0770717497012692,11,2,0,-0.5764115259493446,-0.4442289966458799,-0.7975168476933221,-0.5067152832256996,1
1995-08-30 11:45:00-04:00,1004,1.0266020566944918,11,2,0,-0.45143895278970525,-0.5764115259493446,-0.8431799032708827,-0.7975168476933221,1
1995-08-30 12:00:00-04:00,1237,1.5865753171982606,12,2,0,-0.6364944938145559,-0.45143895278970525,-0.4442289966458799,-0.8431799032708827,1
1995-08-30 12:15:00-04:00,1067,1.178011135714824,12,2,0,-0.6773509119628995,-0.6364944938145559,-0.5764115259493446,-0.4442289966458799,1
1995-08-30 12:30:00-04:00,965,0.9328726268247621,12,2,0,-0.5187318767987419,-0.6773509119628995,-0.45143895278970525,-0.5764115259493446,1
1995-08-30 12:45:00-04:00,1132,1.3342268521643734,12,2,0,-0.5067152832256996,-0.5187318767987419,-0.6364944938145559,-0.45143895278970525,1
1995-08-30 13:00:00-04:00,1319,1.7836474517961536,13,2,0,-0.7999201664079305,-0.5067152832256996,-0.6773509119628995,-0.6364944938145559,1
1995-08-30 13:15:00-04:00,1402,1.983122905108655,13,2,0,-0.6821575493921165,-0.7999201664079305,-0.5187318767987419,-0.6773509119628995,1
1995-08-30 13:30:00-04:00,1198,1.492845887328531,13,2,0,-0.7686770231180207,-0.6821575493921165,-0.5067152832256996,-0.5187318767987419,1
1995-08-30 13:45:00-04:00,1285,1.7019346154994663,13,2,0,-0.6869641868213333,-0.7686770231180207,-0.7999201664079305,-0.5067152832256996,1
1995-08-30 14:00:00-04:00,1178,1.444779513036362,14,2,0,-0.45624559021892214,-0.6869641868213333,-0.6821575493921165,-0.7999201664079305,1
1995-08-30 14:15:00-04:00,1255,1.6298350540612128,14,2,0,-0.47547213993578974,-0.45624559021892214,-0.7686770231180207,-0.6821575493921165,1
1995-08-30 14:30:00-04:00,1264,1.6514649224926887,14,2,0,-0.2351402684749447,-0.47547213993578974,-0.6869641868213333,-0.7686770231180207,1
1995-08-30 14:45:00-04:00,1526,2.281134425720103,14,2,0,-0.33607965448849964,-0.2351402684749447,-0.45624559021892214,-0.6869641868213333,1
1995-08-30 15:00:00-04:00,1431,2.0528191478323,15,2,0,-0.11737765145913064,-0.33607965448849964,-0.47547213993578974,-0.45624559021892214,1
1995-08-30 15:15:00-04:00,1614,2.4926264726056466,15,2,0,0.014804877844334126,-0.11737765145913064,-0.2351402684749447,-0.47547213993578974,1
1995-08-30 15:30:00-04:00,1494,2.2042282268526323,15,2,0,0.5603582260604524,0.014804877844334126,-0.33607965448849964,-0.2351402684749447,1
1995-08-30 15:45:00-04:00,1380,1.930249893387269,15,2,0,0.8295299220965988,0.5603582260604524,-0.11737765145913064,-0.33607965448849964,1
1995-08-30 16:00:00-04:00,1360,1.8821835190951,16,2,0,0.7502204045145199,0.8295299220965988,0.014804877844334126,-0.11737765145913064,1
1995-08-30 16:15:00-04:00,1279,1.6875147032118156,16,2,0,1.0266020566944918,0.7502204045145199,0.5603582260604524,0.014804877844334126,1
1995-08-30 16:30:00-04:00,1190,1.4736193376116635,16,2,0,1.3077903463036804,1.0266020566944918,0.8295299220965988,0.5603582260604524,1
1995-08-30 16:45:00-04:00,1429,2.0480125104030833,16,2,0,0.9400825829685875,1.3077903463036804,0.7502204045145199,0.8295299220965988,1
1995-08-30 17:00:00-04:00,1194,1.4832326124700972,17,2,0,1.2429007410092523,0.9400825829685875,1.0266020566944918,0.7502204045145199,1
1995-08-30 17:15:00-04:00,941,0.8751929776741594,17,2,0,1.4351662381779282,1.2429007410092523,1.3077903463036804,1.0266020566944918,1
1995-08-30 17:30:00-04:00,1110,1.2813538404429874,17,2,0,1.550525536479134,1.4351662381779282,0.9400825829685875,1.3077903463036804,1
1995-08-30 17:45:00-04:00,1182,1.4543927878947958,17,2,0,1.4255529633194945,1.550525536479134,1.2429007410092523,0.9400825829685875,1
1995-08-30 18:00:00-04:00,834,0.6180378752110551,18,2,0,1.2284808287216016,1.4255529633194945,1.4351662381779282,1.2429007410092523,0
1995-08-30 18:15:00-04:00,679,0.24552347444674535,18,2,0,1.663481516065731,1.2284808287216016,1.550525536479134,1.4351662381779282,0
1995-08-30 18:30:00-04:00,737,0.3849159598940355,18,2,0,1.947073124389528,1.663481516065731,1.4255529633194945,1.550525536479134,0
1995-08-30 18:45:00-04:00,713,0.3272363107434327,18,2,0,2.264311194717844,1.947073124389528,1.2284808287216016,1.4255529633194945,0
1995-08-30 19:00:00-04:00,780,0.48825866462219886,19,2,0,1.524089030618441,2.264311194717844,1.663481516065731,1.2284808287216016,0
1995-08-30 19:15:00-04:00,787,0.505081895624458,19,2,0,1.0770717497012692,1.524089030618441,1.947073124389528,1.663481516065731,0
1995-08-30 19:30:00-04:00,821,0.5867947319211453,19,2,0,1.0266020566944918,1.0770717497012692,2.264311194717844,1.947073124389528,0
1995-08-30 19:45:00-04:00,773,0.47143543361993967,19,2,0,1.5865753171982606,1.0266020566944918,1.524089030618441,2.264311194717844,0
1995-08-30 20:00:00-04:00,918,0.8199166472381649,20,2,0,1.178011135714824,1.5865753171982606,1.0770717497012692,1.524089030618441,0
1995-08-30 20:15:00-04:00,1002,1.0217954192652747,20,2,0,0.9328726268247621,1.178011135714824,1.0266020566944918,1.0770717497012692,0
1995-08-30 20:30:00-04:00,598,0.05085465856346088,20,2,0,1.3342268521643734,0.9328726268247621,1.5865753171982606,1.0266020566944918,0
1995-08-30 20:45:00-04:00,954,0.9064361209640692,20,2,0,1.7836474517961536,1.3342268521643734,1.178011135714824,1.5865753171982606,0
1995-08-30 21:00:00-04:00,828,0.6036179629234044,21,2,0,1.983122905108655,1.7836474517961536,0.9328726268247621,1.178011135714824,0
1995-08-30 21:15:00-04:00,643,0.15900400072084114,21,2,0,1.492845887328531,1.983122905108655,1.3342268521643734,0.9328726268247621,0
1995-08-30 21:30:00-04:00,745,0.4041425096109031,21,2,0,1.7019346154994663,1.492845887328531,1.7836474517961536,1.3342268521643734,0
1995-08-30 21:45:00-04:00,853,0.6637009307886157,21,2,0,1.444779513036362,1.7019346154994663,1.983122905108655,1.7836474517961536,0
1995-08-30 22:00:00-04:00,876,0.71897726122461,22,2,0,1.6298350540612128,1.444779513036362,1.492845887328531,1.983122905108655,0
1995-08-30 22:15:00-04:00,1020,1.0650551561282269,22,2,0,1.6514649224926887,1.6298350540612128,1.7019346154994663,1.492845887328531,0
1995-08-30 22:30:00-04:00,1006,1.0314086941237086,22,2,0,2.281134425720103,1.6514649224926887,1.444779513036362,1.7019346154994663,0
1995-08-30 22:45:00-04:00,958,0.916049395822503,22,2,0,2.0528191478323,2.281134425720103,1.6298350540612128,1.444779513036362,0
1995-08-30 23:00:00-04:00,904,0.7862701852336467,23,2,0,2.4926264726056466,2.0528191478323,1.6514649224926887,1.6298350540612128,0
1995-08-30 23:15:00-04:00,880,0.7285905360830439,23,2,0,2.2042282268526323,2.4926264726056466,2.281134425720103,1.6514649224926887,0
1995-08-30 23:30:00-04:00,798,0.531518401485151,23,2,0,1.930249893387269,2.2042282268526323,2.0528191478323,2.281134425720103,0
1995-08-30 23:45:00-04:00,955,0.9088394396786776,23,2,0,1.8821835190951,1.930249893387269,2.4926264726056466,2.0528191478323,0
1995-08-31 00:00:00-04:00,713,0.3272363107434327,0,3,0,1.6875147032118156,1.8821835190951,2.2042282268526323,2.4926264726056466,0
1995-08-31 00:15:00-04:00,713,0.3272363107434327,0,3,0,1.4736193376116635,1.6875147032118156,1.930249893387269,2.2042282268526323,0
1995-08-31 00:30:00-04:00,567,-0.023648221589401077,0,3,0,2.0480125104030833,1.4736193376116635,1.8821835190951,1.930249893387269,0
1995-08-31 00:45:00-04:00,593,0.03883806499041863,0,3,0,1.4832326124700972,2.0480125104030833,1.6875147032118156,1.8821835190951,0
1995-08-31 01:00:00-04:00,512,-0.15583075089286585,1,3,0,0.8751929776741594,1.4832326124700972,1.4736193376116635,1.6875147032118156,0
1995-08-31 01:15:00-04:00,550,-0.06450463973774473,1,3,0,1.2813538404429874,0.8751929776741594,2.0480125104030833,1.4736193376116635,0
1995-08-31 01:30:00-04:00,402,-0.4201958094997954,1,3,0,1.4543927878947958,1.2813538404429874,1.4832326124700972,2.0480125104030833,0
1995-08-31 01:45:00-04:00,582,0.012401559129725676,1,3,0,0.6180378752110551,1.4543927878947958,0.8751929776741594,1.4832326124700972,0
1995-08-31 02:00:00-04:00,515,-0.1486207947490405,2,3,0,0.24552347444674535,0.6180378752110551,1.2813538404429874,0.8751929776741594,0
1995-08-31 02:15:00-04:00,653,0.18303718786692566,2,3,0,0.3849159598940355,0.24552347444674535,1.4543927878947958,1.2813538404429874,0
1995-08-31 02:30:00-04:00,525,-0.124587607602956,2,3,0,0.3272363107434327,0.3849159598940355,0.6180378752110551,1.4543927878947958,0
1995-08-31 02:45:00-04:00,522,-0.13179756374678134,2,3,0,0.48825866462219886,0.3272363107434327,0.24552347444674535,0.6180378752110551,0
1995-08-31 03:00:00-04:00,422,-0.37212943520762637,3,3,0,0.505081895624458,0.48825866462219886,0.3849159598940355,0.24552347444674535,0
1995-08-31 03:15:00-04:00,529,-0.11497433274452219,3,3,0,0.5867947319211453,0.505081895624458,0.3272363107434327,0.3849159598940355,0
1995-08-31 03:30:00-04:00,508,-0.16544402575129966,3,3,0,0.47143543361993967,0.5867947319211453,0.48825866462219886,0.3272363107434327,0
1995-08-31 03:45:00-04:00,577,0.00038496555668342497,3,3,0,0.8199166472381649,0.47143543361993967,0.505081895624458,0.48825866462219886,0
1995-08-31 04:00:00-04:00,663,0.20707037501301015,4,3,0,1.0217954192652747,0.8199166472381649,0.5867947319211453,0.505081895624458,0
1995-08-31 04:15:00-04:00,449,-0.3072398299131982,4,3,0,0.05085465856346088,1.0217954192652747,0.47143543361993967,0.5867947319211453,0
1995-08-31 04:30:00-04:00,537,-0.09574778302765459,4,3,0,0.9064361209640692,0.05085465856346088,0.8199166472381649,0.47143543361993967,0
1995-08-31 04:45:00-04:00,532,-0.10776437660069683,4,3,0,0.6036179629234044,0.9064361209640692,1.0217954192652747,0.8199166472381649,0
1995-08-31 05:00:00-04:00,420,-0.37693607263684326,5,3,0,0.15900400072084114,0.6036179629234044,0.05085465856346088,1.0217954192652747,0
1995-08-31 05:15:00-04:00,590,0.03162810884659328,5,3,0,0.4041425096109031,0.15900400072084114,0.9064361209640692,0.05085465856346088,0
1995-08-31 05:30:00-04:00,573,-0.009228309301750377,5,3,0,0.6637009307886157,0.4041425096109031,0.6036179629234044,0.9064361209640692,0
1995-08-31 05:45:00-04:00,423,-0.3697261164930179,5,3,0,0.71897726122461,0.6637009307886157,0.15900400072084114,0.6036179629234044,0
1995-08-31 06:00:00-04:00,521,-0.13420088246138978,6,3,0,1.0650551561282269,0.71897726122461,0.4041425096109031,0.15900400072084114,0
1995-08-31 06:15:00-04:00,667,0.21668364987144395,6,3,0,1.0314086941237086,1.0650551561282269,0.6637009307886157,0.4041425096109031,0
1995-08-31 06:30:00-04:00,770,0.4642254774761143,6,3,0,0.916049395822503,1.0314086941237086,0.71897726122461,0.6637009307886157,0
1995-08-31 06:45:00-04:00,744,0.4017391908962946,6,3,0,0.7862701852336467,0.916049395822503,1.0650551561282269,0.71897726122461,0
1995-08-31 07:00:00-04:00,1095,1.2453040597238607,7,3,0,0.7285905360830439,0.7862701852336467,1.0314086941237086,1.0650551561282269,0
1995-08-31 07:15:00-04:00,994,1.0025688695484072,7,3,0,0.531518401485151,0.7285905360830439,0.916049395822503,1.0314086941237086,0
1995-08-31 07:30:00-04:00,1176,1.4399728756071453,7,3,0,0.9088394396786776,0.531518401485151,0.7862701852336467,0.916049395822503,0
1995-08-31 07:45:00-04:00,1292,1.7187578465017255,7,3,0,0.3272363107434327,0.9088394396786776,0.7285905360830439,0.7862701852336467,0
1995-08-31 08:00:00-04:00,1106,1.2717405655845537,8,3,0,0.3272363107434327,0.3272363107434327,0.531518401485151,0.7285905360830439,0
1995-08-31 08:15:00-04:00,1294,1.7235644839309423,8,3,0,-0.023648221589401077,0.3272363107434327,0.9088394396786776,0.531518401485151,0
1995-08-31 08:30:00-04:00,1271,1.6682881534949479,8,3,0,0.03883806499041863,-0.023648221589401077,0.3272363107434327,0.9088394396786776,0
1995-08-31 08:45:00-04:00,1169,1.423149644604886,8,3,0,-0.15583075089286585,0.03883806499041863,0.3272363107434327,0.3272363107434327,0
1995-08-31 09:00:00-04:00,1296,1.7283711213601591,9,3,0,-0.06450463973774473,-0.15583075089286585,-0.023648221589401077,0.3272363107434327,1
1995-08-31 09:15:00-04:00,1510,2.2426813262863674,9,3,0,-0.4201958094997954,-0.06450463973774473,0.03883806499041863,-0.023648221589401077,1
1995-08-31 09:30:00-04:00,1220,1.5457188990499169,9,3,0,0.012401559129725676,-0.4201958094997954,-0.15583075089286585,0.03883806499041863,1
1995-08-31 09:45:00-04:00,1601,2.461383329315737,9,3,0,-0.1486207947490405,0.012401559129725676,-0.06450463973774473,-0.15583075089286585,1
1995-08-31 10:00:00-04:00,1568,2.3820738117336577,10,3,0,0.18303718786692566,-0.1486207947490405,-0.4201958094997954,-0.06450463973774473,1
1995-08-31 10:15:00-04:00,1489,2.19221163327959,10,3,0,-0.124587607602956,0.18303718786692566,0.012401559129725676,-0.4201958094997954,1
1995-08-31 10:30:00-04:00,1650,2.579145946331551,10,3,0,-0.13179756374678134,-0.124587607602956,-0.1486207947490405,0.012401559129725676,1
1995-08-31 10:45:00-04:00,1576,2.401300361450525,10,3,0,-0.37212943520762637,-0.13179756374678134,0.18303718786692566,-0.1486207947490405,1
1995-08-31 11:00:00-04:00,1601,2.461383329315737,11,3,0,-0.11497433274452219,-0.37212943520762637,-0.124587607602956,0.18303718786692566,1
1995-08-31 11:15:00-04:00,1640,2.5551127591854663,11,3,0,-0.16544402575129966,-0.11497433274452219,-0.13179756374678134,-0.124587607602956,1
1995-08-31 11:30:00-04:00,1445,2.0864656098368184,11,3,0,0.00038496555668342497,-0.16544402575129966,-0.37212943520762637,-0.13179756374678134,1
1995-08-31 11:45:00-04:00,1635,2.543096165612424,11,3,0,0.20707037501301015,0.00038496555668342497,-0.11497433274452219,-0.37212943520762637,1
1995-08-31 12:00:00-04:00,1584,2.420526911167393,12,3,0,-0.3072398299131982,0.20707037501301015,-0.16544402575129966,-0.11497433274452219,1
1995-08-31 12:15:00-04:00,1389,1.9518797618187451,12,3,0,-0.09574778302765459,-0.3072398299131982,0.00038496555668342497,-0.16544402575129966,1
1995-08-31 12:30:00-04:00,1183,1.4567961066094044,12,3,0,-0.10776437660069683,-0.09574778302765459,0.20707037501301015,0.00038496555668342497,1
1995-08-31 12:45:00-04:00,1425,2.038399235544649,12,3,0,-0.37693607263684326,-0.10776437660069683,-0.3072398299131982,0.20707037501301015,1
1995-08-31 13:00:00-04:00,1485,2.1825983584211563,13,3,0,0.03162810884659328,-0.37693607263684326,-0.09574778302765459,-0.3072398299131982,1
1995-08-31 13:15:00-04:00,1510,2.2426813262863674,13,3,0,-0.009228309301750377,0.03162810884659328,-0.10776437660069683,-0.09574778302765459,1
1995-08-31 13:30:00-04:00,1514,2.2522946011448015,13,3,0,-0.3697261164930179,-0.009228309301750377,-0.37693607263684326,-0.10776437660069683,1
1995-08-31 13:45:00-04:00,1439,2.0720456975491675,13,3,0,-0.13420088246138978,-0.3697261164930179,0.03162810884659328,-0.37693607263684326,1
1995-08-31 14:00:00-04:00,1480,2.170581764848114,14,3,0,0.21668364987144395,-0.13420088246138978,-0.009228309301750377,0.03162810884659328,1
1995-08-31 14:15:00-04:00,1328,1.8052773202276295,14,3,0,0.4642254774761143,0.21668364987144395,-0.3697261164930179,-0.009228309301750377,1
1995-08-31 14:30:00-04:00,1395,1.9662996741063958,14,3,0,0.4017391908962946,0.4642254774761143,-0.13420088246138978,-0.3697261164930179,1
1995-08-31 14:45:00-04:00,1310,1.7620175833646774,14,3,0,1.2453040597238607,0.4017391908962946,0.21668364987144395,-0.13420088246138978,1
1995-08-31 15:00:00-04:00,1375,1.9182332998142269,15,3,0,1.0025688695484072,1.2453040597238607,0.4642254774761143,0.21668364987144395,1
1995-08-31 15:15:00-04:00,1262,1.646658285063472,15,3,0,1.4399728756071453,1.0025688695484072,0.4017391908962946,0.4642254774761143,1
1995-08-31 15:30:00-04:00,1324,1.7956640453691959,15,3,0,1.7187578465017255,1.4399728756071453,1.2453040597238607,0.4017391908962946,1
1995-08-31 15:45:00-04:00,1455,2.110498796982903,15,3,0,1.2717405655845537,1.7187578465017255,1.0025688695484072,1.2453040597238607,1
1995-08-31 16:00:00-04:00,1389,1.9518797618187451,16,3,0,1.7235644839309423,1.2717405655845537,1.4399728756071453,1.0025688695484072,1
1995-08-31 16:15:00-04:00,393,-0.4418256779312714,16,3,0,1.6682881534949479,1.7235644839309423,1.7187578465017255,1.4399728756071453,1
1995-08-31 16:30:00-04:00,1130,1.3294202147351564,16,3,0,1.423149644604886,1.6682881534949479,1.2717405655845537,1.7187578465017255,1
1995-08-31 16:45:00-04:00,971,0.9472925391124128,16,3,0,1.7283711213601591,1.423149644604886,1.7235644839309423,1.2717405655845537,1
1995-08-31 17:00:00-04:00,783,0.4954686207660242,17,3,0,2.2426813262863674,1.7283711213601591,1.6682881534949479,1.7235644839309423,1
1995-08-31 17:15:00-04:00,1042,1.117928167849613,17,3,0,1.5457188990499169,2.2426813262863674,1.423149644604886,1.6682881534949479,1
1995-08-31 17:30:00-04:00,1024,1.0746684309866608,17,3,0,2.461383329315737,1.5457188990499169,1.7283711213601591,1.423149644604886,1
1995-08-31 17:45:00-04:00,873,0.7117673050807847,17,3,0,2.3820738117336577,2.461383329315737,2.2426813262863674,1.7283711213601591,1
1995-08-31 18:00:00-04:00,867,0.697347392793134,18,3,0,2.19221163327959,2.3820738117336577,1.5457188990499169,2.2426813262863674,0
1995-08-31 18:15:00-04:00,785,0.5002752581952411,18,3,0,2.579145946331551,2.19221163327959,2.461383329315737,1.5457188990499169,0
1995-08-31 18:30:00-04:00,730,0.3680927288917763,18,3,0,2.401300361450525,2.579145946331551,2.3820738117336577,2.461383329315737,0
1995-08-31 18:45:00-04:00,781,0.4906619833368073,18,3,0,2.461383329315737,2.401300361450525,2.19221163327959,2.3820738117336577,0
1995-08-31 19:00:00-04:00,728,0.3632860914625594,19,3,0,2.5551127591854663,2.461383329315737,2.579145946331551,2.19221163327959,0
1995-08-31 19:15:00-04:00,723,0.35126949788951717,19,3,0,2.0864656098368184,2.5551127591854663,2.401300361450525,2.579145946331551,0
1995-08-31 19:30:00-04:00,714,0.3296396294580411,19,3,0,2.543096165612424,2.0864656098368184,2.461383329315737,2.401300361450525,0
1995-08-31 19:45:00-04:00,781,0.4906619833368073,19,3,0,2.420526911167393,2.543096165612424,2.5551127591854663,2.461383329315737,0
1995-08-31 20:00:00-04:00,671,0.22629692472987775,20,3,0,1.9518797618187451,2.420526911167393,2.0864656098368184,2.5551127591854663,0
1995-08-31 20:15:00-04:00,655,0.18784382529614255,20,3,0,1.4567961066094044,1.9518797618187451,2.543096165612424,2.0864656098368184,0
1995-08-31 20:30:00-04:00,660,0.1998604188691848,20,3,0,2.038399235544649,1.4567961066094044,2.420526911167393,2.543096165612424,0
1995-08-31 20:45:00-04:00,751,0.4185624218985538,20,3,0,2.1825983584211563,2.038399235544649,1.9518797618187451,2.420526911167393,0
1995-08-31 21:00:00-04:00,515,-0.1486207947490405,21,3,0,2.2426813262863674,2.1825983584211563,1.4567961066094044,1.9518797618187451,0
1995-08-31 21:15:00-04:00,705,0.3080097610265651,21,3,0,2.2522946011448015,2.2426813262863674,2.038399235544649,1.4567961066094044,0
1995-08-31 21:30:00-04:00,654,0.1854405065815341,21,3,0,2.0720456975491675,2.2522946011448015,2.1825983584211563,2.038399235544649,0
1995-08-31 21:45:00-04:00,589,0.02922479013198483,21,3,0,2.170581764848114,2.0720456975491675,2.2426813262863674,2.1825983584211563,0
1995-08-31 22:00:00-04:00,513,-0.15342743217825738,22,3,0,1.8052773202276295,2.170581764848114,2.2522946011448015,2.2426813262863674,0
1995-08-31 22:15:00-04:00,782,0.49306530205141574,22,3,0,1.9662996741063958,1.8052773202276295,2.0720456975491675,2.2522946011448015,0
1995-08-31 22:30:00-04:00,857,0.6733142056470495,22,3,0,1.7620175833646774,1.9662996741063958,2.170581764848114,2.0720456975491675,0
1995-08-31 22:45:00-04:00,744,0.4017391908962946,22,3,0,1.9182332998142269,1.7620175833646774,1.8052773202276295,2.170581764848114,0
1995-08-31 23:00:00-04:00,662,0.2046670562984017,23,3,0,1.646658285063472,1.9182332998142269,1.9662996741063958,1.8052773202276295,0
1995-08-31 23:15:00-04:00,687,0.264750024163613,23,3,0,1.7956640453691959,1.646658285063472,1.7620175833646774,1.9662996741063958,0
1995-08-31 23:30:00-04:00,666,0.2142803311568355,23,3,0,2.110498796982903,1.7956640453691959,1.9182332998142269,1.7620175833646774,0
1995-08-31 23:45:00-04:00,442,-0.3240630609154574,23,3,0,1.9518797618187451,2.110498796982903,1.646658285063472,1.9182332998142269,0
